frame_id,timestamp_seconds,stage,status,yaw,pitch,roll,face_width_px,detected_hands,errors,image_path,roi_dir
frame_0000000000ms,0.0,coarse,needs_review,-1.252474469726304,-1.9879553920517201,-1.159144647346389,253.5976149854488,0,,C:\Users\mail\work\ikiikimake\outputs\makeup2\auto\frames\frame_0000000000ms.png,C:\Users\mail\work\ikiikimake\outputs\makeup2\auto\rois\frame_0000000000ms
frame_0000005005ms,5.005,coarse,needs_review,-2.9142783152627834,9.507798460873055,-0.40367389625887795,282.7385406775674,0,,C:\Users\mail\work\ikiikimake\outputs\makeup2\auto\frames\frame_0000005005ms.png,C:\Users\mail\work\ikiikimake\outputs\makeup2\auto\rois\frame_0000005005ms
frame_0000010010ms,10.01,coarse,needs_review,-1.223150207630426,13.760911088524079,-1.092388575252235,251.20908989629515,2,,C:\Users\mail\work\ikiikimake\outputs\makeup2\auto\frames\frame_0000010010ms.png,C:\Users\mail\work\ikiikimake\outputs\makeup2\auto\rois\frame_0000010010ms
frame_0000015015ms,15.015,coarse,needs_review,-2.4007216319450833,6.58591223950462,-1.282167165030201,352.59569717221706,1,,C:\Users\mail\work\ikiikimake\outputs\makeup2\auto\frames\frame_0000015015ms.png,C:\Users\mail\work\ikiikimake\outputs\makeup2\auto\rois\frame_0000015015ms
frame_0000019987ms,19.986633333333334,coarse,needs_review,-14.13914505802917,13.025595319749291,-11.498505995345681,253.91678764697886,2,,C:\Users\mail\work\ikiikimake\outputs\makeup2\auto\frames\frame_0000019987ms.png,C:\Users\mail\work\ikiikimake\outputs\makeup2\auto\rois\frame_0000019987ms
frame_0000024992ms,24.991633333333336,coarse,needs_review,-5.957389969441607,-7.728354835107896,-2.4413241186556704,247.56240682293807,2,,C:\Users\mail\work\ikiikimake\outputs\makeup2\auto\frames\frame_0000024992ms.png,C:\Users\mail\work\ikiikimake\outputs\makeup2\auto\rois\frame_0000024992ms
frame_0000029997ms,29.996633333333335,coarse,needs_review,-2.522487434720324,-6.099990641919421,1.1142003861011471,240.44395571742496,0,,C:\Users\mail\work\ikiikimake\outputs\makeup2\auto\frames\frame_0000029997ms.png,C:\Users\mail\work\ikiikimake\outputs\makeup2\auto\rois\frame_0000029997ms
frame_0000035002ms,35.00163333333334,coarse,needs_review,5.762198992110395,12.62330361064232,3.339921127349572,255.6769674860435,0,,C:\Users\mail\work\ikiikimake\outputs\makeup2\auto\frames\frame_0000035002ms.png,C:\Users\mail\work\ikiikimake\outputs\makeup2\auto\rois\frame_0000035002ms
frame_0000040007ms,40.00663333333333,coarse,needs_review,-1.3355770898435229,10.34327060503628,-3.242524121595455,276.8232982936316,0,,C:\Users\mail\work\ikiikimake\outputs\makeup2\auto\frames\frame_0000040007ms.png,C:\Users\mail\work\ikiikimake\outputs\makeup2\auto\rois\frame_0000040007ms
frame_0000045012ms,45.011633333333336,coarse,needs_review,-2.166365757437278,4.874040637209856,0.21072740074198365,257.6340932167903,0,,C:\Users\mail\work\ikiikimake\outputs\makeup2\auto\frames\frame_0000045012ms.png,C:\Users\mail\work\ikiikimake\outputs\makeup2\auto\rois\frame_0000045012ms
frame_0000050017ms,50.01663333333334,coarse,needs_review,-3.8980820205896602,12.992141034274201,-4.243095643568593,252.12815987669384,2,,C:\Users\mail\work\ikiikimake\outputs\makeup2\auto\frames\frame_0000050017ms.png,C:\Users\mail\work\ikiikimake\outputs\makeup2\auto\rois\frame_0000050017ms
frame_0000054988ms,54.98826666666667,coarse,needs_review,-4.258775537521463,-17.295484320205958,0.43171773408536673,256.78901393538194,0,,C:\Users\mail\work\ikiikimake\outputs\makeup2\auto\frames\frame_0000054988ms.png,C:\Users\mail\work\ikiikimake\outputs\makeup2\auto\rois\frame_0000054988ms
frame_0000059993ms,59.99326666666667,coarse,needs_review,-4.853945668380303,0.952234153773791,-2.3478103758749542,223.23849149599667,0,,C:\Users\mail\work\ikiikimake\outputs\makeup2\auto\frames\frame_0000059993ms.png,C:\Users\mail\work\ikiikimake\outputs\makeup2\auto\rois\frame_0000059993ms
frame_0000064998ms,64.99826666666667,coarse,failed,,,,,,"Expected exactly one face passing confidence thresholds, found 0",C:\Users\mail\work\ikiikimake\outputs\makeup2\auto\frames\frame_0000064998ms.png,C:\Users\mail\work\ikiikimake\outputs\makeup2\auto\rois\frame_0000064998ms
frame_0000070003ms,70.00326666666668,coarse,failed,-2.137364221989115,10.516262340718507,2.0505311310551315,395.27646900671493,2,right_cheek: suspected hand occlusion 13.8% (limit 2.0%),C:\Users\mail\work\ikiikimake\outputs\makeup2\auto\frames\frame_0000070003ms.png,C:\Users\mail\work\ikiikimake\outputs\makeup2\auto\rois\frame_0000070003ms
frame_0000075008ms,75.00826666666667,coarse,needs_review,1.767680445972864,8.920016540576302,2.692887765923658,253.5546090757552,1,,C:\Users\mail\work\ikiikimake\outputs\makeup2\auto\frames\frame_0000075008ms.png,C:\Users\mail\work\ikiikimake\outputs\makeup2\auto\rois\frame_0000075008ms
frame_0000079980ms,79.9799,refined,needs_review,-5.716226439588004,0.45291433433184586,-1.818456728454513,261.02272814394195,0,,C:\Users\mail\work\ikiikimake\outputs\makeup2\auto\frames\frame_0000079980ms.png,C:\Users\mail\work\ikiikimake\outputs\makeup2\auto\rois\frame_0000079980ms
frame_0000080013ms,80.01326666666667,coarse,needs_review,-5.981710855716322,2.3664147120518386,-1.615736327413701,259.51981945089733,0,,C:\Users\mail\work\ikiikimake\outputs\makeup2\auto\frames\frame_0000080013ms.png,C:\Users\mail\work\ikiikimake\outputs\makeup2\auto\rois\frame_0000080013ms
frame_0000080981ms,80.9809,refined,needs_review,-5.644408904325651,1.8899608847543634,-0.2474175255244266,259.81516732239925,0,,C:\Users\mail\work\ikiikimake\outputs\makeup2\auto\frames\frame_0000080981ms.png,C:\Users\mail\work\ikiikimake\outputs\makeup2\auto\rois\frame_0000080981ms
frame_0000081982ms,81.98190000000001,refined,failed,-1.1052070665783804,9.193399054102485,-1.0498586558139855,254.83421877370967,2,left_cheek: suspected hand occlusion 62.8% (limit 2.0%); right_cheek: suspected hand occlusion 76.7% (limit 2.0%),C:\Users\mail\work\ikiikimake\outputs\makeup2\auto\frames\frame_0000081982ms.png,C:\Users\mail\work\ikiikimake\outputs\makeup2\auto\rois\frame_0000081982ms
frame_0000082983ms,82.9829,refined,failed,-1.3750923433331286,7.948391437832634,-0.2668340329204873,250.62224603189406,2,left_cheek: suspected hand occlusion 42.1% (limit 2.0%); right_cheek: suspected hand occlusion 75.4% (limit 2.0%),C:\Users\mail\work\ikiikimake\outputs\makeup2\auto\frames\frame_0000082983ms.png,C:\Users\mail\work\ikiikimake\outputs\makeup2\auto\rois\frame_0000082983ms
frame_0000083984ms,83.9839,refined,needs_review,-4.542675499106523,5.005338750466897,1.4753034827884364,264.27307750643115,2,,C:\Users\mail\work\ikiikimake\outputs\makeup2\auto\frames\frame_0000083984ms.png,C:\Users\mail\work\ikiikimake\outputs\makeup2\auto\rois\frame_0000083984ms
frame_0000084985ms,84.98490000000001,coarse,needs_review,-3.784324207705971,-2.891012394243314,-0.5987688475522641,244.96436700188661,2,,C:\Users\mail\work\ikiikimake\outputs\makeup2\auto\frames\frame_0000084985ms.png,C:\Users\mail\work\ikiikimake\outputs\makeup2\auto\rois\frame_0000084985ms
frame_0000085986ms,85.9859,refined,needs_review,10.744094445098636,10.902122895674891,7.395317928742369,255.5786771403851,2,,C:\Users\mail\work\ikiikimake\outputs\makeup2\auto\frames\frame_0000085986ms.png,C:\Users\mail\work\ikiikimake\outputs\makeup2\auto\rois\frame_0000085986ms
frame_0000086987ms,86.9869,refined,needs_review,0.5793911931570286,-0.8692575548396679,2.253482459358489,264.00589683533497,2,,C:\Users\mail\work\ikiikimake\outputs\makeup2\auto\frames\frame_0000086987ms.png,C:\Users\mail\work\ikiikimake\outputs\makeup2\auto\rois\frame_0000086987ms
frame_0000087988ms,87.98790000000001,refined,needs_review,-6.535921537972646,2.608173598615558,-1.1792442150359568,245.61919790353065,2,,C:\Users\mail\work\ikiikimake\outputs\makeup2\auto\frames\frame_0000087988ms.png,C:\Users\mail\work\ikiikimake\outputs\makeup2\auto\rois\frame_0000087988ms
frame_0000088989ms,88.9889,refined,needs_review,-8.839110725347524,7.471058780298952,-2.9980983202052456,250.53256901628424,2,,C:\Users\mail\work\ikiikimake\outputs\makeup2\auto\frames\frame_0000088989ms.png,C:\Users\mail\work\ikiikimake\outputs\makeup2\auto\rois\frame_0000088989ms
frame_0000089990ms,89.9899,coarse,needs_review,-5.805678989445448,12.175625437169385,-2.7339455817641407,252.7886571407857,1,,C:\Users\mail\work\ikiikimake\outputs\makeup2\auto\frames\frame_0000089990ms.png,C:\Users\mail\work\ikiikimake\outputs\makeup2\auto\rois\frame_0000089990ms
frame_0000094995ms,94.9949,coarse,needs_review,-3.2939533355687156,-4.034614051398915,-5.909542964457349,262.2655707277614,0,,C:\Users\mail\work\ikiikimake\outputs\makeup2\auto\frames\frame_0000094995ms.png,C:\Users\mail\work\ikiikimake\outputs\makeup2\auto\rois\frame_0000094995ms
frame_0000100000ms,99.99990000000001,coarse,failed,,,,,,"Expected exactly one face passing confidence thresholds, found 0",C:\Users\mail\work\ikiikimake\outputs\makeup2\auto\frames\frame_0000100000ms.png,C:\Users\mail\work\ikiikimake\outputs\makeup2\auto\rois\frame_0000100000ms
frame_0000105005ms,105.0049,coarse,needs_review,0.7656576499725845,-4.434930112620693,4.671908595040243,242.88872362869222,1,,C:\Users\mail\work\ikiikimake\outputs\makeup2\auto\frames\frame_0000105005ms.png,C:\Users\mail\work\ikiikimake\outputs\makeup2\auto\rois\frame_0000105005ms
frame_0000110010ms,110.0099,coarse,needs_review,-10.310579679028297,3.8474939028600197,1.7455873797604786,261.0602380089486,1,,C:\Users\mail\work\ikiikimake\outputs\makeup2\auto\frames\frame_0000110010ms.png,C:\Users\mail\work\ikiikimake\outputs\makeup2\auto\rois\frame_0000110010ms
frame_0000111011ms,111.0109,refined,needs_review,-8.407253766729744,0.941444468519066,1.5927258667712265,254.44026362020568,1,,C:\Users\mail\work\ikiikimake\outputs\makeup2\auto\frames\frame_0000111011ms.png,C:\Users\mail\work\ikiikimake\outputs\makeup2\auto\rois\frame_0000111011ms
frame_0000112012ms,112.01190000000001,refined,needs_review,-6.382000672506524,4.272758305495106,-7.607863759757571,264.1821371511202,2,,C:\Users\mail\work\ikiikimake\outputs\makeup2\auto\frames\frame_0000112012ms.png,C:\Users\mail\work\ikiikimake\outputs\makeup2\auto\rois\frame_0000112012ms
frame_0000113013ms,113.0129,refined,needs_review,-6.172963817101012,-5.4023445554552145,-2.641657558613157,255.37771042996724,1,,C:\Users\mail\work\ikiikimake\outputs\makeup2\auto\frames\frame_0000113013ms.png,C:\Users\mail\work\ikiikimake\outputs\makeup2\auto\rois\frame_0000113013ms
frame_0000114014ms,114.0139,refined,needs_review,-6.364477392607173,9.881718845207315,-2.3165283559385856,254.40735367350146,1,,C:\Users\mail\work\ikiikimake\outputs\makeup2\auto\frames\frame_0000114014ms.png,C:\Users\mail\work\ikiikimake\outputs\makeup2\auto\rois\frame_0000114014ms
frame_0000114982ms,114.98153333333335,refined,needs_review,-3.0466562964963244,3.5286869475964386,1.8612812555975244,251.01481410731625,0,,C:\Users\mail\work\ikiikimake\outputs\makeup2\auto\frames\frame_0000114982ms.png,C:\Users\mail\work\ikiikimake\outputs\makeup2\auto\rois\frame_0000114982ms
frame_0000115015ms,115.01490000000001,coarse,needs_review,-3.1048532947087613,4.22848100685169,1.4459658350237337,252.09289684610903,0,,C:\Users\mail\work\ikiikimake\outputs\makeup2\auto\frames\frame_0000115015ms.png,C:\Users\mail\work\ikiikimake\outputs\makeup2\auto\rois\frame_0000115015ms
frame_0000115983ms,115.98253333333334,refined,needs_review,-2.710069467350049,-4.273774758196148,0.5270350748594348,250.68258910876602,1,,C:\Users\mail\work\ikiikimake\outputs\makeup2\auto\frames\frame_0000115983ms.png,C:\Users\mail\work\ikiikimake\outputs\makeup2\auto\rois\frame_0000115983ms
frame_0000116016ms,116.0159,refined,needs_review,-2.5709644194092767,-7.036798638460716,0.3890620711419793,248.9889105689748,1,,C:\Users\mail\work\ikiikimake\outputs\makeup2\auto\frames\frame_0000116016ms.png,C:\Users\mail\work\ikiikimake\outputs\makeup2\auto\rois\frame_0000116016ms
frame_0000116984ms,116.98353333333334,refined,needs_review,-2.489727887962511,-3.7342836328747033,1.2389280759040062,254.91900020499577,2,,C:\Users\mail\work\ikiikimake\outputs\makeup2\auto\frames\frame_0000116984ms.png,C:\Users\mail\work\ikiikimake\outputs\makeup2\auto\rois\frame_0000116984ms
frame_0000117017ms,117.0169,refined,needs_review,-2.601992519430195,-3.749396450994666,2.1022716321672097,248.2448439180243,2,,C:\Users\mail\work\ikiikimake\outputs\makeup2\auto\frames\frame_0000117017ms.png,C:\Users\mail\work\ikiikimake\outputs\makeup2\auto\rois\frame_0000117017ms
frame_0000117985ms,117.98453333333335,refined,needs_review,-12.15886672951135,-5.243993370405528,17.88313015713255,240.18879425457638,1,,C:\Users\mail\work\ikiikimake\outputs\makeup2\auto\frames\frame_0000117985ms.png,C:\Users\mail\work\ikiikimake\outputs\makeup2\auto\rois\frame_0000117985ms
frame_0000118018ms,118.01790000000001,refined,needs_review,-11.841791368202873,-4.686997892201763,17.215950513563946,239.83500615538952,2,,C:\Users\mail\work\ikiikimake\outputs\makeup2\auto\frames\frame_0000118018ms.png,C:\Users\mail\work\ikiikimake\outputs\makeup2\auto\rois\frame_0000118018ms
frame_0000118986ms,118.98553333333334,refined,needs_review,-2.54750009692216,0.6567556705196373,0.2277911053230115,273.35090920653374,1,,C:\Users\mail\work\ikiikimake\outputs\makeup2\auto\frames\frame_0000118986ms.png,C:\Users\mail\work\ikiikimake\outputs\makeup2\auto\rois\frame_0000118986ms
frame_0000119019ms,119.0189,refined,needs_review,-2.170434337478446,2.7598903321959827,0.209486157851383,269.839935450818,2,,C:\Users\mail\work\ikiikimake\outputs\makeup2\auto\frames\frame_0000119019ms.png,C:\Users\mail\work\ikiikimake\outputs\makeup2\auto\rois\frame_0000119019ms
frame_0000119987ms,119.98653333333334,coarse,needs_review,-4.973579409773089,-2.310202177591933,3.712595495135051,232.9794045728877,2,,C:\Users\mail\work\ikiikimake\outputs\makeup2\auto\frames\frame_0000119987ms.png,C:\Users\mail\work\ikiikimake\outputs\makeup2\auto\rois\frame_0000119987ms
frame_0000120988ms,120.98753333333335,refined,needs_review,-3.980511384208631,-7.789580357409138,-0.4418503577677167,254.75115936939542,1,,C:\Users\mail\work\ikiikimake\outputs\makeup2\auto\frames\frame_0000120988ms.png,C:\Users\mail\work\ikiikimake\outputs\makeup2\auto\rois\frame_0000120988ms
frame_0000121989ms,121.98853333333334,refined,needs_review,-3.3080782139147686,-7.25875592267265,1.911702638742123,256.3087069965724,1,,C:\Users\mail\work\ikiikimake\outputs\makeup2\auto\frames\frame_0000121989ms.png,C:\Users\mail\work\ikiikimake\outputs\makeup2\auto\rois\frame_0000121989ms
frame_0000122990ms,122.98953333333334,refined,needs_review,1.6480751905590272,15.529192435018947,-1.0468324817802022,251.9629235894127,2,,C:\Users\mail\work\ikiikimake\outputs\makeup2\auto\frames\frame_0000122990ms.png,C:\Users\mail\work\ikiikimake\outputs\makeup2\auto\rois\frame_0000122990ms
frame_0000123991ms,123.99053333333335,refined,needs_review,10.984181336128591,-2.554416433871492,3.6161781891036835,253.42455789435763,1,,C:\Users\mail\work\ikiikimake\outputs\makeup2\auto\frames\frame_0000123991ms.png,C:\Users\mail\work\ikiikimake\outputs\makeup2\auto\rois\frame_0000123991ms
frame_0000124992ms,124.99153333333334,coarse,needs_review,6.242269789621037,-5.3956048328868045,3.1314627265208657,255.07540074522964,2,,C:\Users\mail\work\ikiikimake\outputs\makeup2\auto\frames\frame_0000124992ms.png,C:\Users\mail\work\ikiikimake\outputs\makeup2\auto\rois\frame_0000124992ms
frame_0000129997ms,129.99653333333333,coarse,needs_review,-10.173673195760228,17.514414629810915,-6.180827377049003,255.78478118658705,2,,C:\Users\mail\work\ikiikimake\outputs\makeup2\auto\frames\frame_0000129997ms.png,C:\Users\mail\work\ikiikimake\outputs\makeup2\auto\rois\frame_0000129997ms
frame_0000135002ms,135.00153333333333,coarse,needs_review,0.21318917508347582,12.925307465334186,-3.6512318145821876,349.0320442012537,1,,C:\Users\mail\work\ikiikimake\outputs\makeup2\auto\frames\frame_0000135002ms.png,C:\Users\mail\work\ikiikimake\outputs\makeup2\auto\rois\frame_0000135002ms
frame_0000140007ms,140.00653333333335,coarse,failed,,,,,,"Expected exactly one face passing confidence thresholds, found 0",C:\Users\mail\work\ikiikimake\outputs\makeup2\auto\frames\frame_0000140007ms.png,C:\Users\mail\work\ikiikimake\outputs\makeup2\auto\rois\frame_0000140007ms
frame_0000141008ms,141.00753333333333,refined,needs_review,-15.486331114978304,-2.158846307046561,7.919495886489572,248.62154703928573,1,,C:\Users\mail\work\ikiikimake\outputs\makeup2\auto\frames\frame_0000141008ms.png,C:\Users\mail\work\ikiikimake\outputs\makeup2\auto\rois\frame_0000141008ms
frame_0000142009ms,142.00853333333333,refined,needs_review,-13.377960728787583,2.1494847726212174,4.907359258078243,238.52763399267056,1,,C:\Users\mail\work\ikiikimake\outputs\makeup2\auto\frames\frame_0000142009ms.png,C:\Users\mail\work\ikiikimake\outputs\makeup2\auto\rois\frame_0000142009ms
frame_0000143010ms,143.00953333333334,refined,needs_review,-13.081635900243064,-0.4035101897574339,4.4449377495994575,216.12066644727486,1,,C:\Users\mail\work\ikiikimake\outputs\makeup2\auto\frames\frame_0000143010ms.png,C:\Users\mail\work\ikiikimake\outputs\makeup2\auto\rois\frame_0000143010ms
frame_0000144011ms,144.01053333333334,refined,needs_review,-13.957435008402149,1.89782731471567,4.3877146403246385,203.3127080445,2,,C:\Users\mail\work\ikiikimake\outputs\makeup2\auto\frames\frame_0000144011ms.png,C:\Users\mail\work\ikiikimake\outputs\makeup2\auto\rois\frame_0000144011ms
frame_0000145012ms,145.01153333333335,coarse,needs_review,-7.839048936401192,-1.4551231235739426,1.6453130239762488,264.8996241615108,2,,C:\Users\mail\work\ikiikimake\outputs\makeup2\auto\frames\frame_0000145012ms.png,C:\Users\mail\work\ikiikimake\outputs\makeup2\auto\rois\frame_0000145012ms
frame_0000146013ms,146.01253333333335,refined,needs_review,4.956515007630342,-0.39754486966919395,3.347185139312632,252.91626290535973,2,,C:\Users\mail\work\ikiikimake\outputs\makeup2\auto\frames\frame_0000146013ms.png,C:\Users\mail\work\ikiikimake\outputs\makeup2\auto\rois\frame_0000146013ms
frame_0000147014ms,147.01353333333333,refined,needs_review,5.009036997510876,-5.764210401108525,1.9569984064577524,254.03228939536274,2,,C:\Users\mail\work\ikiikimake\outputs\makeup2\auto\frames\frame_0000147014ms.png,C:\Users\mail\work\ikiikimake\outputs\makeup2\auto\rois\frame_0000147014ms
frame_0000148015ms,148.01453333333333,refined,needs_review,-3.3309237651027748,2.9902052880765595,1.9803691168975992,256.1779335356155,2,,C:\Users\mail\work\ikiikimake\outputs\makeup2\auto\frames\frame_0000148015ms.png,C:\Users\mail\work\ikiikimake\outputs\makeup2\auto\rois\frame_0000148015ms
frame_0000149016ms,149.01553333333334,refined,needs_review,-7.9717498283362,8.943606548369978,2.5852328763607577,253.48416648940437,2,,C:\Users\mail\work\ikiikimake\outputs\makeup2\auto\frames\frame_0000149016ms.png,C:\Users\mail\work\ikiikimake\outputs\makeup2\auto\rois\frame_0000149016ms
frame_0000150017ms,150.01653333333334,coarse,needs_review,-5.002373231773251,-8.300683290756787,2.648227910513854,257.6191116201015,2,,C:\Users\mail\work\ikiikimake\outputs\makeup2\auto\frames\frame_0000150017ms.png,C:\Users\mail\work\ikiikimake\outputs\makeup2\auto\rois\frame_0000150017ms
frame_0000154988ms,154.9881666666667,coarse,needs_review,-1.4740311229830698,-1.0762073270312444,1.0114387815491872,249.79847788346802,1,,C:\Users\mail\work\ikiikimake\outputs\makeup2\auto\frames\frame_0000154988ms.png,C:\Users\mail\work\ikiikimake\outputs\makeup2\auto\rois\frame_0000154988ms
frame_0000159993ms,159.99316666666667,coarse,needs_review,-2.6725172720186667,0.7352500341577793,1.9170619275793372,258.5189470743879,1,,C:\Users\mail\work\ikiikimake\outputs\makeup2\auto\frames\frame_0000159993ms.png,C:\Users\mail\work\ikiikimake\outputs\makeup2\auto\rois\frame_0000159993ms
frame_0000164998ms,164.99816666666666,coarse,needs_review,1.86739021896303,-4.317407268732591,-3.0544041583091848,255.1067395443172,0,,C:\Users\mail\work\ikiikimake\outputs\makeup2\auto\frames\frame_0000164998ms.png,C:\Users\mail\work\ikiikimake\outputs\makeup2\auto\rois\frame_0000164998ms
frame_0000170003ms,170.0031666666667,coarse,needs_review,-1.320731713150916,-0.17524125127285947,4.2246736450160425,255.68741673729718,0,,C:\Users\mail\work\ikiikimake\outputs\makeup2\auto\frames\frame_0000170003ms.png,C:\Users\mail\work\ikiikimake\outputs\makeup2\auto\rois\frame_0000170003ms
frame_0000175008ms,175.00816666666668,coarse,needs_review,-12.670829927264538,8.685573923130137,-1.053003021515437,249.59216013271484,2,,C:\Users\mail\work\ikiikimake\outputs\makeup2\auto\frames\frame_0000175008ms.png,C:\Users\mail\work\ikiikimake\outputs\makeup2\auto\rois\frame_0000175008ms
frame_0000176009ms,176.0091666666667,refined,failed,-6.639603608083693,-6.243740315214879,1.5857480751588189,256.3357797080519,2,left_cheek: suspected hand occlusion 100.0% (limit 2.0%); right_cheek: suspected hand occlusion 85.9% (limit 2.0%),C:\Users\mail\work\ikiikimake\outputs\makeup2\auto\frames\frame_0000176009ms.png,C:\Users\mail\work\ikiikimake\outputs\makeup2\auto\rois\frame_0000176009ms
frame_0000177010ms,177.01016666666666,refined,needs_review,2.5966006877720265,-1.828532445816652,-3.6834132269979154,409.2049907164885,0,,C:\Users\mail\work\ikiikimake\outputs\makeup2\auto\frames\frame_0000177010ms.png,C:\Users\mail\work\ikiikimake\outputs\makeup2\auto\rois\frame_0000177010ms
frame_0000178011ms,178.01116666666667,refined,needs_review,-3.596299363221754,0.6842839808107362,-0.32281265644853574,242.09431395106174,2,,C:\Users\mail\work\ikiikimake\outputs\makeup2\auto\frames\frame_0000178011ms.png,C:\Users\mail\work\ikiikimake\outputs\makeup2\auto\rois\frame_0000178011ms
frame_0000179012ms,179.01216666666667,refined,needs_review,-2.7888032901193527,6.79789645096306,0.47232622233506866,243.26922266773136,2,,C:\Users\mail\work\ikiikimake\outputs\makeup2\auto\frames\frame_0000179012ms.png,C:\Users\mail\work\ikiikimake\outputs\makeup2\auto\rois\frame_0000179012ms
frame_0000180013ms,180.01316666666668,coarse,needs_review,-1.5450637719644582,7.301740452076975,0.3271352032623488,257.2710368550453,2,,C:\Users\mail\work\ikiikimake\outputs\makeup2\auto\frames\frame_0000180013ms.png,C:\Users\mail\work\ikiikimake\outputs\makeup2\auto\rois\frame_0000180013ms
frame_0000181014ms,181.01416666666668,refined,needs_review,-0.6652941996969302,10.345877371943768,-0.18754635015854887,258.8975689782396,2,,C:\Users\mail\work\ikiikimake\outputs\makeup2\auto\frames\frame_0000181014ms.png,C:\Users\mail\work\ikiikimake\outputs\makeup2\auto\rois\frame_0000181014ms
frame_0000182015ms,182.0151666666667,refined,needs_review,-7.150460617596624,-9.356617358628174,10.078849249488828,255.13468323756152,1,,C:\Users\mail\work\ikiikimake\outputs\makeup2\auto\frames\frame_0000182015ms.png,C:\Users\mail\work\ikiikimake\outputs\makeup2\auto\rois\frame_0000182015ms
frame_0000183016ms,183.01616666666666,refined,needs_review,1.221969515822094,7.88401056793135,13.249684540636169,261.7442757026037,2,,C:\Users\mail\work\ikiikimake\outputs\makeup2\auto\frames\frame_0000183016ms.png,C:\Users\mail\work\ikiikimake\outputs\makeup2\auto\rois\frame_0000183016ms
frame_0000184017ms,184.01716666666667,refined,needs_review,-1.6031494005330027,-11.012155659643453,5.4247904693791344,259.5101937401956,1,,C:\Users\mail\work\ikiikimake\outputs\makeup2\auto\frames\frame_0000184017ms.png,C:\Users\mail\work\ikiikimake\outputs\makeup2\auto\rois\frame_0000184017ms
frame_0000184985ms,184.9848,coarse,needs_review,-0.7610862431441863,1.3308201184918167,1.125364166287806,261.2657723651651,1,,C:\Users\mail\work\ikiikimake\outputs\makeup2\auto\frames\frame_0000184985ms.png,C:\Users\mail\work\ikiikimake\outputs\makeup2\auto\rois\frame_0000184985ms
frame_0000189990ms,189.9898,coarse,needs_review,-4.583123904282695,2.7322193298497237,0.39181848827713295,274.8012542891598,1,,C:\Users\mail\work\ikiikimake\outputs\makeup2\auto\frames\frame_0000189990ms.png,C:\Users\mail\work\ikiikimake\outputs\makeup2\auto\rois\frame_0000189990ms
frame_0000194995ms,194.9948,coarse,needs_review,-2.2132927025956057,-0.2971048574258163,-9.413678773459026,259.0769882992793,1,,C:\Users\mail\work\ikiikimake\outputs\makeup2\auto\frames\frame_0000194995ms.png,C:\Users\mail\work\ikiikimake\outputs\makeup2\auto\rois\frame_0000194995ms
frame_0000200000ms,199.99980000000002,coarse,needs_review,-4.3994170700439765,3.2988735490032854,-1.5126418531256187,254.1424593110959,2,,C:\Users\mail\work\ikiikimake\outputs\makeup2\auto\frames\frame_0000200000ms.png,C:\Users\mail\work\ikiikimake\outputs\makeup2\auto\rois\frame_0000200000ms
frame_0000205005ms,205.00480000000002,coarse,failed,30.951566836664245,4.748797590975947,2.407794342839552,523.2367184859385,0,face yaw too large: 31.0 deg (limit 25),C:\Users\mail\work\ikiikimake\outputs\makeup2\auto\frames\frame_0000205005ms.png,C:\Users\mail\work\ikiikimake\outputs\makeup2\auto\rois\frame_0000205005ms
frame_0000210010ms,210.0098,coarse,failed,27.980394695659133,-0.5251886914066146,3.2074027796479454,555.470009581155,1,face yaw too large: 28.0 deg (limit 25),C:\Users\mail\work\ikiikimake\outputs\makeup2\auto\frames\frame_0000210010ms.png,C:\Users\mail\work\ikiikimake\outputs\makeup2\auto\rois\frame_0000210010ms
frame_0000215015ms,215.0148,coarse,failed,10.964080975191143,2.148985919953946,0.5056239819205892,274.3641407201546,2,left_cheek: suspected hand occlusion 77.9% (limit 2.0%),C:\Users\mail\work\ikiikimake\outputs\makeup2\auto\frames\frame_0000215015ms.png,C:\Users\mail\work\ikiikimake\outputs\makeup2\auto\rois\frame_0000215015ms
frame_0000219986ms,219.98643333333334,coarse,failed,11.529334246726197,1.7758600615398445,0.6053106366181359,245.58494566180252,2,left_cheek: suspected hand occlusion 54.7% (limit 2.0%); forehead: suspected hand occlusion 38.5% (limit 2.0%),C:\Users\mail\work\ikiikimake\outputs\makeup2\auto\frames\frame_0000219986ms.png,C:\Users\mail\work\ikiikimake\outputs\makeup2\auto\rois\frame_0000219986ms
frame_0000224991ms,224.99143333333333,coarse,failed,10.760706365910245,2.47984003561857,2.823314100817209,431.7670004303946,1,left_cheek: suspected hand occlusion 25.0% (limit 2.0%),C:\Users\mail\work\ikiikimake\outputs\makeup2\auto\frames\frame_0000224991ms.png,C:\Users\mail\work\ikiikimake\outputs\makeup2\auto\rois\frame_0000224991ms
frame_0000229996ms,229.99643333333336,coarse,failed,13.275212470169738,5.32421530582923,4.220145808816927,628.9586742465939,2,left_cheek: suspected hand occlusion 96.6% (limit 2.0%); right_cheek: suspected hand occlusion 90.5% (limit 2.0%),C:\Users\mail\work\ikiikimake\outputs\makeup2\auto\frames\frame_0000229996ms.png,C:\Users\mail\work\ikiikimake\outputs\makeup2\auto\rois\frame_0000229996ms
frame_0000235001ms,235.00143333333335,coarse,needs_review,0.2820968960274526,-6.14078615616961,-1.7931180526682764,260.44276912309147,2,,C:\Users\mail\work\ikiikimake\outputs\makeup2\auto\frames\frame_0000235001ms.png,C:\Users\mail\work\ikiikimake\outputs\makeup2\auto\rois\frame_0000235001ms
frame_0000240006ms,240.00643333333335,coarse,failed,-4.141070626164979,5.818671791556521,0.7613161258890858,245.30440664184323,2,left_cheek: suspected hand occlusion 100.0% (limit 2.0%); right_cheek: suspected hand occlusion 100.0% (limit 2.0%),C:\Users\mail\work\ikiikimake\outputs\makeup2\auto\frames\frame_0000240006ms.png,C:\Users\mail\work\ikiikimake\outputs\makeup2\auto\rois\frame_0000240006ms
frame_0000245011ms,245.01143333333334,coarse,needs_review,-5.162528547065083,10.338091666377228,-2.192585342807662,286.7169993093178,0,,C:\Users\mail\work\ikiikimake\outputs\makeup2\auto\frames\frame_0000245011ms.png,C:\Users\mail\work\ikiikimake\outputs\makeup2\auto\rois\frame_0000245011ms
frame_0000250016ms,250.01643333333334,coarse,needs_review,-3.1209934141565645,-2.412897297851316,-1.862173329219855,254.35255706328124,1,,C:\Users\mail\work\ikiikimake\outputs\makeup2\auto\frames\frame_0000250016ms.png,C:\Users\mail\work\ikiikimake\outputs\makeup2\auto\rois\frame_0000250016ms
frame_0000254988ms,254.98806666666667,coarse,needs_review,-6.745725247394352,2.955740621560662,0.979398932088806,258.4603587529615,0,,C:\Users\mail\work\ikiikimake\outputs\makeup2\auto\frames\frame_0000254988ms.png,C:\Users\mail\work\ikiikimake\outputs\makeup2\auto\rois\frame_0000254988ms
frame_0000259993ms,259.99306666666666,coarse,failed,-11.865878442008544,5.181487887731284,11.746017067241697,255.57766463511064,2,left_cheek: suspected hand occlusion 98.3% (limit 2.0%); right_cheek: suspected hand occlusion 65.7% (limit 2.0%),C:\Users\mail\work\ikiikimake\outputs\makeup2\auto\frames\frame_0000259993ms.png,C:\Users\mail\work\ikiikimake\outputs\makeup2\auto\rois\frame_0000259993ms
frame_0000264998ms,264.99806666666666,coarse,needs_review,-3.3733988958299523,-3.8536201174313107,0.8193012831696889,271.76136260896857,2,,C:\Users\mail\work\ikiikimake\outputs\makeup2\auto\frames\frame_0000264998ms.png,C:\Users\mail\work\ikiikimake\outputs\makeup2\auto\rois\frame_0000264998ms
frame_0000270003ms,270.00306666666665,coarse,needs_review,-21.879233301263074,3.658035234675238,2.3096943864207184,245.81031184847134,1,,C:\Users\mail\work\ikiikimake\outputs\makeup2\auto\frames\frame_0000270003ms.png,C:\Users\mail\work\ikiikimake\outputs\makeup2\auto\rois\frame_0000270003ms
frame_0000275008ms,275.0080666666667,coarse,needs_review,-12.973461712788707,-1.9476882442268386,6.02162252058969,256.10835329289,0,,C:\Users\mail\work\ikiikimake\outputs\makeup2\auto\frames\frame_0000275008ms.png,C:\Users\mail\work\ikiikimake\outputs\makeup2\auto\rois\frame_0000275008ms
frame_0000280013ms,280.0130666666667,coarse,needs_review,-16.03868695460666,1.5225640264570828,0.3112654291280503,254.03712314930155,0,,C:\Users\mail\work\ikiikimake\outputs\makeup2\auto\frames\frame_0000280013ms.png,C:\Users\mail\work\ikiikimake\outputs\makeup2\auto\rois\frame_0000280013ms
frame_0000284985ms,284.98470000000003,coarse,needs_review,-10.72661114656239,-11.394385881143647,0.6725536421482406,257.12043298433997,1,,C:\Users\mail\work\ikiikimake\outputs\makeup2\auto\frames\frame_0000284985ms.png,C:\Users\mail\work\ikiikimake\outputs\makeup2\auto\rois\frame_0000284985ms
frame_0000289990ms,289.9897,coarse,failed,,,,,,"Expected exactly one face passing confidence thresholds, found 0",C:\Users\mail\work\ikiikimake\outputs\makeup2\auto\frames\frame_0000289990ms.png,C:\Users\mail\work\ikiikimake\outputs\makeup2\auto\rois\frame_0000289990ms
frame_0000294995ms,294.9947,coarse,needs_review,-14.059617220318502,-7.2317203402033,-2.029113077386132,250.2527225102987,2,,C:\Users\mail\work\ikiikimake\outputs\makeup2\auto\frames\frame_0000294995ms.png,C:\Users\mail\work\ikiikimake\outputs\makeup2\auto\rois\frame_0000294995ms
frame_0000300000ms,299.9997,coarse,needs_review,17.024915956559873,-2.526286632475421,4.640031201866226,255.27120064052292,3,,C:\Users\mail\work\ikiikimake\outputs\makeup2\auto\frames\frame_0000300000ms.png,C:\Users\mail\work\ikiikimake\outputs\makeup2\auto\rois\frame_0000300000ms
frame_0000305005ms,305.0047,coarse,needs_review,-10.860593629885958,7.857613959614045,4.025040920344666,259.3060250924588,3,,C:\Users\mail\work\ikiikimake\outputs\makeup2\auto\frames\frame_0000305005ms.png,C:\Users\mail\work\ikiikimake\outputs\makeup2\auto\rois\frame_0000305005ms
frame_0000310010ms,310.0097,coarse,needs_review,-2.4790527081067038,-3.4245933845560392,-5.122219483787438,256.2535728136484,2,,C:\Users\mail\work\ikiikimake\outputs\makeup2\auto\frames\frame_0000310010ms.png,C:\Users\mail\work\ikiikimake\outputs\makeup2\auto\rois\frame_0000310010ms
frame_0000315015ms,315.0147,coarse,needs_review,-7.67172460270336,7.690035156407455,-0.3659998453566926,269.5845896288592,2,,C:\Users\mail\work\ikiikimake\outputs\makeup2\auto\frames\frame_0000315015ms.png,C:\Users\mail\work\ikiikimake\outputs\makeup2\auto\rois\frame_0000315015ms
frame_0000319986ms,319.98633333333333,coarse,needs_review,-1.8932439415927957,4.218038301356413,-0.2421390281820088,264.534716643639,2,,C:\Users\mail\work\ikiikimake\outputs\makeup2\auto\frames\frame_0000319986ms.png,C:\Users\mail\work\ikiikimake\outputs\makeup2\auto\rois\frame_0000319986ms
frame_0000324991ms,324.99133333333333,coarse,needs_review,-8.761288419504782,12.69626984588051,-1.9640488967238505,271.5291594570001,0,,C:\Users\mail\work\ikiikimake\outputs\makeup2\auto\frames\frame_0000324991ms.png,C:\Users\mail\work\ikiikimake\outputs\makeup2\auto\rois\frame_0000324991ms
frame_0000329996ms,329.9963333333333,coarse,needs_review,-3.278928205462719,4.574746553177745,-2.3291272960391427,383.64954657923175,1,,C:\Users\mail\work\ikiikimake\outputs\makeup2\auto\frames\frame_0000329996ms.png,C:\Users\mail\work\ikiikimake\outputs\makeup2\auto\rois\frame_0000329996ms
frame_0000335001ms,335.0013333333334,coarse,needs_review,-2.6035789628843737,0.5549385218223587,3.375917067546033,265.32988818809207,2,,C:\Users\mail\work\ikiikimake\outputs\makeup2\auto\frames\frame_0000335001ms.png,C:\Users\mail\work\ikiikimake\outputs\makeup2\auto\rois\frame_0000335001ms
frame_0000340006ms,340.0063333333334,coarse,failed,,,,,,"Expected exactly one face passing confidence thresholds, found 0",C:\Users\mail\work\ikiikimake\outputs\makeup2\auto\frames\frame_0000340006ms.png,C:\Users\mail\work\ikiikimake\outputs\makeup2\auto\rois\frame_0000340006ms
frame_0000345011ms,345.01133333333337,coarse,failed,30.180848570627685,14.802002237659629,12.535621256737686,234.77330361445362,1,face yaw too large: 30.2 deg (limit 25),C:\Users\mail\work\ikiikimake\outputs\makeup2\auto\frames\frame_0000345011ms.png,C:\Users\mail\work\ikiikimake\outputs\makeup2\auto\rois\frame_0000345011ms
frame_0000350016ms,350.01633333333336,coarse,needs_review,-10.376946763601538,-19.143502682848492,-1.115371238309467,260.7989153477321,2,,C:\Users\mail\work\ikiikimake\outputs\makeup2\auto\frames\frame_0000350016ms.png,C:\Users\mail\work\ikiikimake\outputs\makeup2\auto\rois\frame_0000350016ms
frame_0000354988ms,354.9879666666667,coarse,needs_review,1.522649252967268,4.4107374741356935,1.908338329033145,273.4029184339385,2,,C:\Users\mail\work\ikiikimake\outputs\makeup2\auto\frames\frame_0000354988ms.png,C:\Users\mail\work\ikiikimake\outputs\makeup2\auto\rois\frame_0000354988ms
frame_0000359993ms,359.9929666666667,coarse,failed,-4.074117323939028,27.130273853502977,2.6423125771574063,261.85386790646186,0,face pitch too large: 27.1 deg (limit 25),C:\Users\mail\work\ikiikimake\outputs\makeup2\auto\frames\frame_0000359993ms.png,C:\Users\mail\work\ikiikimake\outputs\makeup2\auto\rois\frame_0000359993ms
frame_0000364998ms,364.9979666666667,coarse,failed,,,,,,"Expected exactly one face passing confidence thresholds, found 0",C:\Users\mail\work\ikiikimake\outputs\makeup2\auto\frames\frame_0000364998ms.png,C:\Users\mail\work\ikiikimake\outputs\makeup2\auto\rois\frame_0000364998ms
frame_0000370003ms,370.0029666666667,coarse,needs_review,-5.005083987098286,-11.225231938943315,0.5393721751007151,253.67726410134645,0,,C:\Users\mail\work\ikiikimake\outputs\makeup2\auto\frames\frame_0000370003ms.png,C:\Users\mail\work\ikiikimake\outputs\makeup2\auto\rois\frame_0000370003ms
frame_0000375008ms,375.0079666666667,coarse,needs_review,-10.013829803744134,0.054571571733391555,0.2349484833720538,258.86868435930967,2,,C:\Users\mail\work\ikiikimake\outputs\makeup2\auto\frames\frame_0000375008ms.png,C:\Users\mail\work\ikiikimake\outputs\makeup2\auto\rois\frame_0000375008ms
frame_0000380013ms,380.01296666666667,coarse,needs_review,-17.31102517238075,-1.1573388298946186,-2.01692141460194,261.0737586596853,0,,C:\Users\mail\work\ikiikimake\outputs\makeup2\auto\frames\frame_0000380013ms.png,C:\Users\mail\work\ikiikimake\outputs\makeup2\auto\rois\frame_0000380013ms
frame_0000384985ms,384.9846,coarse,needs_review,-8.164866827256745,7.5049998608689,-2.3926384033962345,266.1294058352801,1,,C:\Users\mail\work\ikiikimake\outputs\makeup2\auto\frames\frame_0000384985ms.png,C:\Users\mail\work\ikiikimake\outputs\makeup2\auto\rois\frame_0000384985ms
frame_0000389990ms,389.9896,coarse,needs_review,-12.923890261257474,-1.9756796959177267,2.7879270823692717,265.6108265771233,1,,C:\Users\mail\work\ikiikimake\outputs\makeup2\auto\frames\frame_0000389990ms.png,C:\Users\mail\work\ikiikimake\outputs\makeup2\auto\rois\frame_0000389990ms
frame_0000394995ms,394.9946,coarse,needs_review,-8.683615383558116,2.877959678445835,2.489121649022244,255.953004648959,3,,C:\Users\mail\work\ikiikimake\outputs\makeup2\auto\frames\frame_0000394995ms.png,C:\Users\mail\work\ikiikimake\outputs\makeup2\auto\rois\frame_0000394995ms
frame_0000400000ms,399.99960000000004,coarse,needs_review,11.465568555868957,-1.1810362533777539,1.4015483922264889,256.4090766888586,2,,C:\Users\mail\work\ikiikimake\outputs\makeup2\auto\frames\frame_0000400000ms.png,C:\Users\mail\work\ikiikimake\outputs\makeup2\auto\rois\frame_0000400000ms
frame_0000405005ms,405.00460000000004,coarse,needs_review,5.149553921422195,18.758720471992472,0.19273479571915828,251.61385420766788,2,,C:\Users\mail\work\ikiikimake\outputs\makeup2\auto\frames\frame_0000405005ms.png,C:\Users\mail\work\ikiikimake\outputs\makeup2\auto\rois\frame_0000405005ms
frame_0000410010ms,410.00960000000003,coarse,needs_review,-8.990179330658577,-6.569026857135724,2.9940806557995385,378.72340995472985,1,,C:\Users\mail\work\ikiikimake\outputs\makeup2\auto\frames\frame_0000410010ms.png,C:\Users\mail\work\ikiikimake\outputs\makeup2\auto\rois\frame_0000410010ms
frame_0000415015ms,415.01460000000003,coarse,needs_review,13.486713225785195,3.2373496766232908,1.2572168571776374,265.48275229858575,1,,C:\Users\mail\work\ikiikimake\outputs\makeup2\auto\frames\frame_0000415015ms.png,C:\Users\mail\work\ikiikimake\outputs\makeup2\auto\rois\frame_0000415015ms
frame_0000419986ms,419.98623333333336,coarse,needs_review,-5.106726919237951,7.191111139971252,0.37041963277370715,265.8920499690072,2,,C:\Users\mail\work\ikiikimake\outputs\makeup2\auto\frames\frame_0000419986ms.png,C:\Users\mail\work\ikiikimake\outputs\makeup2\auto\rois\frame_0000419986ms
frame_0000424991ms,424.99123333333335,coarse,needs_review,-6.996167194649525,3.6248785125522462,5.111851228649635,262.5314213240187,1,,C:\Users\mail\work\ikiikimake\outputs\makeup2\auto\frames\frame_0000424991ms.png,C:\Users\mail\work\ikiikimake\outputs\makeup2\auto\rois\frame_0000424991ms
frame_0000429996ms,429.99623333333335,coarse,needs_review,-10.479202853638371,2.014283254450471,5.10676778730158,266.44028817480057,2,,C:\Users\mail\work\ikiikimake\outputs\makeup2\auto\frames\frame_0000429996ms.png,C:\Users\mail\work\ikiikimake\outputs\makeup2\auto\rois\frame_0000429996ms
frame_0000435001ms,435.00123333333335,coarse,needs_review,-0.417329251134036,4.029572959750922,-0.6451938849909281,265.4652081658928,1,,C:\Users\mail\work\ikiikimake\outputs\makeup2\auto\frames\frame_0000435001ms.png,C:\Users\mail\work\ikiikimake\outputs\makeup2\auto\rois\frame_0000435001ms
frame_0000440006ms,440.00623333333334,coarse,needs_review,-0.10309528139485499,-10.410200836495456,1.832590962430521,267.80690070174137,1,,C:\Users\mail\work\ikiikimake\outputs\makeup2\auto\frames\frame_0000440006ms.png,C:\Users\mail\work\ikiikimake\outputs\makeup2\auto\rois\frame_0000440006ms
frame_0000445011ms,445.01123333333334,coarse,failed,33.11871644410819,0.24492317636592714,-3.6074097473245095,491.39918871197665,1,face yaw too large: 33.1 deg (limit 25),C:\Users\mail\work\ikiikimake\outputs\makeup2\auto\frames\frame_0000445011ms.png,C:\Users\mail\work\ikiikimake\outputs\makeup2\auto\rois\frame_0000445011ms
frame_0000450016ms,450.01623333333333,coarse,failed,18.328233924406383,4.322627003699867,1.1744892999632408,242.29468201695585,2,left_cheek: suspected hand occlusion 23.5% (limit 2.0%),C:\Users\mail\work\ikiikimake\outputs\makeup2\auto\frames\frame_0000450016ms.png,C:\Users\mail\work\ikiikimake\outputs\makeup2\auto\rois\frame_0000450016ms
frame_0000454988ms,454.98786666666666,coarse,needs_review,-2.4780596227433644,9.026591452839298,2.0667714356932363,874.3506812929846,0,,C:\Users\mail\work\ikiikimake\outputs\makeup2\auto\frames\frame_0000454988ms.png,C:\Users\mail\work\ikiikimake\outputs\makeup2\auto\rois\frame_0000454988ms
frame_0000459993ms,459.9928666666667,coarse,needs_review,-7.706102266733829,3.484053421294278,0.5275917176891523,264.8212048126726,0,,C:\Users\mail\work\ikiikimake\outputs\makeup2\auto\frames\frame_0000459993ms.png,C:\Users\mail\work\ikiikimake\outputs\makeup2\auto\rois\frame_0000459993ms
frame_0000464998ms,464.9978666666667,coarse,needs_review,4.595260960050659,-2.827799859479494,1.2828815099154565,663.3490417398557,0,,C:\Users\mail\work\ikiikimake\outputs\makeup2\auto\frames\frame_0000464998ms.png,C:\Users\mail\work\ikiikimake\outputs\makeup2\auto\rois\frame_0000464998ms
frame_0000470003ms,470.0028666666667,coarse,needs_review,-4.158133063636923,2.629071831742013,-2.576076008759126,262.54837041762283,2,,C:\Users\mail\work\ikiikimake\outputs\makeup2\auto\frames\frame_0000470003ms.png,C:\Users\mail\work\ikiikimake\outputs\makeup2\auto\rois\frame_0000470003ms
frame_0000475008ms,475.0078666666667,coarse,needs_review,-4.552529091282022,2.0230817464606243,0.8494850137871742,381.21426349735754,0,,C:\Users\mail\work\ikiikimake\outputs\makeup2\auto\frames\frame_0000475008ms.png,C:\Users\mail\work\ikiikimake\outputs\makeup2\auto\rois\frame_0000475008ms
frame_0000480013ms,480.0128666666667,coarse,needs_review,3.786941539762605,13.43960578225369,0.022923430309257472,252.9987555609362,1,,C:\Users\mail\work\ikiikimake\outputs\makeup2\auto\frames\frame_0000480013ms.png,C:\Users\mail\work\ikiikimake\outputs\makeup2\auto\rois\frame_0000480013ms
frame_0000484984ms,484.9845,coarse,needs_review,-7.976320518861989,9.2452652321206,5.5042303383731825,249.27404676483224,1,,C:\Users\mail\work\ikiikimake\outputs\makeup2\auto\frames\frame_0000484984ms.png,C:\Users\mail\work\ikiikimake\outputs\makeup2\auto\rois\frame_0000484984ms
frame_0000489990ms,489.9895,coarse,failed,31.072628727553617,-3.9865159485318045,-5.853730960798769,474.55598139336973,1,face yaw too large: 31.1 deg (limit 25),C:\Users\mail\work\ikiikimake\outputs\makeup2\auto\frames\frame_0000489990ms.png,C:\Users\mail\work\ikiikimake\outputs\makeup2\auto\rois\frame_0000489990ms
frame_0000494994ms,494.9945,coarse,needs_review,6.062116254336769,-0.7525981649352372,-13.181289455192378,560.9686883820368,0,,C:\Users\mail\work\ikiikimake\outputs\makeup2\auto\frames\frame_0000494994ms.png,C:\Users\mail\work\ikiikimake\outputs\makeup2\auto\rois\frame_0000494994ms
frame_0000500000ms,499.9995,coarse,failed,-12.861786710581697,4.160707876293299,-12.618684243458386,234.24033631156064,1,right_cheek: suspected hand occlusion 20.6% (limit 2.0%),C:\Users\mail\work\ikiikimake\outputs\makeup2\auto\frames\frame_0000500000ms.png,C:\Users\mail\work\ikiikimake\outputs\makeup2\auto\rois\frame_0000500000ms
frame_0000505004ms,505.0045,coarse,needs_review,-1.5423113940867672,12.084892486960948,0.928846455552341,544.2124359607783,0,,C:\Users\mail\work\ikiikimake\outputs\makeup2\auto\frames\frame_0000505004ms.png,C:\Users\mail\work\ikiikimake\outputs\makeup2\auto\rois\frame_0000505004ms
frame_0000510010ms,510.0095,coarse,needs_review,-2.1740780497936787,15.239022855665844,-0.7744175319984331,257.65166633803824,0,,C:\Users\mail\work\ikiikimake\outputs\makeup2\auto\frames\frame_0000510010ms.png,C:\Users\mail\work\ikiikimake\outputs\makeup2\auto\rois\frame_0000510010ms
frame_0000515014ms,515.0145,coarse,needs_review,-2.0355681417702662,-4.18670972088043,0.9716722044037833,262.56358526606545,1,,C:\Users\mail\work\ikiikimake\outputs\makeup2\auto\frames\frame_0000515014ms.png,C:\Users\mail\work\ikiikimake\outputs\makeup2\auto\rois\frame_0000515014ms
frame_0000519986ms,519.9861333333333,coarse,needs_review,-11.81985830551096,4.484422349137864,-1.6462878115172455,249.41664020544658,0,,C:\Users\mail\work\ikiikimake\outputs\makeup2\auto\frames\frame_0000519986ms.png,C:\Users\mail\work\ikiikimake\outputs\makeup2\auto\rois\frame_0000519986ms
frame_0000524991ms,524.9911333333333,coarse,failed,-7.836410257780013,16.94145723368672,-6.54651977584272,531.0187684913658,1,left_cheek: suspected hand occlusion 46.1% (limit 2.0%),C:\Users\mail\work\ikiikimake\outputs\makeup2\auto\frames\frame_0000524991ms.png,C:\Users\mail\work\ikiikimake\outputs\makeup2\auto\rois\frame_0000524991ms
frame_0000529996ms,529.9961333333333,coarse,needs_review,23.399961792018615,-2.1500576107430263,2.3908760083584184,209.27315952898252,2,,C:\Users\mail\work\ikiikimake\outputs\makeup2\auto\frames\frame_0000529996ms.png,C:\Users\mail\work\ikiikimake\outputs\makeup2\auto\rois\frame_0000529996ms
frame_0000535001ms,535.0011333333333,coarse,needs_review,22.569312940466595,-0.9207791256779511,-0.8714380399757343,221.22476202383808,2,,C:\Users\mail\work\ikiikimake\outputs\makeup2\auto\frames\frame_0000535001ms.png,C:\Users\mail\work\ikiikimake\outputs\makeup2\auto\rois\frame_0000535001ms
frame_0000540006ms,540.0061333333333,coarse,needs_review,-13.729146685476653,15.551801155529349,-19.92182776681741,231.17877479002928,2,,C:\Users\mail\work\ikiikimake\outputs\makeup2\auto\frames\frame_0000540006ms.png,C:\Users\mail\work\ikiikimake\outputs\makeup2\auto\rois\frame_0000540006ms
frame_0000545011ms,545.0111333333333,coarse,needs_review,16.34632613378367,9.82626602362691,0.7575117502709329,356.6961724109067,0,,C:\Users\mail\work\ikiikimake\outputs\makeup2\auto\frames\frame_0000545011ms.png,C:\Users\mail\work\ikiikimake\outputs\makeup2\auto\rois\frame_0000545011ms
frame_0000550016ms,550.0161333333334,coarse,needs_review,-17.03346200580931,-3.3863349773283,0.7603195707214293,237.25018905003466,1,,C:\Users\mail\work\ikiikimake\outputs\makeup2\auto\frames\frame_0000550016ms.png,C:\Users\mail\work\ikiikimake\outputs\makeup2\auto\rois\frame_0000550016ms
frame_0000554988ms,554.9877666666667,coarse,failed,-10.004582399616819,7.588091309956274,-4.704864211854339,239.92217939080365,2,right_cheek: suspected hand occlusion 43.3% (limit 2.0%),C:\Users\mail\work\ikiikimake\outputs\makeup2\auto\frames\frame_0000554988ms.png,C:\Users\mail\work\ikiikimake\outputs\makeup2\auto\rois\frame_0000554988ms
frame_0000559993ms,559.9927666666667,coarse,needs_review,-6.548463524886178,1.8296334629953768,-0.8858377567403306,250.4435737318391,0,,C:\Users\mail\work\ikiikimake\outputs\makeup2\auto\frames\frame_0000559993ms.png,C:\Users\mail\work\ikiikimake\outputs\makeup2\auto\rois\frame_0000559993ms
frame_0000564998ms,564.9977666666667,coarse,needs_review,-11.661333776748458,4.9412660933484025,0.22895962705517545,243.80505276228212,1,,C:\Users\mail\work\ikiikimake\outputs\makeup2\auto\frames\frame_0000564998ms.png,C:\Users\mail\work\ikiikimake\outputs\makeup2\auto\rois\frame_0000564998ms
frame_0000570003ms,570.0027666666667,coarse,needs_review,1.1054763178038713,12.77913848171365,-0.8614479664182413,249.61476137205742,1,,C:\Users\mail\work\ikiikimake\outputs\makeup2\auto\frames\frame_0000570003ms.png,C:\Users\mail\work\ikiikimake\outputs\makeup2\auto\rois\frame_0000570003ms
frame_0000575008ms,575.0077666666667,coarse,needs_review,-4.475649041189667,16.532422071268154,-3.795832115498012,254.82946931188843,2,,C:\Users\mail\work\ikiikimake\outputs\makeup2\auto\frames\frame_0000575008ms.png,C:\Users\mail\work\ikiikimake\outputs\makeup2\auto\rois\frame_0000575008ms
frame_0000580013ms,580.0127666666667,coarse,needs_review,-13.264079194403198,15.819474462666275,2.259314247017928,234.01681024456414,3,,C:\Users\mail\work\ikiikimake\outputs\makeup2\auto\frames\frame_0000580013ms.png,C:\Users\mail\work\ikiikimake\outputs\makeup2\auto\rois\frame_0000580013ms
frame_0000584984ms,584.9844,coarse,needs_review,-16.90655905162815,-4.230334641813167,-9.419408966931874,231.5965368390307,0,,C:\Users\mail\work\ikiikimake\outputs\makeup2\auto\frames\frame_0000584984ms.png,C:\Users\mail\work\ikiikimake\outputs\makeup2\auto\rois\frame_0000584984ms
frame_0000589989ms,589.9894,coarse,needs_review,-6.867615886957568,8.779712138833803,-2.1109468220841667,250.67284523720642,2,,C:\Users\mail\work\ikiikimake\outputs\makeup2\auto\frames\frame_0000589989ms.png,C:\Users\mail\work\ikiikimake\outputs\makeup2\auto\rois\frame_0000589989ms
frame_0000594994ms,594.9944,coarse,needs_review,-9.241057757677341,11.734109249908167,-0.25909055907734174,245.09081342846122,0,,C:\Users\mail\work\ikiikimake\outputs\makeup2\auto\frames\frame_0000594994ms.png,C:\Users\mail\work\ikiikimake\outputs\makeup2\auto\rois\frame_0000594994ms
frame_0000599999ms,599.9994,coarse,needs_review,-7.421494967359055,2.2295771446496473,-1.1976110972436447,248.61488185245915,0,,C:\Users\mail\work\ikiikimake\outputs\makeup2\auto\frames\frame_0000599999ms.png,C:\Users\mail\work\ikiikimake\outputs\makeup2\auto\rois\frame_0000599999ms
frame_0000605004ms,605.0044,coarse,needs_review,-10.009574568196669,0.7910946646101702,-3.5463217733747174,269.3722017305642,3,,C:\Users\mail\work\ikiikimake\outputs\makeup2\auto\frames\frame_0000605004ms.png,C:\Users\mail\work\ikiikimake\outputs\makeup2\auto\rois\frame_0000605004ms
frame_0000610009ms,610.0094,coarse,needs_review,-14.844100163850406,-1.7418099330272754,-0.9898764319433652,242.806310037873,1,,C:\Users\mail\work\ikiikimake\outputs\makeup2\auto\frames\frame_0000610009ms.png,C:\Users\mail\work\ikiikimake\outputs\makeup2\auto\rois\frame_0000610009ms
frame_0000615014ms,615.0144,coarse,needs_review,14.282389798632002,2.8452408370852758,-0.3800120432159833,519.03966746579,1,,C:\Users\mail\work\ikiikimake\outputs\makeup2\auto\frames\frame_0000615014ms.png,C:\Users\mail\work\ikiikimake\outputs\makeup2\auto\rois\frame_0000615014ms
frame_0000619986ms,619.9860333333334,coarse,failed,0.33632884857636686,7.300500318533289,-4.815420544326481,234.66048981405578,2,left_cheek: suspected hand occlusion 45.2% (limit 2.0%),C:\Users\mail\work\ikiikimake\outputs\makeup2\auto\frames\frame_0000619986ms.png,C:\Users\mail\work\ikiikimake\outputs\makeup2\auto\rois\frame_0000619986ms
frame_0000624991ms,624.9910333333333,coarse,needs_review,-8.168959259401534,-4.417700300052573,-1.6390769083330687,250.9633201458421,1,,C:\Users\mail\work\ikiikimake\outputs\makeup2\auto\frames\frame_0000624991ms.png,C:\Users\mail\work\ikiikimake\outputs\makeup2\auto\rois\frame_0000624991ms
frame_0000629996ms,629.9960333333333,coarse,needs_review,-5.151830957101821,2.8013092656275207,0.7910967331156279,247.60284174931266,2,,C:\Users\mail\work\ikiikimake\outputs\makeup2\auto\frames\frame_0000629996ms.png,C:\Users\mail\work\ikiikimake\outputs\makeup2\auto\rois\frame_0000629996ms
frame_0000635001ms,635.0010333333333,coarse,needs_review,-3.4722221167735863,-19.7088414567806,4.552265199010842,251.37143006992721,1,,C:\Users\mail\work\ikiikimake\outputs\makeup2\auto\frames\frame_0000635001ms.png,C:\Users\mail\work\ikiikimake\outputs\makeup2\auto\rois\frame_0000635001ms
frame_0000640006ms,640.0060333333333,coarse,needs_review,-1.564479721018743,9.688326043853621,-1.5875539624500072,519.0812474900168,0,,C:\Users\mail\work\ikiikimake\outputs\makeup2\auto\frames\frame_0000640006ms.png,C:\Users\mail\work\ikiikimake\outputs\makeup2\auto\rois\frame_0000640006ms
frame_0000645011ms,645.0110333333333,coarse,failed,-7.437672794616407,2.108163443888863,20.143051275580493,260.0071323760986,1,face roll too large: 20.1 deg (limit 20),C:\Users\mail\work\ikiikimake\outputs\makeup2\auto\frames\frame_0000645011ms.png,C:\Users\mail\work\ikiikimake\outputs\makeup2\auto\rois\frame_0000645011ms
frame_0000650016ms,650.0160333333333,coarse,needs_review,-5.196958818802974,13.648389255742517,-2.4997729939670936,247.2474505817651,1,,C:\Users\mail\work\ikiikimake\outputs\makeup2\auto\frames\frame_0000650016ms.png,C:\Users\mail\work\ikiikimake\outputs\makeup2\auto\rois\frame_0000650016ms
frame_0000654988ms,654.9876666666667,coarse,needs_review,-10.092519737339611,8.218076644813033,-2.158359731776436,244.1221882238762,1,,C:\Users\mail\work\ikiikimake\outputs\makeup2\auto\frames\frame_0000654988ms.png,C:\Users\mail\work\ikiikimake\outputs\makeup2\auto\rois\frame_0000654988ms
frame_0000659993ms,659.9926666666667,coarse,needs_review,-16.108814505296927,-0.27469799491743063,-4.0347290819781945,244.66957359793258,1,,C:\Users\mail\work\ikiikimake\outputs\makeup2\auto\frames\frame_0000659993ms.png,C:\Users\mail\work\ikiikimake\outputs\makeup2\auto\rois\frame_0000659993ms
frame_0000664998ms,664.9976666666666,coarse,failed,,,,,,"Expected exactly one face passing confidence thresholds, found 0",C:\Users\mail\work\ikiikimake\outputs\makeup2\auto\frames\frame_0000664998ms.png,C:\Users\mail\work\ikiikimake\outputs\makeup2\auto\rois\frame_0000664998ms
frame_0000670003ms,670.0026666666668,coarse,failed,,,,,,"Expected exactly one face passing confidence thresholds, found 0",C:\Users\mail\work\ikiikimake\outputs\makeup2\auto\frames\frame_0000670003ms.png,C:\Users\mail\work\ikiikimake\outputs\makeup2\auto\rois\frame_0000670003ms
frame_0000675008ms,675.0076666666668,coarse,needs_review,-6.398904440813806,9.079448699708438,1.170485286513267,264.2889832258922,1,,C:\Users\mail\work\ikiikimake\outputs\makeup2\auto\frames\frame_0000675008ms.png,C:\Users\mail\work\ikiikimake\outputs\makeup2\auto\rois\frame_0000675008ms
frame_0000680013ms,680.0126666666667,coarse,failed,3.1504496136613938,-3.087396421241637,1.4174638391294143,543.7048563115551,1,forehead: polygon outside image (not clipped),C:\Users\mail\work\ikiikimake\outputs\makeup2\auto\frames\frame_0000680013ms.png,C:\Users\mail\work\ikiikimake\outputs\makeup2\auto\rois\frame_0000680013ms
frame_0000684984ms,684.9843000000001,coarse,needs_review,-2.994792051680852,5.1816106290312165,0.29195137778511626,256.4599050232664,1,,C:\Users\mail\work\ikiikimake\outputs\makeup2\auto\frames\frame_0000684984ms.png,C:\Users\mail\work\ikiikimake\outputs\makeup2\auto\rois\frame_0000684984ms
frame_0000689989ms,689.9893000000001,coarse,needs_review,-6.169884020450116,4.08983590818803,-6.338103203483902,240.21416740399118,2,,C:\Users\mail\work\ikiikimake\outputs\makeup2\auto\frames\frame_0000689989ms.png,C:\Users\mail\work\ikiikimake\outputs\makeup2\auto\rois\frame_0000689989ms
frame_0000694994ms,694.9943000000001,coarse,needs_review,12.186455534331548,8.089101345250024,18.31684961460023,243.67455959697915,2,,C:\Users\mail\work\ikiikimake\outputs\makeup2\auto\frames\frame_0000694994ms.png,C:\Users\mail\work\ikiikimake\outputs\makeup2\auto\rois\frame_0000694994ms
frame_0000699999ms,699.9993000000001,coarse,failed,-13.32949621543993,12.217497284317956,22.0153025087717,195.74508805097884,2,face roll too large: 22.0 deg (limit 20),C:\Users\mail\work\ikiikimake\outputs\makeup2\auto\frames\frame_0000699999ms.png,C:\Users\mail\work\ikiikimake\outputs\makeup2\auto\rois\frame_0000699999ms
frame_0000705004ms,705.0043000000001,coarse,failed,-3.2945044600053013,14.591710582724351,23.003520964543192,243.0405307882105,2,face roll too large: 23.0 deg (limit 20),C:\Users\mail\work\ikiikimake\outputs\makeup2\auto\frames\frame_0000705004ms.png,C:\Users\mail\work\ikiikimake\outputs\makeup2\auto\rois\frame_0000705004ms
frame_0000710009ms,710.0093,coarse,failed,5.390478058578598,32.20125058703259,-12.147439215522814,246.74095356177975,1,face pitch too large: 32.2 deg (limit 25),C:\Users\mail\work\ikiikimake\outputs\makeup2\auto\frames\frame_0000710009ms.png,C:\Users\mail\work\ikiikimake\outputs\makeup2\auto\rois\frame_0000710009ms
frame_0000715014ms,715.0143,coarse,failed,,,,,,"Expected exactly one face passing confidence thresholds, found 0",C:\Users\mail\work\ikiikimake\outputs\makeup2\auto\frames\frame_0000715014ms.png,C:\Users\mail\work\ikiikimake\outputs\makeup2\auto\rois\frame_0000715014ms
frame_0000719986ms,719.9859333333334,coarse,needs_review,-11.170663380354886,10.071433185849832,-8.073151755687327,241.32906122014032,2,,C:\Users\mail\work\ikiikimake\outputs\makeup2\auto\frames\frame_0000719986ms.png,C:\Users\mail\work\ikiikimake\outputs\makeup2\auto\rois\frame_0000719986ms
frame_0000724991ms,724.9909333333334,coarse,needs_review,-4.884555106903949,-0.6030156164407087,12.936994988313092,266.8158352107353,1,,C:\Users\mail\work\ikiikimake\outputs\makeup2\auto\frames\frame_0000724991ms.png,C:\Users\mail\work\ikiikimake\outputs\makeup2\auto\rois\frame_0000724991ms
frame_0000729996ms,729.9959333333334,coarse,needs_review,3.392496441850314,18.196396825332506,-1.9262197545978972,254.782362480444,0,,C:\Users\mail\work\ikiikimake\outputs\makeup2\auto\frames\frame_0000729996ms.png,C:\Users\mail\work\ikiikimake\outputs\makeup2\auto\rois\frame_0000729996ms
frame_0000735001ms,735.0009333333334,coarse,needs_review,-6.56246588774733,14.468579789844098,-1.6942473747999598,260.5560297921345,1,,C:\Users\mail\work\ikiikimake\outputs\makeup2\auto\frames\frame_0000735001ms.png,C:\Users\mail\work\ikiikimake\outputs\makeup2\auto\rois\frame_0000735001ms
frame_0000740006ms,740.0059333333334,coarse,needs_review,-14.220464115260736,-4.538652051056211,0.673818344396612,261.87717252677334,1,,C:\Users\mail\work\ikiikimake\outputs\makeup2\auto\frames\frame_0000740006ms.png,C:\Users\mail\work\ikiikimake\outputs\makeup2\auto\rois\frame_0000740006ms
frame_0000745011ms,745.0109333333334,coarse,needs_review,4.254343242740035,6.995902431225397,-0.9061643381641337,395.99016159176637,2,,C:\Users\mail\work\ikiikimake\outputs\makeup2\auto\frames\frame_0000745011ms.png,C:\Users\mail\work\ikiikimake\outputs\makeup2\auto\rois\frame_0000745011ms
frame_0000750016ms,750.0159333333334,coarse,needs_review,-4.507690568872453,-4.831715617622977,0.73971293678471,262.0002454803075,1,,C:\Users\mail\work\ikiikimake\outputs\makeup2\auto\frames\frame_0000750016ms.png,C:\Users\mail\work\ikiikimake\outputs\makeup2\auto\rois\frame_0000750016ms
frame_0000754988ms,754.9875666666667,coarse,needs_review,-1.0387246503972345,-12.799304193581838,-0.6004741022187575,262.8831503488278,1,,C:\Users\mail\work\ikiikimake\outputs\makeup2\auto\frames\frame_0000754988ms.png,C:\Users\mail\work\ikiikimake\outputs\makeup2\auto\rois\frame_0000754988ms
frame_0000759993ms,759.9925666666667,coarse,needs_review,1.2509432139784422,12.353018268049084,-1.392131812983612,256.93098965731934,2,,C:\Users\mail\work\ikiikimake\outputs\makeup2\auto\frames\frame_0000759993ms.png,C:\Users\mail\work\ikiikimake\outputs\makeup2\auto\rois\frame_0000759993ms
frame_0000764998ms,764.9975666666667,coarse,needs_review,5.257583232036566,9.772858997777256,2.981608788962634,412.05550616533264,0,,C:\Users\mail\work\ikiikimake\outputs\makeup2\auto\frames\frame_0000764998ms.png,C:\Users\mail\work\ikiikimake\outputs\makeup2\auto\rois\frame_0000764998ms
frame_0000770003ms,770.0025666666667,coarse,needs_review,-1.6098228058690505,17.75776070117322,-0.12009862845749153,258.994772506649,0,,C:\Users\mail\work\ikiikimake\outputs\makeup2\auto\frames\frame_0000770003ms.png,C:\Users\mail\work\ikiikimake\outputs\makeup2\auto\rois\frame_0000770003ms
frame_0000775008ms,775.0075666666667,coarse,needs_review,-18.917731637920244,3.1720211072584106,-6.456613645514377,235.65754931885692,1,,C:\Users\mail\work\ikiikimake\outputs\makeup2\auto\frames\frame_0000775008ms.png,C:\Users\mail\work\ikiikimake\outputs\makeup2\auto\rois\frame_0000775008ms
frame_0000780013ms,780.0125666666667,coarse,needs_review,18.023983523765214,1.9393538666542844,2.996767580960232,242.30354425647838,2,,C:\Users\mail\work\ikiikimake\outputs\makeup2\auto\frames\frame_0000780013ms.png,C:\Users\mail\work\ikiikimake\outputs\makeup2\auto\rois\frame_0000780013ms
frame_0000784984ms,784.9842,coarse,needs_review,-17.052703261202822,-2.744781284880424,2.629409036298857,249.1801249444438,0,,C:\Users\mail\work\ikiikimake\outputs\makeup2\auto\frames\frame_0000784984ms.png,C:\Users\mail\work\ikiikimake\outputs\makeup2\auto\rois\frame_0000784984ms
frame_0000789989ms,789.9892,coarse,failed,4.605306492899031,5.833146490949246,-0.14454418008051984,255.8855524906271,1,right_cheek: suspected hand occlusion 100.0% (limit 2.0%),C:\Users\mail\work\ikiikimake\outputs\makeup2\auto\frames\frame_0000789989ms.png,C:\Users\mail\work\ikiikimake\outputs\makeup2\auto\rois\frame_0000789989ms
frame_0000794994ms,794.9942000000001,coarse,needs_review,-13.553378314348691,-4.645021806383935,6.954867939923406,238.72656410340798,0,,C:\Users\mail\work\ikiikimake\outputs\makeup2\auto\frames\frame_0000794994ms.png,C:\Users\mail\work\ikiikimake\outputs\makeup2\auto\rois\frame_0000794994ms
frame_0000799999ms,799.9992000000001,coarse,needs_review,-2.7561134494043387,-5.553804731479791,-2.3783306569878153,255.1345376759458,1,,C:\Users\mail\work\ikiikimake\outputs\makeup2\auto\frames\frame_0000799999ms.png,C:\Users\mail\work\ikiikimake\outputs\makeup2\auto\rois\frame_0000799999ms
frame_0000805004ms,805.0042000000001,coarse,failed,-3.5025867370054953,22.786928505531122,1.5271129146553615,256.68818602720546,2,left_cheek: suspected hand occlusion 10.1% (limit 2.0%),C:\Users\mail\work\ikiikimake\outputs\makeup2\auto\frames\frame_0000805004ms.png,C:\Users\mail\work\ikiikimake\outputs\makeup2\auto\rois\frame_0000805004ms
frame_0000810009ms,810.0092000000001,coarse,needs_review,8.670453168186368,9.993911583954365,-0.10824166860649495,252.3439998245706,2,,C:\Users\mail\work\ikiikimake\outputs\makeup2\auto\frames\frame_0000810009ms.png,C:\Users\mail\work\ikiikimake\outputs\makeup2\auto\rois\frame_0000810009ms
frame_0000815014ms,815.0142000000001,coarse,needs_review,-1.1173301664622115,13.354433877170717,1.5365103182005402,261.28595872705415,0,,C:\Users\mail\work\ikiikimake\outputs\makeup2\auto\frames\frame_0000815014ms.png,C:\Users\mail\work\ikiikimake\outputs\makeup2\auto\rois\frame_0000815014ms
frame_0000819986ms,819.9858333333334,coarse,needs_review,13.707128800756172,0.822277802400473,1.4606803543364524,647.9446380029085,0,,C:\Users\mail\work\ikiikimake\outputs\makeup2\auto\frames\frame_0000819986ms.png,C:\Users\mail\work\ikiikimake\outputs\makeup2\auto\rois\frame_0000819986ms
frame_0000824991ms,824.9908333333334,coarse,needs_review,-0.6030693556728559,8.639316731026694,-0.7758603364223393,404.41621460086594,0,,C:\Users\mail\work\ikiikimake\outputs\makeup2\auto\frames\frame_0000824991ms.png,C:\Users\mail\work\ikiikimake\outputs\makeup2\auto\rois\frame_0000824991ms
frame_0000829996ms,829.9958333333334,coarse,needs_review,-7.9666934540397305,-1.2668250554827798,-5.031005038496148,267.2527319674308,0,,C:\Users\mail\work\ikiikimake\outputs\makeup2\auto\frames\frame_0000829996ms.png,C:\Users\mail\work\ikiikimake\outputs\makeup2\auto\rois\frame_0000829996ms
frame_0000835001ms,835.0008333333334,coarse,needs_review,-6.263751414938107,-0.019230735317538942,-0.859893692075054,254.93067602524158,0,,C:\Users\mail\work\ikiikimake\outputs\makeup2\auto\frames\frame_0000835001ms.png,C:\Users\mail\work\ikiikimake\outputs\makeup2\auto\rois\frame_0000835001ms
frame_0000840006ms,840.0058333333334,coarse,failed,,,,,,"Expected exactly one face passing confidence thresholds, found 0",C:\Users\mail\work\ikiikimake\outputs\makeup2\auto\frames\frame_0000840006ms.png,C:\Users\mail\work\ikiikimake\outputs\makeup2\auto\rois\frame_0000840006ms
frame_0000845011ms,845.0108333333334,coarse,failed,,,,,,"Expected exactly one face passing confidence thresholds, found 0",C:\Users\mail\work\ikiikimake\outputs\makeup2\auto\frames\frame_0000845011ms.png,C:\Users\mail\work\ikiikimake\outputs\makeup2\auto\rois\frame_0000845011ms
frame_0000850016ms,850.0158333333334,coarse,failed,,,,,,"Expected exactly one face passing confidence thresholds, found 0",C:\Users\mail\work\ikiikimake\outputs\makeup2\auto\frames\frame_0000850016ms.png,C:\Users\mail\work\ikiikimake\outputs\makeup2\auto\rois\frame_0000850016ms
frame_0000854987ms,854.9874666666667,coarse,failed,,,,,,"Expected exactly one face passing confidence thresholds, found 0",C:\Users\mail\work\ikiikimake\outputs\makeup2\auto\frames\frame_0000854987ms.png,C:\Users\mail\work\ikiikimake\outputs\makeup2\auto\rois\frame_0000854987ms
frame_0000859992ms,859.9924666666667,coarse,needs_review,-5.1030880205291655,-1.6833148837159118,1.3854507712037232,255.05344376921525,2,,C:\Users\mail\work\ikiikimake\outputs\makeup2\auto\frames\frame_0000859992ms.png,C:\Users\mail\work\ikiikimake\outputs\makeup2\auto\rois\frame_0000859992ms
frame_0000864997ms,864.9974666666667,coarse,needs_review,7.543949117129892,1.5199865400364392,-2.2766420536953222,252.66604235052898,2,,C:\Users\mail\work\ikiikimake\outputs\makeup2\auto\frames\frame_0000864997ms.png,C:\Users\mail\work\ikiikimake\outputs\makeup2\auto\rois\frame_0000864997ms
frame_0000870002ms,870.0024666666667,coarse,needs_review,-0.6916679315807864,2.078578978952187,0.022170460326160636,259.93458492593714,2,,C:\Users\mail\work\ikiikimake\outputs\makeup2\auto\frames\frame_0000870002ms.png,C:\Users\mail\work\ikiikimake\outputs\makeup2\auto\rois\frame_0000870002ms
frame_0000875007ms,875.0074666666667,coarse,failed,17.764172584909456,22.15322916507128,23.676965989792183,244.54015979340218,2,face roll too large: 23.7 deg (limit 20),C:\Users\mail\work\ikiikimake\outputs\makeup2\auto\frames\frame_0000875007ms.png,C:\Users\mail\work\ikiikimake\outputs\makeup2\auto\rois\frame_0000875007ms
frame_0000880012ms,880.0124666666667,coarse,failed,,,,,,"Expected exactly one face passing confidence thresholds, found 0",C:\Users\mail\work\ikiikimake\outputs\makeup2\auto\frames\frame_0000880012ms.png,C:\Users\mail\work\ikiikimake\outputs\makeup2\auto\rois\frame_0000880012ms
frame_0000884984ms,884.9841,coarse,failed,,,,,,"Expected exactly one face passing confidence thresholds, found 0",C:\Users\mail\work\ikiikimake\outputs\makeup2\auto\frames\frame_0000884984ms.png,C:\Users\mail\work\ikiikimake\outputs\makeup2\auto\rois\frame_0000884984ms
frame_0000889989ms,889.9891,coarse,needs_review,-3.8322377516917934,3.423468196014445,0.6387146312065812,344.94353542101317,2,,C:\Users\mail\work\ikiikimake\outputs\makeup2\auto\frames\frame_0000889989ms.png,C:\Users\mail\work\ikiikimake\outputs\makeup2\auto\rois\frame_0000889989ms
frame_0000894994ms,894.9941,coarse,needs_review,12.355115478216005,3.8732709351235632,-2.237339236375601,262.05769267874103,2,,C:\Users\mail\work\ikiikimake\outputs\makeup2\auto\frames\frame_0000894994ms.png,C:\Users\mail\work\ikiikimake\outputs\makeup2\auto\rois\frame_0000894994ms
frame_0000899999ms,899.9991,coarse,failed,,,,,,"Expected exactly one face passing confidence thresholds, found 0",C:\Users\mail\work\ikiikimake\outputs\makeup2\auto\frames\frame_0000899999ms.png,C:\Users\mail\work\ikiikimake\outputs\makeup2\auto\rois\frame_0000899999ms
frame_0000905004ms,905.0041,coarse,failed,,,,,,"Expected exactly one face passing confidence thresholds, found 0",C:\Users\mail\work\ikiikimake\outputs\makeup2\auto\frames\frame_0000905004ms.png,C:\Users\mail\work\ikiikimake\outputs\makeup2\auto\rois\frame_0000905004ms
frame_0000910009ms,910.0091,coarse,needs_review,-10.307309282001654,14.198788709775322,-4.429131923466437,360.112688779096,1,,C:\Users\mail\work\ikiikimake\outputs\makeup2\auto\frames\frame_0000910009ms.png,C:\Users\mail\work\ikiikimake\outputs\makeup2\auto\rois\frame_0000910009ms
frame_0000915014ms,915.0141000000001,coarse,failed,14.278988876845613,-8.87236577180272,-11.17433813202839,939.2970870525504,0,left_cheek: excessive clipped pixels 10.2%; right_cheek: excessive clipped pixels 11.5%,C:\Users\mail\work\ikiikimake\outputs\makeup2\auto\frames\frame_0000915014ms.png,C:\Users\mail\work\ikiikimake\outputs\makeup2\auto\rois\frame_0000915014ms
frame_0000919986ms,919.9857333333334,coarse,failed,20.744949509098312,3.04427826801627,5.16325189342674,249.45248483944272,1,right_cheek: excessive clipped pixels 30.6%,C:\Users\mail\work\ikiikimake\outputs\makeup2\auto\frames\frame_0000919986ms.png,C:\Users\mail\work\ikiikimake\outputs\makeup2\auto\rois\frame_0000919986ms
frame_0000924991ms,924.9907333333334,coarse,needs_review,-1.8598321564902904,-9.730366346862606,-0.6033003961984831,1032.9480964284023,0,,C:\Users\mail\work\ikiikimake\outputs\makeup2\auto\frames\frame_0000924991ms.png,C:\Users\mail\work\ikiikimake\outputs\makeup2\auto\rois\frame_0000924991ms
frame_0000929996ms,929.9957333333334,coarse,needs_review,-0.08378249498974696,-0.6180642313828248,0.4461347791249129,272.56097112314,1,,C:\Users\mail\work\ikiikimake\outputs\makeup2\auto\frames\frame_0000929996ms.png,C:\Users\mail\work\ikiikimake\outputs\makeup2\auto\rois\frame_0000929996ms
frame_0000935001ms,935.0007333333334,coarse,needs_review,-10.43809902668519,16.37080967828756,6.600910640603816,249.55547872367754,2,,C:\Users\mail\work\ikiikimake\outputs\makeup2\auto\frames\frame_0000935001ms.png,C:\Users\mail\work\ikiikimake\outputs\makeup2\auto\rois\frame_0000935001ms
frame_0000940006ms,940.0057333333334,coarse,needs_review,-13.327662862739803,4.733548220192444,2.150211021927263,246.88245420647053,2,,C:\Users\mail\work\ikiikimake\outputs\makeup2\auto\frames\frame_0000940006ms.png,C:\Users\mail\work\ikiikimake\outputs\makeup2\auto\rois\frame_0000940006ms
frame_0000945011ms,945.0107333333334,coarse,needs_review,-4.688881975902389,15.847340292457503,-15.283988221711597,261.2956296799455,0,,C:\Users\mail\work\ikiikimake\outputs\makeup2\auto\frames\frame_0000945011ms.png,C:\Users\mail\work\ikiikimake\outputs\makeup2\auto\rois\frame_0000945011ms
frame_0000950016ms,950.0157333333334,coarse,failed,,,,,,"Expected exactly one face passing confidence thresholds, found 0",C:\Users\mail\work\ikiikimake\outputs\makeup2\auto\frames\frame_0000950016ms.png,C:\Users\mail\work\ikiikimake\outputs\makeup2\auto\rois\frame_0000950016ms
frame_0000954987ms,954.9873666666667,coarse,needs_review,-3.383504520319095,-2.111557965836133,0.24146875967929263,264.7967753577231,1,,C:\Users\mail\work\ikiikimake\outputs\makeup2\auto\frames\frame_0000954987ms.png,C:\Users\mail\work\ikiikimake\outputs\makeup2\auto\rois\frame_0000954987ms
frame_0000959992ms,959.9923666666667,coarse,needs_review,5.466481120077602,22.38247609351662,-1.5876141335089817,257.58589382926925,0,,C:\Users\mail\work\ikiikimake\outputs\makeup2\auto\frames\frame_0000959992ms.png,C:\Users\mail\work\ikiikimake\outputs\makeup2\auto\rois\frame_0000959992ms
frame_0000964997ms,964.9973666666667,coarse,needs_review,14.846287062307297,8.999913956441855,3.694766850796539,248.25307498258098,2,,C:\Users\mail\work\ikiikimake\outputs\makeup2\auto\frames\frame_0000964997ms.png,C:\Users\mail\work\ikiikimake\outputs\makeup2\auto\rois\frame_0000964997ms
frame_0000970002ms,970.0023666666667,coarse,needs_review,17.614524504651726,13.618086542264198,7.78608070847514,240.7744645760195,2,,C:\Users\mail\work\ikiikimake\outputs\makeup2\auto\frames\frame_0000970002ms.png,C:\Users\mail\work\ikiikimake\outputs\makeup2\auto\rois\frame_0000970002ms
frame_0000975007ms,975.0073666666667,coarse,failed,18.56718770136164,-2.4988903631825874,-1.9632516099538948,536.0612850089851,1,left_cheek: suspected hand occlusion 26.2% (limit 2.0%),C:\Users\mail\work\ikiikimake\outputs\makeup2\auto\frames\frame_0000975007ms.png,C:\Users\mail\work\ikiikimake\outputs\makeup2\auto\rois\frame_0000975007ms
frame_0000980012ms,980.0123666666667,coarse,needs_review,3.50455527476494,8.088853246139234,-3.7357153670360463,251.8525687252716,2,,C:\Users\mail\work\ikiikimake\outputs\makeup2\auto\frames\frame_0000980012ms.png,C:\Users\mail\work\ikiikimake\outputs\makeup2\auto\rois\frame_0000980012ms
frame_0000984984ms,984.984,coarse,needs_review,15.276899593028597,16.86279544158128,15.362724100489176,250.56274892289838,2,,C:\Users\mail\work\ikiikimake\outputs\makeup2\auto\frames\frame_0000984984ms.png,C:\Users\mail\work\ikiikimake\outputs\makeup2\auto\rois\frame_0000984984ms
frame_0000989989ms,989.989,coarse,needs_review,-17.032081513842407,-5.336269649081152,-0.3817052951087214,243.4442776895569,2,,C:\Users\mail\work\ikiikimake\outputs\makeup2\auto\frames\frame_0000989989ms.png,C:\Users\mail\work\ikiikimake\outputs\makeup2\auto\rois\frame_0000989989ms
frame_0000994994ms,994.994,coarse,failed,-12.977381928008814,12.475366607708185,-8.566300334855756,282.30021444844425,2,right_cheek: excessive clipped pixels 14.6%,C:\Users\mail\work\ikiikimake\outputs\makeup2\auto\frames\frame_0000994994ms.png,C:\Users\mail\work\ikiikimake\outputs\makeup2\auto\rois\frame_0000994994ms
frame_0000999999ms,999.999,coarse,needs_review,8.872931191433464,10.95112576981894,-1.2287572848987602,257.8873834011862,1,,C:\Users\mail\work\ikiikimake\outputs\makeup2\auto\frames\frame_0000999999ms.png,C:\Users\mail\work\ikiikimake\outputs\makeup2\auto\rois\frame_0000999999ms
frame_0001005004ms,1005.004,coarse,needs_review,-13.04635892004851,8.312306542582947,-3.992200358171751,256.3129475897066,0,,C:\Users\mail\work\ikiikimake\outputs\makeup2\auto\frames\frame_0001005004ms.png,C:\Users\mail\work\ikiikimake\outputs\makeup2\auto\rois\frame_0001005004ms
frame_0001010009ms,1010.009,coarse,needs_review,2.9951843168465437,1.8394305322898683,-2.537146027631215,530.3086214181059,1,,C:\Users\mail\work\ikiikimake\outputs\makeup2\auto\frames\frame_0001010009ms.png,C:\Users\mail\work\ikiikimake\outputs\makeup2\auto\rois\frame_0001010009ms
frame_0001015014ms,1015.014,coarse,needs_review,-0.7202098618592038,7.183937891790201,-10.743598055296284,266.407285457261,1,,C:\Users\mail\work\ikiikimake\outputs\makeup2\auto\frames\frame_0001015014ms.png,C:\Users\mail\work\ikiikimake\outputs\makeup2\auto\rois\frame_0001015014ms
frame_0001019986ms,1019.9856333333333,coarse,needs_review,-8.864580959854045,-6.832955113103948,-12.494557471422583,263.97428603916944,2,,C:\Users\mail\work\ikiikimake\outputs\makeup2\auto\frames\frame_0001019986ms.png,C:\Users\mail\work\ikiikimake\outputs\makeup2\auto\rois\frame_0001019986ms
frame_0001024991ms,1024.9906333333333,coarse,failed,,,,,,"Expected exactly one face passing confidence thresholds, found 0",C:\Users\mail\work\ikiikimake\outputs\makeup2\auto\frames\frame_0001024991ms.png,C:\Users\mail\work\ikiikimake\outputs\makeup2\auto\rois\frame_0001024991ms
frame_0001029996ms,1029.9956333333334,coarse,needs_review,-6.9636159296485,4.240669264326057,-0.11481478811055039,254.68013103719542,0,,C:\Users\mail\work\ikiikimake\outputs\makeup2\auto\frames\frame_0001029996ms.png,C:\Users\mail\work\ikiikimake\outputs\makeup2\auto\rois\frame_0001029996ms
frame_0001035001ms,1035.0006333333333,coarse,needs_review,-4.721235397083727,8.233594518548923,2.110864570522645,259.30893440654654,2,,C:\Users\mail\work\ikiikimake\outputs\makeup2\auto\frames\frame_0001035001ms.png,C:\Users\mail\work\ikiikimake\outputs\makeup2\auto\rois\frame_0001035001ms
frame_0001040006ms,1040.0056333333334,coarse,needs_review,3.4696575582921296,1.4896304322775318,1.5946526152624203,623.8619476939634,0,,C:\Users\mail\work\ikiikimake\outputs\makeup2\auto\frames\frame_0001040006ms.png,C:\Users\mail\work\ikiikimake\outputs\makeup2\auto\rois\frame_0001040006ms
frame_0001045011ms,1045.0106333333333,coarse,failed,,,,,,"Expected exactly one face passing confidence thresholds, found 0",C:\Users\mail\work\ikiikimake\outputs\makeup2\auto\frames\frame_0001045011ms.png,C:\Users\mail\work\ikiikimake\outputs\makeup2\auto\rois\frame_0001045011ms
frame_0001050016ms,1050.0156333333334,coarse,needs_review,-2.2780767881962185,12.48183693783655,4.292149551480907,259.73272649532134,1,,C:\Users\mail\work\ikiikimake\outputs\makeup2\auto\frames\frame_0001050016ms.png,C:\Users\mail\work\ikiikimake\outputs\makeup2\auto\rois\frame_0001050016ms
frame_0001054987ms,1054.9872666666668,coarse,failed,-4.664010575227447,5.586598724079145,1.6723907384730958,264.46895899281685,2,right_cheek: suspected hand occlusion 2.5% (limit 2.0%),C:\Users\mail\work\ikiikimake\outputs\makeup2\auto\frames\frame_0001054987ms.png,C:\Users\mail\work\ikiikimake\outputs\makeup2\auto\rois\frame_0001054987ms
frame_0001059992ms,1059.9922666666666,coarse,needs_review,-7.269216645024857,14.76015749192385,-2.5771730435901414,254.62490784697673,2,,C:\Users\mail\work\ikiikimake\outputs\makeup2\auto\frames\frame_0001059992ms.png,C:\Users\mail\work\ikiikimake\outputs\makeup2\auto\rois\frame_0001059992ms
frame_0001064997ms,1064.9972666666667,coarse,needs_review,-5.613886726385604,5.22577534876798,-1.5976038595632143,257.5978694686264,2,,C:\Users\mail\work\ikiikimake\outputs\makeup2\auto\frames\frame_0001064997ms.png,C:\Users\mail\work\ikiikimake\outputs\makeup2\auto\rois\frame_0001064997ms
frame_0001070002ms,1070.0022666666666,coarse,needs_review,-4.78558626787182,1.0909805067111535,2.327148201661122,265.7745718915782,0,,C:\Users\mail\work\ikiikimake\outputs\makeup2\auto\frames\frame_0001070002ms.png,C:\Users\mail\work\ikiikimake\outputs\makeup2\auto\rois\frame_0001070002ms
frame_0001075007ms,1075.0072666666667,coarse,needs_review,-0.1542378076152146,2.9424628212313815,1.5791162185384329,264.0772309203171,1,,C:\Users\mail\work\ikiikimake\outputs\makeup2\auto\frames\frame_0001075007ms.png,C:\Users\mail\work\ikiikimake\outputs\makeup2\auto\rois\frame_0001075007ms
frame_0001080012ms,1080.0122666666666,coarse,needs_review,22.834355761548082,12.366980485468149,1.4176414717519221,231.76538579427924,2,,C:\Users\mail\work\ikiikimake\outputs\makeup2\auto\frames\frame_0001080012ms.png,C:\Users\mail\work\ikiikimake\outputs\makeup2\auto\rois\frame_0001080012ms
frame_0001084984ms,1084.9839,coarse,failed,24.796825411508017,2.4456017131131085,2.6070596566432767,199.89029330327077,2,left_cheek: suspected hand occlusion 70.0% (limit 2.0%),C:\Users\mail\work\ikiikimake\outputs\makeup2\auto\frames\frame_0001084984ms.png,C:\Users\mail\work\ikiikimake\outputs\makeup2\auto\rois\frame_0001084984ms
frame_0001089989ms,1089.9889,coarse,failed,,,,,,"Expected exactly one face passing confidence thresholds, found 0",C:\Users\mail\work\ikiikimake\outputs\makeup2\auto\frames\frame_0001089989ms.png,C:\Users\mail\work\ikiikimake\outputs\makeup2\auto\rois\frame_0001089989ms
frame_0001094994ms,1094.9939,coarse,failed,20.16149983849733,3.086567777328406,2.9649346282985807,220.20404717910003,2,left_cheek: suspected hand occlusion 48.3% (limit 2.0%),C:\Users\mail\work\ikiikimake\outputs\makeup2\auto\frames\frame_0001094994ms.png,C:\Users\mail\work\ikiikimake\outputs\makeup2\auto\rois\frame_0001094994ms
frame_0001099999ms,1099.9989,coarse,failed,,,,,,"Expected exactly one face passing confidence thresholds, found 0",C:\Users\mail\work\ikiikimake\outputs\makeup2\auto\frames\frame_0001099999ms.png,C:\Users\mail\work\ikiikimake\outputs\makeup2\auto\rois\frame_0001099999ms
frame_0001105004ms,1105.0039000000002,coarse,needs_review,0.5758067283368903,13.113181468051451,1.0124929878410083,264.30299389255737,1,,C:\Users\mail\work\ikiikimake\outputs\makeup2\auto\frames\frame_0001105004ms.png,C:\Users\mail\work\ikiikimake\outputs\makeup2\auto\rois\frame_0001105004ms
frame_0001110009ms,1110.0089,coarse,needs_review,6.56028649179643,5.676453586148036,1.486387818818789,757.7658259449483,0,,C:\Users\mail\work\ikiikimake\outputs\makeup2\auto\frames\frame_0001110009ms.png,C:\Users\mail\work\ikiikimake\outputs\makeup2\auto\rois\frame_0001110009ms
frame_0001115014ms,1115.0139000000001,coarse,failed,25.73674101809353,10.434556280422065,1.9129678924151217,623.0212352471851,0,face yaw too large: 25.7 deg (limit 25),C:\Users\mail\work\ikiikimake\outputs\makeup2\auto\frames\frame_0001115014ms.png,C:\Users\mail\work\ikiikimake\outputs\makeup2\auto\rois\frame_0001115014ms
frame_0001119986ms,1119.9855333333335,coarse,needs_review,-7.253137486738126,-0.8959733949612103,0.5684548946133691,514.9928526777353,0,,C:\Users\mail\work\ikiikimake\outputs\makeup2\auto\frames\frame_0001119986ms.png,C:\Users\mail\work\ikiikimake\outputs\makeup2\auto\rois\frame_0001119986ms
frame_0001124991ms,1124.9905333333334,coarse,needs_review,-1.7210176548408966,4.3140453667273935,0.8099565568017805,516.0825475011784,0,,C:\Users\mail\work\ikiikimake\outputs\makeup2\auto\frames\frame_0001124991ms.png,C:\Users\mail\work\ikiikimake\outputs\makeup2\auto\rois\frame_0001124991ms
frame_0001129996ms,1129.9955333333335,coarse,failed,-0.14069158228897727,-1.737119287184096,-1.6584744968951388,395.209784415727,1,right_cheek: suspected hand occlusion 43.1% (limit 2.0%),C:\Users\mail\work\ikiikimake\outputs\makeup2\auto\frames\frame_0001129996ms.png,C:\Users\mail\work\ikiikimake\outputs\makeup2\auto\rois\frame_0001129996ms
frame_0001135001ms,1135.0005333333334,coarse,failed,4.45251344001894,6.0085520580803164,-0.784066015467977,259.13141949601544,2,right_cheek: excessive clipped pixels 25.0%,C:\Users\mail\work\ikiikimake\outputs\makeup2\auto\frames\frame_0001135001ms.png,C:\Users\mail\work\ikiikimake\outputs\makeup2\auto\rois\frame_0001135001ms
frame_0001140006ms,1140.0055333333335,coarse,failed,6.157811457873799,4.642184459219978,5.580653006506718,241.48643719458084,2,right_cheek: excessive clipped pixels 31.6%,C:\Users\mail\work\ikiikimake\outputs\makeup2\auto\frames\frame_0001140006ms.png,C:\Users\mail\work\ikiikimake\outputs\makeup2\auto\rois\frame_0001140006ms
frame_0001145011ms,1145.0105333333333,coarse,failed,-16.696347570723237,2.701919739095269,-0.9528441333248935,291.86663945687786,2,left_cheek: suspected hand occlusion 57.7% (limit 2.0%),C:\Users\mail\work\ikiikimake\outputs\makeup2\auto\frames\frame_0001145011ms.png,C:\Users\mail\work\ikiikimake\outputs\makeup2\auto\rois\frame_0001145011ms
frame_0001150016ms,1150.0155333333335,coarse,failed,4.141457998195489,-3.060022428696683,-3.5871568342226046,1257.4989283785426,0,left_cheek: excessive clipped pixels 50.2%; right_cheek: excessive clipped pixels 74.0%,C:\Users\mail\work\ikiikimake\outputs\makeup2\auto\frames\frame_0001150016ms.png,C:\Users\mail\work\ikiikimake\outputs\makeup2\auto\rois\frame_0001150016ms
frame_0001154987ms,1154.9871666666668,coarse,failed,10.393381400215624,-0.49652978167453465,-0.5246786951263697,1198.6601558576376,0,left_cheek: excessive clipped pixels 65.7%; right_cheek: excessive clipped pixels 60.7%,C:\Users\mail\work\ikiikimake\outputs\makeup2\auto\frames\frame_0001154987ms.png,C:\Users\mail\work\ikiikimake\outputs\makeup2\auto\rois\frame_0001154987ms
frame_0001159992ms,1159.9921666666667,coarse,failed,,,,,,"Expected exactly one face passing confidence thresholds, found 0",C:\Users\mail\work\ikiikimake\outputs\makeup2\auto\frames\frame_0001159992ms.png,C:\Users\mail\work\ikiikimake\outputs\makeup2\auto\rois\frame_0001159992ms
frame_0001164997ms,1164.9971666666668,coarse,needs_review,-7.645088344991423,4.490339223339758,0.03805242519690728,262.1269665991849,1,,C:\Users\mail\work\ikiikimake\outputs\makeup2\auto\frames\frame_0001164997ms.png,C:\Users\mail\work\ikiikimake\outputs\makeup2\auto\rois\frame_0001164997ms
frame_0001170002ms,1170.0021666666667,coarse,failed,10.20269607686155,-2.3040094396972095,2.002886918789384,1123.9941374447808,0,forehead: polygon outside image (not clipped),C:\Users\mail\work\ikiikimake\outputs\makeup2\auto\frames\frame_0001170002ms.png,C:\Users\mail\work\ikiikimake\outputs\makeup2\auto\rois\frame_0001170002ms
frame_0001175007ms,1175.0071666666668,coarse,needs_review,-8.746752713578676,6.813602264637466,-0.1950190807140845,256.57046818385083,1,,C:\Users\mail\work\ikiikimake\outputs\makeup2\auto\frames\frame_0001175007ms.png,C:\Users\mail\work\ikiikimake\outputs\makeup2\auto\rois\frame_0001175007ms
frame_0001180012ms,1180.0121666666666,coarse,failed,13.83943636822959,3.45720018809992,-7.181582833273425,1084.3791237960536,0,left_cheek: excessive clipped pixels 22.0%; right_cheek: excessive clipped pixels 36.1%,C:\Users\mail\work\ikiikimake\outputs\makeup2\auto\frames\frame_0001180012ms.png,C:\Users\mail\work\ikiikimake\outputs\makeup2\auto\rois\frame_0001180012ms
frame_0001184984ms,1184.9838,coarse,needs_review,-5.352548431475152,0.7505690202837796,3.0339131452763866,257.1514970296189,0,,C:\Users\mail\work\ikiikimake\outputs\makeup2\auto\frames\frame_0001184984ms.png,C:\Users\mail\work\ikiikimake\outputs\makeup2\auto\rois\frame_0001184984ms
frame_0001189989ms,1189.9888,coarse,needs_review,-4.315229198456345,-2.6580029884379295,0.06388207394870685,267.01290204656175,2,,C:\Users\mail\work\ikiikimake\outputs\makeup2\auto\frames\frame_0001189989ms.png,C:\Users\mail\work\ikiikimake\outputs\makeup2\auto\rois\frame_0001189989ms
frame_0001194994ms,1194.9938,coarse,needs_review,-12.253695236383846,2.336511197260951,-4.599106545203401,309.7179315882209,0,,C:\Users\mail\work\ikiikimake\outputs\makeup2\auto\frames\frame_0001194994ms.png,C:\Users\mail\work\ikiikimake\outputs\makeup2\auto\rois\frame_0001194994ms
frame_0001199999ms,1199.9988,coarse,needs_review,-13.045096743823915,-0.08284927936324488,1.261959576304136,246.82928551509374,2,,C:\Users\mail\work\ikiikimake\outputs\makeup2\auto\frames\frame_0001199999ms.png,C:\Users\mail\work\ikiikimake\outputs\makeup2\auto\rois\frame_0001199999ms
frame_0001205004ms,1205.0038,coarse,needs_review,-8.598252475662752,9.278996881344185,-1.0840039964283126,265.71441930666526,1,,C:\Users\mail\work\ikiikimake\outputs\makeup2\auto\frames\frame_0001205004ms.png,C:\Users\mail\work\ikiikimake\outputs\makeup2\auto\rois\frame_0001205004ms
frame_0001210009ms,1210.0088,coarse,needs_review,-9.295930678584801,-13.595982472803726,1.5804018575416408,238.82062559818115,2,,C:\Users\mail\work\ikiikimake\outputs\makeup2\auto\frames\frame_0001210009ms.png,C:\Users\mail\work\ikiikimake\outputs\makeup2\auto\rois\frame_0001210009ms
frame_0001215014ms,1215.0138,coarse,needs_review,-7.703280394107311,-2.3213386326763144,0.47243173095514324,270.21792359975274,0,,C:\Users\mail\work\ikiikimake\outputs\makeup2\auto\frames\frame_0001215014ms.png,C:\Users\mail\work\ikiikimake\outputs\makeup2\auto\rois\frame_0001215014ms
frame_0001219985ms,1219.9854333333335,coarse,needs_review,-6.214399105426659,3.9083958824418668,-0.1995332063650972,276.36747693259525,0,,C:\Users\mail\work\ikiikimake\outputs\makeup2\auto\frames\frame_0001219985ms.png,C:\Users\mail\work\ikiikimake\outputs\makeup2\auto\rois\frame_0001219985ms
frame_0001224990ms,1224.9904333333334,coarse,needs_review,-8.475734000956853,-2.065818927888418,1.7283783247261628,251.91728206105796,0,,C:\Users\mail\work\ikiikimake\outputs\makeup2\auto\frames\frame_0001224990ms.png,C:\Users\mail\work\ikiikimake\outputs\makeup2\auto\rois\frame_0001224990ms
frame_0001229995ms,1229.9954333333335,coarse,needs_review,-2.564873364120087,15.080502283830432,0.4918708011603339,258.29121048880717,2,,C:\Users\mail\work\ikiikimake\outputs\makeup2\auto\frames\frame_0001229995ms.png,C:\Users\mail\work\ikiikimake\outputs\makeup2\auto\rois\frame_0001229995ms
frame_0001235000ms,1235.0004333333334,coarse,needs_review,-6.963311842454443,-0.6054106639311247,2.8150485344921,263.3159744597763,0,,C:\Users\mail\work\ikiikimake\outputs\makeup2\auto\frames\frame_0001235000ms.png,C:\Users\mail\work\ikiikimake\outputs\makeup2\auto\rois\frame_0001235000ms
frame_0001240005ms,1240.0054333333335,coarse,needs_review,-6.923189765348763,1.5664581806987972,-0.24010956695333732,268.3563919316736,0,,C:\Users\mail\work\ikiikimake\outputs\makeup2\auto\frames\frame_0001240005ms.png,C:\Users\mail\work\ikiikimake\outputs\makeup2\auto\rois\frame_0001240005ms
frame_0001245010ms,1245.0104333333334,coarse,needs_review,0.8644950872925558,14.822611065521274,-6.552503009473932,275.4722007370906,0,,C:\Users\mail\work\ikiikimake\outputs\makeup2\auto\frames\frame_0001245010ms.png,C:\Users\mail\work\ikiikimake\outputs\makeup2\auto\rois\frame_0001245010ms
frame_0001250015ms,1250.0154333333335,coarse,needs_review,-9.145524609182662,10.98929001221091,-2.555310923289109,259.4098712351162,0,,C:\Users\mail\work\ikiikimake\outputs\makeup2\auto\frames\frame_0001250015ms.png,C:\Users\mail\work\ikiikimake\outputs\makeup2\auto\rois\frame_0001250015ms
frame_0001254987ms,1254.9870666666668,coarse,failed,,,,,,"Expected exactly one face passing confidence thresholds, found 0",C:\Users\mail\work\ikiikimake\outputs\makeup2\auto\frames\frame_0001254987ms.png,C:\Users\mail\work\ikiikimake\outputs\makeup2\auto\rois\frame_0001254987ms
frame_0001259992ms,1259.9920666666667,coarse,needs_review,3.9044462585326607,5.062089796723388,-7.621133098405929,259.48583193105776,1,,C:\Users\mail\work\ikiikimake\outputs\makeup2\auto\frames\frame_0001259992ms.png,C:\Users\mail\work\ikiikimake\outputs\makeup2\auto\rois\frame_0001259992ms
frame_0001264997ms,1264.9970666666668,coarse,needs_review,-9.610682085424152,-13.16268655353521,-0.2978576667651791,260.5501504348674,0,,C:\Users\mail\work\ikiikimake\outputs\makeup2\auto\frames\frame_0001264997ms.png,C:\Users\mail\work\ikiikimake\outputs\makeup2\auto\rois\frame_0001264997ms
frame_0001270002ms,1270.0020666666667,coarse,failed,4.209395919765937,26.42491650545559,-4.652682916563928,345.5003126471269,1,face pitch too large: 26.4 deg (limit 25),C:\Users\mail\work\ikiikimake\outputs\makeup2\auto\frames\frame_0001270002ms.png,C:\Users\mail\work\ikiikimake\outputs\makeup2\auto\rois\frame_0001270002ms
frame_0001275007ms,1275.0070666666668,coarse,failed,-4.976195113104274,-8.453434711257279,-0.29374389574001875,249.65089233671938,2,left_cheek: suspected hand occlusion 7.6% (limit 2.0%); right_cheek: suspected hand occlusion 6.6% (limit 2.0%),C:\Users\mail\work\ikiikimake\outputs\makeup2\auto\frames\frame_0001275007ms.png,C:\Users\mail\work\ikiikimake\outputs\makeup2\auto\rois\frame_0001275007ms
frame_0001280012ms,1280.0120666666667,coarse,failed,-0.12153284297943692,27.509957021616234,3.005829997565746,245.85417323236402,2,face pitch too large: 27.5 deg (limit 25); right_cheek: suspected hand occlusion 9.0% (limit 2.0%),C:\Users\mail\work\ikiikimake\outputs\makeup2\auto\frames\frame_0001280012ms.png,C:\Users\mail\work\ikiikimake\outputs\makeup2\auto\rois\frame_0001280012ms
frame_0001284984ms,1284.9837,coarse,failed,-3.4027382570612614,31.496467038698942,0.9293813004868294,255.160888659127,2,face pitch too large: 31.5 deg (limit 25); right_cheek: suspected hand occlusion 4.7% (limit 2.0%),C:\Users\mail\work\ikiikimake\outputs\makeup2\auto\frames\frame_0001284984ms.png,C:\Users\mail\work\ikiikimake\outputs\makeup2\auto\rois\frame_0001284984ms
frame_0001289989ms,1289.9887,coarse,failed,,,,,,"Expected exactly one face passing confidence thresholds, found 0",C:\Users\mail\work\ikiikimake\outputs\makeup2\auto\frames\frame_0001289989ms.png,C:\Users\mail\work\ikiikimake\outputs\makeup2\auto\rois\frame_0001289989ms
frame_0001294994ms,1294.9937,coarse,needs_review,10.670731635901232,-0.0005352631868740835,15.210034615159925,249.17563527313033,1,,C:\Users\mail\work\ikiikimake\outputs\makeup2\auto\frames\frame_0001294994ms.png,C:\Users\mail\work\ikiikimake\outputs\makeup2\auto\rois\frame_0001294994ms
frame_0001299999ms,1299.9987,coarse,needs_review,-4.766095868015745,3.795524184192838,-1.3781863346520298,276.89918203711704,0,,C:\Users\mail\work\ikiikimake\outputs\makeup2\auto\frames\frame_0001299999ms.png,C:\Users\mail\work\ikiikimake\outputs\makeup2\auto\rois\frame_0001299999ms
frame_0001305004ms,1305.0037,coarse,needs_review,0.5334892391285564,-3.5686263600725576,-3.703597342461795,269.1223795207803,2,,C:\Users\mail\work\ikiikimake\outputs\makeup2\auto\frames\frame_0001305004ms.png,C:\Users\mail\work\ikiikimake\outputs\makeup2\auto\rois\frame_0001305004ms
frame_0001310009ms,1310.0087,coarse,needs_review,-0.690036408408852,9.079282385218722,0.3942867953476328,335.23593539790227,2,,C:\Users\mail\work\ikiikimake\outputs\makeup2\auto\frames\frame_0001310009ms.png,C:\Users\mail\work\ikiikimake\outputs\makeup2\auto\rois\frame_0001310009ms
frame_0001315014ms,1315.0137,coarse,needs_review,-3.138253694983039,-10.782198085849545,0.9152001721453855,266.5617709570107,0,,C:\Users\mail\work\ikiikimake\outputs\makeup2\auto\frames\frame_0001315014ms.png,C:\Users\mail\work\ikiikimake\outputs\makeup2\auto\rois\frame_0001315014ms
frame_0001319985ms,1319.9853333333333,coarse,failed,18.82143781003343,-0.6937151052965425,-10.136329719043806,250.01999567461255,2,left_cheek: suspected hand occlusion 100.0% (limit 2.0%); right_cheek: excessive clipped pixels 10.1%,C:\Users\mail\work\ikiikimake\outputs\makeup2\auto\frames\frame_0001319985ms.png,C:\Users\mail\work\ikiikimake\outputs\makeup2\auto\rois\frame_0001319985ms
frame_0001324990ms,1324.9903333333334,coarse,failed,3.152854193448879,8.524896239005109,-8.917224802602691,274.6871084367676,2,left_cheek: suspected hand occlusion 84.7% (limit 2.0%),C:\Users\mail\work\ikiikimake\outputs\makeup2\auto\frames\frame_0001324990ms.png,C:\Users\mail\work\ikiikimake\outputs\makeup2\auto\rois\frame_0001324990ms
frame_0001329995ms,1329.9953333333333,coarse,failed,19.860181715258534,2.526626432290567,-3.272827611127229,778.0246873969453,0,left_cheek: excessive clipped pixels 32.9%; right_cheek: excessive clipped pixels 20.0%,C:\Users\mail\work\ikiikimake\outputs\makeup2\auto\frames\frame_0001329995ms.png,C:\Users\mail\work\ikiikimake\outputs\makeup2\auto\rois\frame_0001329995ms
frame_0001335000ms,1335.0003333333334,coarse,needs_review,0.04314170449065744,5.078480301739451,0.968371564794462,248.4577455119874,0,,C:\Users\mail\work\ikiikimake\outputs\makeup2\auto\frames\frame_0001335000ms.png,C:\Users\mail\work\ikiikimake\outputs\makeup2\auto\rois\frame_0001335000ms
frame_0001340005ms,1340.0053333333335,coarse,needs_review,-11.32955436079975,-4.978025547040743,2.272500758940604,245.79250860607246,0,,C:\Users\mail\work\ikiikimake\outputs\makeup2\auto\frames\frame_0001340005ms.png,C:\Users\mail\work\ikiikimake\outputs\makeup2\auto\rois\frame_0001340005ms
frame_0001345010ms,1345.0103333333334,coarse,needs_review,-7.047049910519618,3.1888704853961354,0.3209945347469995,255.14021794654732,0,,C:\Users\mail\work\ikiikimake\outputs\makeup2\auto\frames\frame_0001345010ms.png,C:\Users\mail\work\ikiikimake\outputs\makeup2\auto\rois\frame_0001345010ms
frame_0001350015ms,1350.0153333333335,coarse,failed,-3.3014783692930427,-25.250589306970607,0.35034696146362787,241.0350465657992,2,face pitch too large: -25.3 deg (limit 25),C:\Users\mail\work\ikiikimake\outputs\makeup2\auto\frames\frame_0001350015ms.png,C:\Users\mail\work\ikiikimake\outputs\makeup2\auto\rois\frame_0001350015ms
frame_0001354987ms,1354.9869666666668,coarse,needs_review,-5.017237590307147,6.765468914418101,1.4870125971144919,362.7772234642941,0,,C:\Users\mail\work\ikiikimake\outputs\makeup2\auto\frames\frame_0001354987ms.png,C:\Users\mail\work\ikiikimake\outputs\makeup2\auto\rois\frame_0001354987ms
frame_0001359992ms,1359.9919666666667,coarse,needs_review,-20.855565535987406,-3.5672557046431908,1.9796009967877244,244.3310491826406,0,,C:\Users\mail\work\ikiikimake\outputs\makeup2\auto\frames\frame_0001359992ms.png,C:\Users\mail\work\ikiikimake\outputs\makeup2\auto\rois\frame_0001359992ms
frame_0001364997ms,1364.9969666666668,coarse,needs_review,-3.5994152638288717,7.229782945364174,2.2392729514441445,252.52730604707452,0,,C:\Users\mail\work\ikiikimake\outputs\makeup2\auto\frames\frame_0001364997ms.png,C:\Users\mail\work\ikiikimake\outputs\makeup2\auto\rois\frame_0001364997ms
frame_0001370002ms,1370.0019666666667,coarse,needs_review,-13.766862928442388,-4.871419537350146,3.86879238205511,256.0835638442683,0,,C:\Users\mail\work\ikiikimake\outputs\makeup2\auto\frames\frame_0001370002ms.png,C:\Users\mail\work\ikiikimake\outputs\makeup2\auto\rois\frame_0001370002ms
frame_0001375007ms,1375.0069666666668,coarse,failed,-3.4519700991373394,14.052689631514898,-4.095167079663774,257.1643348303124,1,right_cheek: excessive clipped pixels 28.0%,C:\Users\mail\work\ikiikimake\outputs\makeup2\auto\frames\frame_0001375007ms.png,C:\Users\mail\work\ikiikimake\outputs\makeup2\auto\rois\frame_0001375007ms
frame_0001380012ms,1380.0119666666667,coarse,needs_review,-3.8285762249926023,0.33791647888246357,0.38463052364629746,411.8098199580228,0,,C:\Users\mail\work\ikiikimake\outputs\makeup2\auto\frames\frame_0001380012ms.png,C:\Users\mail\work\ikiikimake\outputs\makeup2\auto\rois\frame_0001380012ms
frame_0001384984ms,1384.9836,coarse,needs_review,-6.0644483344099,2.764742753111611,5.859869582227036,271.2851908259598,1,,C:\Users\mail\work\ikiikimake\outputs\makeup2\auto\frames\frame_0001384984ms.png,C:\Users\mail\work\ikiikimake\outputs\makeup2\auto\rois\frame_0001384984ms
frame_0001389989ms,1389.9886000000001,coarse,needs_review,0.9974500587378621,8.061221662858928,6.575287225572968,262.0374517201441,2,,C:\Users\mail\work\ikiikimake\outputs\makeup2\auto\frames\frame_0001389989ms.png,C:\Users\mail\work\ikiikimake\outputs\makeup2\auto\rois\frame_0001389989ms
frame_0001394994ms,1394.9936,coarse,needs_review,-7.95006115383914,7.204317881819695,1.9978188188615849,420.14926307726444,1,,C:\Users\mail\work\ikiikimake\outputs\makeup2\auto\frames\frame_0001394994ms.png,C:\Users\mail\work\ikiikimake\outputs\makeup2\auto\rois\frame_0001394994ms
frame_0001399999ms,1399.9986000000001,coarse,needs_review,-1.1217772254455405,5.354299687910997,11.151499622456411,396.9045372648322,2,,C:\Users\mail\work\ikiikimake\outputs\makeup2\auto\frames\frame_0001399999ms.png,C:\Users\mail\work\ikiikimake\outputs\makeup2\auto\rois\frame_0001399999ms
frame_0001405004ms,1405.0036,coarse,failed,,,,,,"Expected exactly one face passing confidence thresholds, found 0",C:\Users\mail\work\ikiikimake\outputs\makeup2\auto\frames\frame_0001405004ms.png,C:\Users\mail\work\ikiikimake\outputs\makeup2\auto\rois\frame_0001405004ms
frame_0001410009ms,1410.0086000000001,coarse,needs_review,2.3885852642931886,2.8800016082944135,-0.8887159043828955,1230.778865093365,0,,C:\Users\mail\work\ikiikimake\outputs\makeup2\auto\frames\frame_0001410009ms.png,C:\Users\mail\work\ikiikimake\outputs\makeup2\auto\rois\frame_0001410009ms
frame_0001415014ms,1415.0136,coarse,failed,26.344939250949015,10.937740524407603,6.400519045316372,1035.3258195204928,0,face yaw too large: 26.3 deg (limit 25),C:\Users\mail\work\ikiikimake\outputs\makeup2\auto\frames\frame_0001415014ms.png,C:\Users\mail\work\ikiikimake\outputs\makeup2\auto\rois\frame_0001415014ms
frame_0001419985ms,1419.9852333333333,coarse,failed,29.5121116134843,0.20873375759552593,-0.050679133406200984,219.2603292048708,1,face yaw too large: 29.5 deg (limit 25),C:\Users\mail\work\ikiikimake\outputs\makeup2\auto\frames\frame_0001419985ms.png,C:\Users\mail\work\ikiikimake\outputs\makeup2\auto\rois\frame_0001419985ms
frame_0001424990ms,1424.9902333333334,coarse,failed,17.657037281367487,-5.281550139535265,5.865347202020212,243.02176234211896,1,forehead: suspected hand occlusion 5.9% (limit 2.0%),C:\Users\mail\work\ikiikimake\outputs\makeup2\auto\frames\frame_0001424990ms.png,C:\Users\mail\work\ikiikimake\outputs\makeup2\auto\rois\frame_0001424990ms
frame_0001429995ms,1429.9952333333333,coarse,failed,,,,,,"Expected exactly one face passing confidence thresholds, found 0",C:\Users\mail\work\ikiikimake\outputs\makeup2\auto\frames\frame_0001429995ms.png,C:\Users\mail\work\ikiikimake\outputs\makeup2\auto\rois\frame_0001429995ms
frame_0001435000ms,1435.0002333333334,coarse,failed,,,,,,"Expected exactly one face passing confidence thresholds, found 2",C:\Users\mail\work\ikiikimake\outputs\makeup2\auto\frames\frame_0001435000ms.png,C:\Users\mail\work\ikiikimake\outputs\makeup2\auto\rois\frame_0001435000ms
frame_0001440005ms,1440.0052333333333,coarse,failed,,,,,,"Expected exactly one face passing confidence thresholds, found 0",C:\Users\mail\work\ikiikimake\outputs\makeup2\auto\frames\frame_0001440005ms.png,C:\Users\mail\work\ikiikimake\outputs\makeup2\auto\rois\frame_0001440005ms
frame_0001445010ms,1445.0102333333334,coarse,needs_review,5.225038459666624,0.34920450484461035,5.856600348483845,344.3879057746118,1,,C:\Users\mail\work\ikiikimake\outputs\makeup2\auto\frames\frame_0001445010ms.png,C:\Users\mail\work\ikiikimake\outputs\makeup2\auto\rois\frame_0001445010ms
frame_0001450015ms,1450.0152333333333,coarse,needs_review,-2.9704428536634526,10.102083408938997,0.32816697405186995,274.5654174995103,0,,C:\Users\mail\work\ikiikimake\outputs\makeup2\auto\frames\frame_0001450015ms.png,C:\Users\mail\work\ikiikimake\outputs\makeup2\auto\rois\frame_0001450015ms
frame_0001454987ms,1454.9868666666666,coarse,failed,8.678752333537153,11.365191609273841,-10.202712228460921,252.95428284690203,1,right_cheek: suspected hand occlusion 100.0% (limit 2.0%),C:\Users\mail\work\ikiikimake\outputs\makeup2\auto\frames\frame_0001454987ms.png,C:\Users\mail\work\ikiikimake\outputs\makeup2\auto\rois\frame_0001454987ms
frame_0001459992ms,1459.9918666666667,coarse,needs_review,-20.216349705281036,8.249815294120262,-2.3032739341234953,231.66395823847884,2,,C:\Users\mail\work\ikiikimake\outputs\makeup2\auto\frames\frame_0001459992ms.png,C:\Users\mail\work\ikiikimake\outputs\makeup2\auto\rois\frame_0001459992ms
frame_0001464997ms,1464.9968666666668,coarse,needs_review,-1.1210295194288877,10.952871404160295,-2.059076111790668,388.93431103741267,0,,C:\Users\mail\work\ikiikimake\outputs\makeup2\auto\frames\frame_0001464997ms.png,C:\Users\mail\work\ikiikimake\outputs\makeup2\auto\rois\frame_0001464997ms
frame_0001470002ms,1470.0018666666667,coarse,needs_review,-4.213542099236377,3.00774500644884,0.9314958555914505,244.1659688266691,0,,C:\Users\mail\work\ikiikimake\outputs\makeup2\auto\frames\frame_0001470002ms.png,C:\Users\mail\work\ikiikimake\outputs\makeup2\auto\rois\frame_0001470002ms
frame_0001475007ms,1475.0068666666668,coarse,needs_review,-2.909809550588015,5.475465153339809,0.0010670934940517185,252.88411835365935,0,,C:\Users\mail\work\ikiikimake\outputs\makeup2\auto\frames\frame_0001475007ms.png,C:\Users\mail\work\ikiikimake\outputs\makeup2\auto\rois\frame_0001475007ms
frame_0001480012ms,1480.0118666666667,coarse,needs_review,-12.895146790848003,-13.283880192126318,2.285159454617577,246.28705915130124,0,,C:\Users\mail\work\ikiikimake\outputs\makeup2\auto\frames\frame_0001480012ms.png,C:\Users\mail\work\ikiikimake\outputs\makeup2\auto\rois\frame_0001480012ms
frame_0001484984ms,1484.9835,coarse,needs_review,-16.33007104122075,20.829803567786048,-4.50480263668573,240.785786751154,0,,C:\Users\mail\work\ikiikimake\outputs\makeup2\auto\frames\frame_0001484984ms.png,C:\Users\mail\work\ikiikimake\outputs\makeup2\auto\rois\frame_0001484984ms
frame_0001489989ms,1489.9885000000002,coarse,needs_review,-12.333587875606105,-9.590499810217368,-1.2530242622340562,255.66540668401552,0,,C:\Users\mail\work\ikiikimake\outputs\makeup2\auto\frames\frame_0001489989ms.png,C:\Users\mail\work\ikiikimake\outputs\makeup2\auto\rois\frame_0001489989ms
frame_0001494994ms,1494.9935,coarse,needs_review,-9.85451042119882,3.8272545078489473,-1.446294783042677,279.90164822707584,2,,C:\Users\mail\work\ikiikimake\outputs\makeup2\auto\frames\frame_0001494994ms.png,C:\Users\mail\work\ikiikimake\outputs\makeup2\auto\rois\frame_0001494994ms
frame_0001499999ms,1499.9985000000001,coarse,needs_review,9.146503149859328,9.65139651832924,-3.1280547482260372,758.2481323771136,0,,C:\Users\mail\work\ikiikimake\outputs\makeup2\auto\frames\frame_0001499999ms.png,C:\Users\mail\work\ikiikimake\outputs\makeup2\auto\rois\frame_0001499999ms
frame_0001505004ms,1505.0035,coarse,needs_review,-7.1156831992995455,14.580227878940212,-1.9274747806642487,251.1530997950275,0,,C:\Users\mail\work\ikiikimake\outputs\makeup2\auto\frames\frame_0001505004ms.png,C:\Users\mail\work\ikiikimake\outputs\makeup2\auto\rois\frame_0001505004ms
frame_0001510009ms,1510.0085000000001,coarse,needs_review,-2.2217083830754962,16.8252090643298,-2.489504096252585,260.42372464107973,0,,C:\Users\mail\work\ikiikimake\outputs\makeup2\auto\frames\frame_0001510009ms.png,C:\Users\mail\work\ikiikimake\outputs\makeup2\auto\rois\frame_0001510009ms
frame_0001515014ms,1515.0135,coarse,needs_review,-4.250828933200911,14.815352576624456,-0.6332533570714697,257.10469847701177,0,,C:\Users\mail\work\ikiikimake\outputs\makeup2\auto\frames\frame_0001515014ms.png,C:\Users\mail\work\ikiikimake\outputs\makeup2\auto\rois\frame_0001515014ms
frame_0001519985ms,1519.9851333333334,coarse,failed,,,,,,"Expected exactly one face passing confidence thresholds, found 0",C:\Users\mail\work\ikiikimake\outputs\makeup2\auto\frames\frame_0001519985ms.png,C:\Users\mail\work\ikiikimake\outputs\makeup2\auto\rois\frame_0001519985ms
frame_0001524990ms,1524.9901333333335,coarse,failed,-8.955703765512355,-3.447182439248028,-4.423949391234633,235.04079348401675,2,left_cheek: suspected hand occlusion 99.8% (limit 2.0%),C:\Users\mail\work\ikiikimake\outputs\makeup2\auto\frames\frame_0001524990ms.png,C:\Users\mail\work\ikiikimake\outputs\makeup2\auto\rois\frame_0001524990ms
frame_0001529995ms,1529.9951333333333,coarse,failed,,,,,,"Expected exactly one face passing confidence thresholds, found 0",C:\Users\mail\work\ikiikimake\outputs\makeup2\auto\frames\frame_0001529995ms.png,C:\Users\mail\work\ikiikimake\outputs\makeup2\auto\rois\frame_0001529995ms
frame_0001535000ms,1535.0001333333335,coarse,needs_review,13.737631251928041,-3.305527576164087,-2.023933579958146,994.0325519964258,1,,C:\Users\mail\work\ikiikimake\outputs\makeup2\auto\frames\frame_0001535000ms.png,C:\Users\mail\work\ikiikimake\outputs\makeup2\auto\rois\frame_0001535000ms
frame_0001540005ms,1540.0051333333333,coarse,failed,,,,,,"Expected exactly one face passing confidence thresholds, found 0",C:\Users\mail\work\ikiikimake\outputs\makeup2\auto\frames\frame_0001540005ms.png,C:\Users\mail\work\ikiikimake\outputs\makeup2\auto\rois\frame_0001540005ms
frame_0001545010ms,1545.0101333333334,coarse,failed,26.850988241783597,-5.290760153149302,-3.173773714239125,833.0638297023901,1,face yaw too large: 26.9 deg (limit 25),C:\Users\mail\work\ikiikimake\outputs\makeup2\auto\frames\frame_0001545010ms.png,C:\Users\mail\work\ikiikimake\outputs\makeup2\auto\rois\frame_0001545010ms
frame_0001550015ms,1550.0151333333333,coarse,failed,14.33908832796505,-2.1735605235258935,-2.9196400997464806,961.8047134741181,0,left_cheek: excessive clipped pixels 25.7%; right_cheek: excessive clipped pixels 22.2%,C:\Users\mail\work\ikiikimake\outputs\makeup2\auto\frames\frame_0001550015ms.png,C:\Users\mail\work\ikiikimake\outputs\makeup2\auto\rois\frame_0001550015ms
frame_0001554987ms,1554.9867666666667,coarse,needs_review,-10.381593418167398,1.4742784903730677,7.675708618455703,255.46417632501462,0,,C:\Users\mail\work\ikiikimake\outputs\makeup2\auto\frames\frame_0001554987ms.png,C:\Users\mail\work\ikiikimake\outputs\makeup2\auto\rois\frame_0001554987ms
frame_0001559992ms,1559.9917666666668,coarse,needs_review,-17.406317906662373,13.339966688574638,1.5627861542195356,246.2631468289603,0,,C:\Users\mail\work\ikiikimake\outputs\makeup2\auto\frames\frame_0001559992ms.png,C:\Users\mail\work\ikiikimake\outputs\makeup2\auto\rois\frame_0001559992ms
frame_0001564997ms,1564.9967666666666,coarse,needs_review,-4.386007600651549,9.073409040714921,1.920455272973487,382.58424043428454,0,,C:\Users\mail\work\ikiikimake\outputs\makeup2\auto\frames\frame_0001564997ms.png,C:\Users\mail\work\ikiikimake\outputs\makeup2\auto\rois\frame_0001564997ms
frame_0001570002ms,1570.0017666666668,coarse,needs_review,20.01279796229313,15.314189442993655,1.3462943772200273,232.26097587432798,2,,C:\Users\mail\work\ikiikimake\outputs\makeup2\auto\frames\frame_0001570002ms.png,C:\Users\mail\work\ikiikimake\outputs\makeup2\auto\rois\frame_0001570002ms
frame_0001575007ms,1575.0067666666666,coarse,failed,13.79888676060498,-5.62772427086581,-14.330885933122538,1136.385250876003,0,right_cheek: polygon outside image (not clipped); left_cheek: excessive clipped pixels 52.0%,C:\Users\mail\work\ikiikimake\outputs\makeup2\auto\frames\frame_0001575007ms.png,C:\Users\mail\work\ikiikimake\outputs\makeup2\auto\rois\frame_0001575007ms
frame_0001580012ms,1580.0117666666667,coarse,failed,-7.834728831060644,4.491279197430578,-4.296866523583312,305.3625850749799,1,left_cheek: excessive clipped pixels 45.2%; right_cheek: excessive clipped pixels 13.4%,C:\Users\mail\work\ikiikimake\outputs\makeup2\auto\frames\frame_0001580012ms.png,C:\Users\mail\work\ikiikimake\outputs\makeup2\auto\rois\frame_0001580012ms
frame_0001584983ms,1584.9834,coarse,needs_review,-6.480669236209721,-15.28437840916884,-3.399486468913772,250.79237029299279,0,,C:\Users\mail\work\ikiikimake\outputs\makeup2\auto\frames\frame_0001584983ms.png,C:\Users\mail\work\ikiikimake\outputs\makeup2\auto\rois\frame_0001584983ms
frame_0001589988ms,1589.9884000000002,coarse,needs_review,-6.316258738078258,-4.7436274040091435,1.2983702407515327,263.5559061912834,0,,C:\Users\mail\work\ikiikimake\outputs\makeup2\auto\frames\frame_0001589988ms.png,C:\Users\mail\work\ikiikimake\outputs\makeup2\auto\rois\frame_0001589988ms
frame_0001594993ms,1594.9934,coarse,needs_review,-5.1691156997109085,7.353197231365421,-0.6560808046125257,265.9693861646168,0,,C:\Users\mail\work\ikiikimake\outputs\makeup2\auto\frames\frame_0001594993ms.png,C:\Users\mail\work\ikiikimake\outputs\makeup2\auto\rois\frame_0001594993ms
frame_0001599998ms,1599.9984000000002,coarse,needs_review,-10.656676818995011,-1.2307000585995784,-1.1181995169058976,253.49334155447102,0,,C:\Users\mail\work\ikiikimake\outputs\makeup2\auto\frames\frame_0001599998ms.png,C:\Users\mail\work\ikiikimake\outputs\makeup2\auto\rois\frame_0001599998ms
frame_0001605003ms,1605.0034,coarse,needs_review,-1.359351718655583,11.006640728614139,-4.213309489789614,259.7884915992687,2,,C:\Users\mail\work\ikiikimake\outputs\makeup2\auto\frames\frame_0001605003ms.png,C:\Users\mail\work\ikiikimake\outputs\makeup2\auto\rois\frame_0001605003ms
frame_0001610008ms,1610.0084000000002,coarse,needs_review,-16.12805198559932,4.395611871968736,-2.9169640142319837,236.69873572176718,2,,C:\Users\mail\work\ikiikimake\outputs\makeup2\auto\frames\frame_0001610008ms.png,C:\Users\mail\work\ikiikimake\outputs\makeup2\auto\rois\frame_0001610008ms
frame_0001615013ms,1615.0134,coarse,needs_review,-10.942020349386826,19.999523078721023,-0.3312018601961257,248.8864496830535,2,,C:\Users\mail\work\ikiikimake\outputs\makeup2\auto\frames\frame_0001615013ms.png,C:\Users\mail\work\ikiikimake\outputs\makeup2\auto\rois\frame_0001615013ms
frame_0001619985ms,1619.9850333333334,coarse,failed,,,,,,"Expected exactly one face passing confidence thresholds, found 0",C:\Users\mail\work\ikiikimake\outputs\makeup2\auto\frames\frame_0001619985ms.png,C:\Users\mail\work\ikiikimake\outputs\makeup2\auto\rois\frame_0001619985ms
frame_0001624990ms,1624.9900333333335,coarse,needs_review,-1.7134407119291557,18.407801401176187,-1.7528005788807095,260.00534126195356,2,,C:\Users\mail\work\ikiikimake\outputs\makeup2\auto\frames\frame_0001624990ms.png,C:\Users\mail\work\ikiikimake\outputs\makeup2\auto\rois\frame_0001624990ms
frame_0001629995ms,1629.9950333333334,coarse,needs_review,12.075467381566042,10.87298726750526,17.584850690849468,249.6264850050229,2,,C:\Users\mail\work\ikiikimake\outputs\makeup2\auto\frames\frame_0001629995ms.png,C:\Users\mail\work\ikiikimake\outputs\makeup2\auto\rois\frame_0001629995ms
frame_0001635000ms,1635.0000333333335,coarse,needs_review,-8.777167158521033,-2.0223773502490827,-0.12064070682733287,256.07519246278207,2,,C:\Users\mail\work\ikiikimake\outputs\makeup2\auto\frames\frame_0001635000ms.png,C:\Users\mail\work\ikiikimake\outputs\makeup2\auto\rois\frame_0001635000ms
frame_0001640005ms,1640.0050333333334,coarse,needs_review,-12.091984878942013,-7.638442899074517,-3.7905864096920414,256.72990440576774,2,,C:\Users\mail\work\ikiikimake\outputs\makeup2\auto\frames\frame_0001640005ms.png,C:\Users\mail\work\ikiikimake\outputs\makeup2\auto\rois\frame_0001640005ms
frame_0001645010ms,1645.0100333333335,coarse,failed,10.926992807259927,-5.159781997861229,15.517296402406217,760.4514306773648,1,forehead: polygon outside image (not clipped),C:\Users\mail\work\ikiikimake\outputs\makeup2\auto\frames\frame_0001645010ms.png,C:\Users\mail\work\ikiikimake\outputs\makeup2\auto\rois\frame_0001645010ms
frame_0001650015ms,1650.0150333333333,coarse,needs_review,22.039115191203702,3.0959418185375065,-0.48727633065064574,879.64489255798,0,,C:\Users\mail\work\ikiikimake\outputs\makeup2\auto\frames\frame_0001650015ms.png,C:\Users\mail\work\ikiikimake\outputs\makeup2\auto\rois\frame_0001650015ms
frame_0001654987ms,1654.9866666666667,coarse,needs_review,8.260058060033707,8.836750138673947,1.6491800140365436,253.7964553829489,2,,C:\Users\mail\work\ikiikimake\outputs\makeup2\auto\frames\frame_0001654987ms.png,C:\Users\mail\work\ikiikimake\outputs\makeup2\auto\rois\frame_0001654987ms
frame_0001659992ms,1659.9916666666668,coarse,failed,8.117953316810476,-3.1363062663170465,0.07185258770245717,947.7060385718192,1,left_cheek: suspected hand occlusion 21.4% (limit 2.0%),C:\Users\mail\work\ikiikimake\outputs\makeup2\auto\frames\frame_0001659992ms.png,C:\Users\mail\work\ikiikimake\outputs\makeup2\auto\rois\frame_0001659992ms
frame_0001664997ms,1664.9966666666667,coarse,needs_review,9.662695121667209,3.5900482658916486,1.873513264607153,249.75709797346715,2,,C:\Users\mail\work\ikiikimake\outputs\makeup2\auto\frames\frame_0001664997ms.png,C:\Users\mail\work\ikiikimake\outputs\makeup2\auto\rois\frame_0001664997ms
frame_0001670002ms,1670.0016666666668,coarse,failed,18.629011034772045,9.110577948075202,3.864936105999137,759.4271542777858,0,left_cheek: excessive clipped pixels 57.8%; right_cheek: excessive clipped pixels 11.8%,C:\Users\mail\work\ikiikimake\outputs\makeup2\auto\frames\frame_0001670002ms.png,C:\Users\mail\work\ikiikimake\outputs\makeup2\auto\rois\frame_0001670002ms
frame_0001675007ms,1675.0066666666667,coarse,needs_review,5.56944776906816,-0.09396293138210164,0.3093300612200499,1341.8262616924846,0,,C:\Users\mail\work\ikiikimake\outputs\makeup2\auto\frames\frame_0001675007ms.png,C:\Users\mail\work\ikiikimake\outputs\makeup2\auto\rois\frame_0001675007ms
frame_0001680012ms,1680.0116666666668,coarse,needs_review,-2.901414015294701,13.638583475578711,-0.07394295240265161,249.6991455010327,2,,C:\Users\mail\work\ikiikimake\outputs\makeup2\auto\frames\frame_0001680012ms.png,C:\Users\mail\work\ikiikimake\outputs\makeup2\auto\rois\frame_0001680012ms
frame_0001685017ms,1685.0166666666667,coarse,needs_review,-6.638592213588289,1.426628721632034,-0.9245453237544536,247.20719998122934,2,,C:\Users\mail\work\ikiikimake\outputs\makeup2\auto\frames\frame_0001685017ms.png,C:\Users\mail\work\ikiikimake\outputs\makeup2\auto\rois\frame_0001685017ms
frame_0001689988ms,1689.9883,coarse,needs_review,0.33246796780941446,-4.507883246690118,-1.4818721135176223,327.66285698367614,0,,C:\Users\mail\work\ikiikimake\outputs\makeup2\auto\frames\frame_0001689988ms.png,C:\Users\mail\work\ikiikimake\outputs\makeup2\auto\rois\frame_0001689988ms
frame_0001694993ms,1694.9933,coarse,needs_review,-5.585295309654951,18.062071740433286,-2.312963654321836,248.65271730372385,2,,C:\Users\mail\work\ikiikimake\outputs\makeup2\auto\frames\frame_0001694993ms.png,C:\Users\mail\work\ikiikimake\outputs\makeup2\auto\rois\frame_0001694993ms
frame_0001699998ms,1699.9983,coarse,needs_review,-11.553467691081003,-5.7403506578797465,0.156733123982172,253.5367941680018,1,,C:\Users\mail\work\ikiikimake\outputs\makeup2\auto\frames\frame_0001699998ms.png,C:\Users\mail\work\ikiikimake\outputs\makeup2\auto\rois\frame_0001699998ms
frame_0001705003ms,1705.0033,coarse,failed,,,,,,"Expected exactly one face passing confidence thresholds, found 0",C:\Users\mail\work\ikiikimake\outputs\makeup2\auto\frames\frame_0001705003ms.png,C:\Users\mail\work\ikiikimake\outputs\makeup2\auto\rois\frame_0001705003ms
frame_0001710008ms,1710.0083000000002,coarse,needs_review,-2.6923863573939766,11.632012467017065,0.3944491546111547,251.10918118509454,0,,C:\Users\mail\work\ikiikimake\outputs\makeup2\auto\frames\frame_0001710008ms.png,C:\Users\mail\work\ikiikimake\outputs\makeup2\auto\rois\frame_0001710008ms
frame_0001715013ms,1715.0133,coarse,failed,2.5478187963902084,2.7654843269003013,-4.560830174826373,278.33193524553326,1,right_cheek: suspected hand occlusion 100.0% (limit 2.0%),C:\Users\mail\work\ikiikimake\outputs\makeup2\auto\frames\frame_0001715013ms.png,C:\Users\mail\work\ikiikimake\outputs\makeup2\auto\rois\frame_0001715013ms
frame_0001719985ms,1719.9849333333334,coarse,needs_review,-6.018684505176226,19.813938852906144,-2.4741705793886832,254.54623098896272,1,,C:\Users\mail\work\ikiikimake\outputs\makeup2\auto\frames\frame_0001719985ms.png,C:\Users\mail\work\ikiikimake\outputs\makeup2\auto\rois\frame_0001719985ms
frame_0001724990ms,1724.9899333333335,coarse,failed,-5.071899102397999,-2.9742037000885566,0.8526886961214135,846.7878345635122,1,left_cheek: excessive clipped pixels 53.0%; right_cheek: excessive clipped pixels 19.3%,C:\Users\mail\work\ikiikimake\outputs\makeup2\auto\frames\frame_0001724990ms.png,C:\Users\mail\work\ikiikimake\outputs\makeup2\auto\rois\frame_0001724990ms
frame_0001729995ms,1729.9949333333334,coarse,failed,,,,,,"Expected exactly one face passing confidence thresholds, found 0",C:\Users\mail\work\ikiikimake\outputs\makeup2\auto\frames\frame_0001729995ms.png,C:\Users\mail\work\ikiikimake\outputs\makeup2\auto\rois\frame_0001729995ms
frame_0001735000ms,1734.9999333333335,coarse,failed,19.81131321065125,2.6961309680183287,2.318948781830409,868.0960005650028,1,left_cheek: excessive clipped pixels 32.6%,C:\Users\mail\work\ikiikimake\outputs\makeup2\auto\frames\frame_0001735000ms.png,C:\Users\mail\work\ikiikimake\outputs\makeup2\auto\rois\frame_0001735000ms
frame_0001740005ms,1740.0049333333334,coarse,failed,18.60490383431018,-7.134060479238867,-6.725367667010322,1087.6811133607223,0,left_cheek: polygon outside image (not clipped); right_cheek: polygon outside image (not clipped),C:\Users\mail\work\ikiikimake\outputs\makeup2\auto\frames\frame_0001740005ms.png,C:\Users\mail\work\ikiikimake\outputs\makeup2\auto\rois\frame_0001740005ms
frame_0001745010ms,1745.0099333333335,coarse,failed,11.80042390200157,-5.664814375083735,-5.785913748388271,1157.4562771796475,0,left_cheek: excessive clipped pixels 88.1%; right_cheek: excessive clipped pixels 66.8%,C:\Users\mail\work\ikiikimake\outputs\makeup2\auto\frames\frame_0001745010ms.png,C:\Users\mail\work\ikiikimake\outputs\makeup2\auto\rois\frame_0001745010ms
frame_0001750015ms,1750.0149333333334,coarse,failed,26.355228832134642,-5.971206398143512,-6.141067762371916,941.7348536383851,0,face yaw too large: 26.4 deg (limit 25); left_cheek: excessive clipped pixels 53.0%; right_cheek: excessive clipped pixels 65.1%,C:\Users\mail\work\ikiikimake\outputs\makeup2\auto\frames\frame_0001750015ms.png,C:\Users\mail\work\ikiikimake\outputs\makeup2\auto\rois\frame_0001750015ms
frame_0001754987ms,1754.9865666666667,coarse,failed,21.5499034114416,4.743344974178242,20.813542476335293,160.55747120955908,0,face roll too large: 20.8 deg (limit 20),C:\Users\mail\work\ikiikimake\outputs\makeup2\auto\frames\frame_0001754987ms.png,C:\Users\mail\work\ikiikimake\outputs\makeup2\auto\rois\frame_0001754987ms
frame_0001759992ms,1759.9915666666668,coarse,needs_review,-4.407846557764552,0.4111811500625999,-1.0351736238147016,275.8276171901456,0,,C:\Users\mail\work\ikiikimake\outputs\makeup2\auto\frames\frame_0001759992ms.png,C:\Users\mail\work\ikiikimake\outputs\makeup2\auto\rois\frame_0001759992ms
frame_0001764997ms,1764.9965666666667,coarse,failed,,,,,,"Expected exactly one face passing confidence thresholds, found 0",C:\Users\mail\work\ikiikimake\outputs\makeup2\auto\frames\frame_0001764997ms.png,C:\Users\mail\work\ikiikimake\outputs\makeup2\auto\rois\frame_0001764997ms
frame_0001770002ms,1770.0015666666668,coarse,needs_review,-0.7174587997328141,7.745645288057187,8.039113973891848,256.7159746990172,1,,C:\Users\mail\work\ikiikimake\outputs\makeup2\auto\frames\frame_0001770002ms.png,C:\Users\mail\work\ikiikimake\outputs\makeup2\auto\rois\frame_0001770002ms
frame_0001775007ms,1775.0065666666667,coarse,failed,14.313021638969888,24.603145710954976,20.155686929565558,247.44208863735048,0,face roll too large: 20.2 deg (limit 20),C:\Users\mail\work\ikiikimake\outputs\makeup2\auto\frames\frame_0001775007ms.png,C:\Users\mail\work\ikiikimake\outputs\makeup2\auto\rois\frame_0001775007ms
frame_0001780012ms,1780.0115666666668,coarse,failed,36.338998758911664,31.597319968753947,26.602751611426775,687.0851816339133,1,face yaw too large: 36.3 deg (limit 25); face pitch too large: 31.6 deg (limit 25); face roll too large: 26.6 deg (limit 20); forehead: polygon outside image (not clipped),C:\Users\mail\work\ikiikimake\outputs\makeup2\auto\frames\frame_0001780012ms.png,C:\Users\mail\work\ikiikimake\outputs\makeup2\auto\rois\frame_0001780012ms
frame_0001785017ms,1785.0165666666667,coarse,needs_review,-13.56380227719052,17.338619635510092,-1.3490409618467027,246.09334381003032,1,,C:\Users\mail\work\ikiikimake\outputs\makeup2\auto\frames\frame_0001785017ms.png,C:\Users\mail\work\ikiikimake\outputs\makeup2\auto\rois\frame_0001785017ms
frame_0001789988ms,1789.9882,coarse,needs_review,-12.051605922363374,-0.7234378152484441,0.6655190472474639,345.1722609512306,0,,C:\Users\mail\work\ikiikimake\outputs\makeup2\auto\frames\frame_0001789988ms.png,C:\Users\mail\work\ikiikimake\outputs\makeup2\auto\rois\frame_0001789988ms
frame_0001794993ms,1794.9932000000001,coarse,needs_review,5.745274900171676,7.761928963844971,3.5443032986470193,211.56993711328943,2,,C:\Users\mail\work\ikiikimake\outputs\makeup2\auto\frames\frame_0001794993ms.png,C:\Users\mail\work\ikiikimake\outputs\makeup2\auto\rois\frame_0001794993ms
frame_0001799998ms,1799.9982,coarse,needs_review,-17.52068702737225,11.643700155218067,-0.11936911187247744,254.5630864495913,1,,C:\Users\mail\work\ikiikimake\outputs\makeup2\auto\frames\frame_0001799998ms.png,C:\Users\mail\work\ikiikimake\outputs\makeup2\auto\rois\frame_0001799998ms
frame_0001805003ms,1805.0032,coarse,failed,-2.0223829643074587,25.545119005921148,-2.081989003830021,255.78946140868467,1,face pitch too large: 25.5 deg (limit 25),C:\Users\mail\work\ikiikimake\outputs\makeup2\auto\frames\frame_0001805003ms.png,C:\Users\mail\work\ikiikimake\outputs\makeup2\auto\rois\frame_0001805003ms
frame_0001810008ms,1810.0082,coarse,failed,,,,,,"Expected exactly one face passing confidence thresholds, found 0",C:\Users\mail\work\ikiikimake\outputs\makeup2\auto\frames\frame_0001810008ms.png,C:\Users\mail\work\ikiikimake\outputs\makeup2\auto\rois\frame_0001810008ms
frame_0001815013ms,1815.0132,coarse,needs_review,-5.978866182590237,-6.758379805509304,-1.4601933679101904,254.57875310953753,0,,C:\Users\mail\work\ikiikimake\outputs\makeup2\auto\frames\frame_0001815013ms.png,C:\Users\mail\work\ikiikimake\outputs\makeup2\auto\rois\frame_0001815013ms
frame_0001819985ms,1819.9848333333334,coarse,needs_review,-2.4568835709041594,2.592003090470764,2.413715993217841,625.700775831202,0,,C:\Users\mail\work\ikiikimake\outputs\makeup2\auto\frames\frame_0001819985ms.png,C:\Users\mail\work\ikiikimake\outputs\makeup2\auto\rois\frame_0001819985ms
frame_0001824990ms,1824.9898333333333,coarse,needs_review,-0.9548941604802925,15.289100370777545,0.39842154606902025,254.7828568824519,1,,C:\Users\mail\work\ikiikimake\outputs\makeup2\auto\frames\frame_0001824990ms.png,C:\Users\mail\work\ikiikimake\outputs\makeup2\auto\rois\frame_0001824990ms
frame_0001829995ms,1829.9948333333334,coarse,needs_review,-2.2346512442212005,1.065139241933927,0.9375140290181216,248.80901643460618,2,,C:\Users\mail\work\ikiikimake\outputs\makeup2\auto\frames\frame_0001829995ms.png,C:\Users\mail\work\ikiikimake\outputs\makeup2\auto\rois\frame_0001829995ms
frame_0001835000ms,1834.9998333333335,coarse,needs_review,-5.296420797632516,8.4898326794455,-2.7293141302270043,255.0355207631914,1,,C:\Users\mail\work\ikiikimake\outputs\makeup2\auto\frames\frame_0001835000ms.png,C:\Users\mail\work\ikiikimake\outputs\makeup2\auto\rois\frame_0001835000ms
frame_0001840005ms,1840.0048333333334,coarse,needs_review,-3.8193729156774516,2.3534152029261803,0.13524747242823504,244.71294660012356,2,,C:\Users\mail\work\ikiikimake\outputs\makeup2\auto\frames\frame_0001840005ms.png,C:\Users\mail\work\ikiikimake\outputs\makeup2\auto\rois\frame_0001840005ms
frame_0001845010ms,1845.0098333333335,coarse,needs_review,3.550804010763526,8.292352112850166,-0.22324327470885086,243.27510713254838,2,,C:\Users\mail\work\ikiikimake\outputs\makeup2\auto\frames\frame_0001845010ms.png,C:\Users\mail\work\ikiikimake\outputs\makeup2\auto\rois\frame_0001845010ms
frame_0001850015ms,1850.0148333333334,coarse,needs_review,-2.717097353417343,-0.004063427499997772,-0.4011864691079523,261.0740317235808,0,,C:\Users\mail\work\ikiikimake\outputs\makeup2\auto\frames\frame_0001850015ms.png,C:\Users\mail\work\ikiikimake\outputs\makeup2\auto\rois\frame_0001850015ms
frame_0001854986ms,1854.9864666666667,coarse,needs_review,-12.371964656465096,7.386486360128015,3.3729699214759448,242.68774570116355,0,,C:\Users\mail\work\ikiikimake\outputs\makeup2\auto\frames\frame_0001854986ms.png,C:\Users\mail\work\ikiikimake\outputs\makeup2\auto\rois\frame_0001854986ms
frame_0001859991ms,1859.9914666666668,coarse,needs_review,-5.743158593621842,-9.307505342554412,-4.396012823478366,252.5188001680205,0,,C:\Users\mail\work\ikiikimake\outputs\makeup2\auto\frames\frame_0001859991ms.png,C:\Users\mail\work\ikiikimake\outputs\makeup2\auto\rois\frame_0001859991ms
frame_0001864996ms,1864.9964666666667,coarse,failed,,,,,,"Expected exactly one face passing confidence thresholds, found 0",C:\Users\mail\work\ikiikimake\outputs\makeup2\auto\frames\frame_0001864996ms.png,C:\Users\mail\work\ikiikimake\outputs\makeup2\auto\rois\frame_0001864996ms
frame_0001870001ms,1870.0014666666668,coarse,needs_review,-9.467501980585576,-3.150101843228015,-0.7537053463767919,233.50318240180482,0,,C:\Users\mail\work\ikiikimake\outputs\makeup2\auto\frames\frame_0001870001ms.png,C:\Users\mail\work\ikiikimake\outputs\makeup2\auto\rois\frame_0001870001ms
frame_0001875006ms,1875.0064666666667,coarse,needs_review,23.536859723800408,20.41440687177007,12.119935841109493,216.1540334191246,1,,C:\Users\mail\work\ikiikimake\outputs\makeup2\auto\frames\frame_0001875006ms.png,C:\Users\mail\work\ikiikimake\outputs\makeup2\auto\rois\frame_0001875006ms
frame_0001880011ms,1880.0114666666668,coarse,needs_review,-10.924366402117494,18.595853464732247,-2.2128475850736815,240.51331080025588,1,,C:\Users\mail\work\ikiikimake\outputs\makeup2\auto\frames\frame_0001880011ms.png,C:\Users\mail\work\ikiikimake\outputs\makeup2\auto\rois\frame_0001880011ms
frame_0001885016ms,1885.0164666666667,coarse,needs_review,-9.310944769619363,0.8796121965950157,-4.220189325616976,247.81165526313833,0,,C:\Users\mail\work\ikiikimake\outputs\makeup2\auto\frames\frame_0001885016ms.png,C:\Users\mail\work\ikiikimake\outputs\makeup2\auto\rois\frame_0001885016ms
frame_0001889988ms,1889.9881,coarse,needs_review,-11.558713471917091,8.356316999914666,1.3223006071995103,695.3859662127896,0,,C:\Users\mail\work\ikiikimake\outputs\makeup2\auto\frames\frame_0001889988ms.png,C:\Users\mail\work\ikiikimake\outputs\makeup2\auto\rois\frame_0001889988ms
frame_0001894993ms,1894.9931000000001,coarse,failed,-11.886085297096457,-5.031393853145076,0.6506703258055159,713.3869092456429,0,forehead: polygon outside image (not clipped),C:\Users\mail\work\ikiikimake\outputs\makeup2\auto\frames\frame_0001894993ms.png,C:\Users\mail\work\ikiikimake\outputs\makeup2\auto\rois\frame_0001894993ms
frame_0001899998ms,1899.9981,coarse,failed,16.08455915527881,6.594505195551865,-3.064063098419209,695.7888604093758,0,forehead: polygon outside image (not clipped),C:\Users\mail\work\ikiikimake\outputs\makeup2\auto\frames\frame_0001899998ms.png,C:\Users\mail\work\ikiikimake\outputs\makeup2\auto\rois\frame_0001899998ms
frame_0001905003ms,1905.0031000000001,coarse,failed,0.9531138292108245,9.867934910668007,-9.023241069745186,733.2405390555557,1,forehead: polygon outside image (not clipped),C:\Users\mail\work\ikiikimake\outputs\makeup2\auto\frames\frame_0001905003ms.png,C:\Users\mail\work\ikiikimake\outputs\makeup2\auto\rois\frame_0001905003ms
frame_0001910008ms,1910.0081,coarse,failed,8.764201985002595,7.511230519011398,2.710250463946637,717.409429670046,0,forehead: polygon outside image (not clipped),C:\Users\mail\work\ikiikimake\outputs\makeup2\auto\frames\frame_0001910008ms.png,C:\Users\mail\work\ikiikimake\outputs\makeup2\auto\rois\frame_0001910008ms
frame_0001915013ms,1915.0131000000001,coarse,needs_review,15.294604115462349,12.927178104604542,1.7421113444518102,231.22818811613502,1,,C:\Users\mail\work\ikiikimake\outputs\makeup2\auto\frames\frame_0001915013ms.png,C:\Users\mail\work\ikiikimake\outputs\makeup2\auto\rois\frame_0001915013ms
frame_0001919985ms,1919.9847333333335,coarse,needs_review,3.584082166343796,18.18248039339419,2.4471423367054608,265.7999255079021,0,,C:\Users\mail\work\ikiikimake\outputs\makeup2\auto\frames\frame_0001919985ms.png,C:\Users\mail\work\ikiikimake\outputs\makeup2\auto\rois\frame_0001919985ms
frame_0001924990ms,1924.9897333333333,coarse,needs_review,-5.160362229529154,7.028450308053094,2.5921048825255824,250.23380576254394,0,,C:\Users\mail\work\ikiikimake\outputs\makeup2\auto\frames\frame_0001924990ms.png,C:\Users\mail\work\ikiikimake\outputs\makeup2\auto\rois\frame_0001924990ms
frame_0001929995ms,1929.9947333333334,coarse,failed,-7.237861065979943,19.717567441213586,-0.20651936489845274,242.82404952306635,2,left_cheek: suspected hand occlusion 56.1% (limit 2.0%),C:\Users\mail\work\ikiikimake\outputs\makeup2\auto\frames\frame_0001929995ms.png,C:\Users\mail\work\ikiikimake\outputs\makeup2\auto\rois\frame_0001929995ms
frame_0001935000ms,1934.9997333333333,coarse,needs_review,-3.1834640743924405,-4.6811057431703835,4.01198091750382,255.62415264285568,2,,C:\Users\mail\work\ikiikimake\outputs\makeup2\auto\frames\frame_0001935000ms.png,C:\Users\mail\work\ikiikimake\outputs\makeup2\auto\rois\frame_0001935000ms
frame_0001940005ms,1940.0047333333334,coarse,failed,-6.775219972134956,7.575229148120387,-6.282042219586808,236.93792516792516,2,left_cheek: suspected hand occlusion 62.7% (limit 2.0%),C:\Users\mail\work\ikiikimake\outputs\makeup2\auto\frames\frame_0001940005ms.png,C:\Users\mail\work\ikiikimake\outputs\makeup2\auto\rois\frame_0001940005ms
frame_0001945010ms,1945.0097333333333,coarse,failed,,,,,,"Expected exactly one face passing confidence thresholds, found 0",C:\Users\mail\work\ikiikimake\outputs\makeup2\auto\frames\frame_0001945010ms.png,C:\Users\mail\work\ikiikimake\outputs\makeup2\auto\rois\frame_0001945010ms
frame_0001950015ms,1950.0147333333334,coarse,failed,,,,,,"Expected exactly one face passing confidence thresholds, found 0",C:\Users\mail\work\ikiikimake\outputs\makeup2\auto\frames\frame_0001950015ms.png,C:\Users\mail\work\ikiikimake\outputs\makeup2\auto\rois\frame_0001950015ms
frame_0001954986ms,1954.9863666666668,coarse,needs_review,18.522567752538784,8.806675469236646,11.619799616587768,239.77324103545777,2,,C:\Users\mail\work\ikiikimake\outputs\makeup2\auto\frames\frame_0001954986ms.png,C:\Users\mail\work\ikiikimake\outputs\makeup2\auto\rois\frame_0001954986ms
frame_0001959991ms,1959.9913666666669,coarse,failed,37.310565281393686,-4.759018378355341,2.445616108396427,492.4748290235306,0,face yaw too large: 37.3 deg (limit 25),C:\Users\mail\work\ikiikimake\outputs\makeup2\auto\frames\frame_0001959991ms.png,C:\Users\mail\work\ikiikimake\outputs\makeup2\auto\rois\frame_0001959991ms
frame_0001964996ms,1964.9963666666667,coarse,needs_review,-7.817798405354164,13.893749685566533,-6.757592454331547,237.93693277677266,1,,C:\Users\mail\work\ikiikimake\outputs\makeup2\auto\frames\frame_0001964996ms.png,C:\Users\mail\work\ikiikimake\outputs\makeup2\auto\rois\frame_0001964996ms
frame_0001970001ms,1970.0013666666669,coarse,needs_review,-3.759706260706035,1.7838705636772272,-0.9870559036839628,262.5375385989542,0,,C:\Users\mail\work\ikiikimake\outputs\makeup2\auto\frames\frame_0001970001ms.png,C:\Users\mail\work\ikiikimake\outputs\makeup2\auto\rois\frame_0001970001ms
frame_0001975006ms,1975.0063666666667,coarse,failed,,,,,,"Expected exactly one face passing confidence thresholds, found 0",C:\Users\mail\work\ikiikimake\outputs\makeup2\auto\frames\frame_0001975006ms.png,C:\Users\mail\work\ikiikimake\outputs\makeup2\auto\rois\frame_0001975006ms
frame_0001980011ms,1980.0113666666668,coarse,needs_review,17.06456648598442,8.68269929123895,-3.438454538495848,730.3846015710003,0,,C:\Users\mail\work\ikiikimake\outputs\makeup2\auto\frames\frame_0001980011ms.png,C:\Users\mail\work\ikiikimake\outputs\makeup2\auto\rois\frame_0001980011ms
frame_0001985016ms,1985.0163666666667,coarse,needs_review,6.900627113682422,10.52926272688941,-1.5090779055962849,251.9159560902704,2,,C:\Users\mail\work\ikiikimake\outputs\makeup2\auto\frames\frame_0001985016ms.png,C:\Users\mail\work\ikiikimake\outputs\makeup2\auto\rois\frame_0001985016ms
frame_0001989988ms,1989.988,coarse,needs_review,-0.07622961481347225,20.863189452208367,-0.7164515839830419,254.20618939274857,0,,C:\Users\mail\work\ikiikimake\outputs\makeup2\auto\frames\frame_0001989988ms.png,C:\Users\mail\work\ikiikimake\outputs\makeup2\auto\rois\frame_0001989988ms
frame_0001994993ms,1994.9930000000002,coarse,needs_review,2.6019207794682377,12.681558757739113,4.826464641278509,257.1329110776007,2,,C:\Users\mail\work\ikiikimake\outputs\makeup2\auto\frames\frame_0001994993ms.png,C:\Users\mail\work\ikiikimake\outputs\makeup2\auto\rois\frame_0001994993ms
frame_0001999998ms,1999.998,coarse,failed,3.89992100027069,-0.08266962428239605,-0.8009993317120622,249.744384891401,2,left_cheek: suspected hand occlusion 99.9% (limit 2.0%),C:\Users\mail\work\ikiikimake\outputs\makeup2\auto\frames\frame_0001999998ms.png,C:\Users\mail\work\ikiikimake\outputs\makeup2\auto\rois\frame_0001999998ms
frame_0002005003ms,2005.0030000000002,coarse,needs_review,11.711162144343586,14.549700047507486,1.8588750681555097,242.32088905715764,2,,C:\Users\mail\work\ikiikimake\outputs\makeup2\auto\frames\frame_0002005003ms.png,C:\Users\mail\work\ikiikimake\outputs\makeup2\auto\rois\frame_0002005003ms
frame_0002010008ms,2010.008,coarse,failed,23.467957020580172,4.793302478756106,0.124952578374439,206.71347203479172,2,left_cheek: suspected hand occlusion 97.5% (limit 2.0%); right_cheek: excessive clipped pixels 12.5%,C:\Users\mail\work\ikiikimake\outputs\makeup2\auto\frames\frame_0002010008ms.png,C:\Users\mail\work\ikiikimake\outputs\makeup2\auto\rois\frame_0002010008ms
frame_0002015013ms,2015.0130000000001,coarse,failed,25.28740548762543,2.329278306663569,21.39453515467785,157.02954308842666,0,face yaw too large: 25.3 deg (limit 25); face roll too large: 21.4 deg (limit 20),C:\Users\mail\work\ikiikimake\outputs\makeup2\auto\frames\frame_0002015013ms.png,C:\Users\mail\work\ikiikimake\outputs\makeup2\auto\rois\frame_0002015013ms
frame_0002019985ms,2019.9846333333335,coarse,failed,,,,,,"Expected exactly one face passing confidence thresholds, found 0",C:\Users\mail\work\ikiikimake\outputs\makeup2\auto\frames\frame_0002019985ms.png,C:\Users\mail\work\ikiikimake\outputs\makeup2\auto\rois\frame_0002019985ms
frame_0002024990ms,2024.9896333333334,coarse,needs_review,-2.399946607827176,14.698386276411975,-5.41962986677925,249.0162191430802,0,,C:\Users\mail\work\ikiikimake\outputs\makeup2\auto\frames\frame_0002024990ms.png,C:\Users\mail\work\ikiikimake\outputs\makeup2\auto\rois\frame_0002024990ms
frame_0002029995ms,2029.9946333333335,coarse,needs_review,-6.909711171525012,4.793970483103146,-1.7007323492190802,237.61330553531457,0,,C:\Users\mail\work\ikiikimake\outputs\makeup2\auto\frames\frame_0002029995ms.png,C:\Users\mail\work\ikiikimake\outputs\makeup2\auto\rois\frame_0002029995ms
frame_0002030996ms,2030.9956333333334,refined,needs_review,-5.271101755300784,9.016871835541622,-2.9022773368260393,241.50327520503635,0,,C:\Users\mail\work\ikiikimake\outputs\makeup2\auto\frames\frame_0002030996ms.png,C:\Users\mail\work\ikiikimake\outputs\makeup2\auto\rois\frame_0002030996ms
frame_0002031997ms,2031.9966333333336,refined,needs_review,-3.8192189994396033,2.8321301278726643,-0.931001148498069,241.35924566040458,1,,C:\Users\mail\work\ikiikimake\outputs\makeup2\auto\frames\frame_0002031997ms.png,C:\Users\mail\work\ikiikimake\outputs\makeup2\auto\rois\frame_0002031997ms
frame_0002032998ms,2032.9976333333334,refined,needs_review,-2.77548181697629,7.830754276899362,-0.9058893584984556,246.1139063457794,0,,C:\Users\mail\work\ikiikimake\outputs\makeup2\auto\frames\frame_0002032998ms.png,C:\Users\mail\work\ikiikimake\outputs\makeup2\auto\rois\frame_0002032998ms
frame_0002033999ms,2033.9986333333334,refined,needs_review,-3.544737860400159,9.487169324845082,2.754012081166829,234.484929189495,0,,C:\Users\mail\work\ikiikimake\outputs\makeup2\auto\frames\frame_0002033999ms.png,C:\Users\mail\work\ikiikimake\outputs\makeup2\auto\rois\frame_0002033999ms
frame_0002035000ms,2034.9996333333333,coarse,needs_review,-3.5734584980122643,5.0141692731322145,1.5897386648783698,235.50194411725428,2,,C:\Users\mail\work\ikiikimake\outputs\makeup2\auto\frames\frame_0002035000ms.png,C:\Users\mail\work\ikiikimake\outputs\makeup2\auto\rois\frame_0002035000ms
frame_0002036001ms,2036.0006333333333,refined,needs_review,-2.5617180900020053,3.7140021614859027,1.6392987912027455,262.4263810839699,0,,C:\Users\mail\work\ikiikimake\outputs\makeup2\auto\frames\frame_0002036001ms.png,C:\Users\mail\work\ikiikimake\outputs\makeup2\auto\rois\frame_0002036001ms
frame_0002037002ms,2037.0016333333335,refined,needs_review,-1.9882055670867993,-1.9334127191110506,3.404691071588607,267.8943897755418,0,,C:\Users\mail\work\ikiikimake\outputs\makeup2\auto\frames\frame_0002037002ms.png,C:\Users\mail\work\ikiikimake\outputs\makeup2\auto\rois\frame_0002037002ms
frame_0002038003ms,2038.0026333333335,refined,needs_review,-2.5761290129494148,10.224748781583548,9.260981063660802,229.06679105646867,1,,C:\Users\mail\work\ikiikimake\outputs\makeup2\auto\frames\frame_0002038003ms.png,C:\Users\mail\work\ikiikimake\outputs\makeup2\auto\rois\frame_0002038003ms
frame_0002039004ms,2039.0036333333335,refined,needs_review,-6.268310469081594,13.647742241270642,5.506760281556631,233.28379190071183,2,,C:\Users\mail\work\ikiikimake\outputs\makeup2\auto\frames\frame_0002039004ms.png,C:\Users\mail\work\ikiikimake\outputs\makeup2\auto\rois\frame_0002039004ms
frame_0002040005ms,2040.0046333333335,coarse,needs_review,-13.701289102404862,15.838789707279119,2.581856632195913,234.7915889129102,2,,C:\Users\mail\work\ikiikimake\outputs\makeup2\auto\frames\frame_0002040005ms.png,C:\Users\mail\work\ikiikimake\outputs\makeup2\auto\rois\frame_0002040005ms
frame_0002045010ms,2045.0096333333333,coarse,needs_review,-5.754029044229791,-0.7496973033444984,9.477831249248194,245.19393577134403,0,,C:\Users\mail\work\ikiikimake\outputs\makeup2\auto\frames\frame_0002045010ms.png,C:\Users\mail\work\ikiikimake\outputs\makeup2\auto\rois\frame_0002045010ms
frame_0002050015ms,2050.014633333333,coarse,needs_review,-8.373249008550413,11.831717103272466,-0.5667362558512324,330.9965632432998,1,,C:\Users\mail\work\ikiikimake\outputs\makeup2\auto\frames\frame_0002050015ms.png,C:\Users\mail\work\ikiikimake\outputs\makeup2\auto\rois\frame_0002050015ms
frame_0002054986ms,2054.986266666667,coarse,needs_review,-2.9362895766562516,-0.1504275742484566,3.1577132313818015,240.4037282189247,2,,C:\Users\mail\work\ikiikimake\outputs\makeup2\auto\frames\frame_0002054986ms.png,C:\Users\mail\work\ikiikimake\outputs\makeup2\auto\rois\frame_0002054986ms
frame_0002055987ms,2055.987266666667,refined,needs_review,-2.8604480783799042,14.872915356014438,0.44467603081114454,244.80763701192612,2,,C:\Users\mail\work\ikiikimake\outputs\makeup2\auto\frames\frame_0002055987ms.png,C:\Users\mail\work\ikiikimake\outputs\makeup2\auto\rois\frame_0002055987ms
frame_0002056988ms,2056.9882666666667,refined,needs_review,-4.195192509437997,9.81289546852019,4.381637861372998,235.0625065888087,2,,C:\Users\mail\work\ikiikimake\outputs\makeup2\auto\frames\frame_0002056988ms.png,C:\Users\mail\work\ikiikimake\outputs\makeup2\auto\rois\frame_0002056988ms
frame_0002057989ms,2057.989266666667,refined,needs_review,-3.8437204282543034,-3.0904920752277545,4.421947792621779,242.41830999344367,3,,C:\Users\mail\work\ikiikimake\outputs\makeup2\auto\frames\frame_0002057989ms.png,C:\Users\mail\work\ikiikimake\outputs\makeup2\auto\rois\frame_0002057989ms
frame_0002058990ms,2058.9902666666667,refined,needs_review,-5.9344122933729,-10.337314831498219,1.518232023823413,239.29959981581615,0,,C:\Users\mail\work\ikiikimake\outputs\makeup2\auto\frames\frame_0002058990ms.png,C:\Users\mail\work\ikiikimake\outputs\makeup2\auto\rois\frame_0002058990ms
frame_0002059991ms,2059.991266666667,coarse,needs_review,-3.1246370508244548,-1.81901208434718,6.7908935270926305,260.8035485088038,0,,C:\Users\mail\work\ikiikimake\outputs\makeup2\auto\frames\frame_0002059991ms.png,C:\Users\mail\work\ikiikimake\outputs\makeup2\auto\rois\frame_0002059991ms
frame_0002060992ms,2060.9922666666666,refined,needs_review,-0.6998286450732218,8.005294334555233,7.075579927324541,403.67537983722406,0,,C:\Users\mail\work\ikiikimake\outputs\makeup2\auto\frames\frame_0002060992ms.png,C:\Users\mail\work\ikiikimake\outputs\makeup2\auto\rois\frame_0002060992ms
frame_0002061993ms,2061.993266666667,refined,needs_review,-1.642379690636144,6.979205804052951,6.981572894172724,425.83167299368523,0,,C:\Users\mail\work\ikiikimake\outputs\makeup2\auto\frames\frame_0002061993ms.png,C:\Users\mail\work\ikiikimake\outputs\makeup2\auto\rois\frame_0002061993ms
frame_0002062994ms,2062.9942666666666,refined,needs_review,-1.2019776553762884,5.87475746477747,6.018889272714432,430.0584239322293,0,,C:\Users\mail\work\ikiikimake\outputs\makeup2\auto\frames\frame_0002062994ms.png,C:\Users\mail\work\ikiikimake\outputs\makeup2\auto\rois\frame_0002062994ms
frame_0002063995ms,2063.995266666667,refined,needs_review,-3.6254905407632343,-7.489390465974671,4.51456820156055,384.2184609973357,0,,C:\Users\mail\work\ikiikimake\outputs\makeup2\auto\frames\frame_0002063995ms.png,C:\Users\mail\work\ikiikimake\outputs\makeup2\auto\rois\frame_0002063995ms
frame_0002064996ms,2064.9962666666665,coarse,needs_review,-2.9902981349710513,-7.3546042923893555,4.626984173343916,404.3344234773464,0,,C:\Users\mail\work\ikiikimake\outputs\makeup2\auto\frames\frame_0002064996ms.png,C:\Users\mail\work\ikiikimake\outputs\makeup2\auto\rois\frame_0002064996ms
frame_0002065997ms,2065.9972666666667,refined,needs_review,-2.191174654776118,-7.829675799428853,1.7899871197667234,263.3776830700006,0,,C:\Users\mail\work\ikiikimake\outputs\makeup2\auto\frames\frame_0002065997ms.png,C:\Users\mail\work\ikiikimake\outputs\makeup2\auto\rois\frame_0002065997ms
frame_0002066998ms,2066.998266666667,refined,needs_review,-3.601632724098035,-10.759279285862354,3.2204743201339974,242.27140704721464,0,,C:\Users\mail\work\ikiikimake\outputs\makeup2\auto\frames\frame_0002066998ms.png,C:\Users\mail\work\ikiikimake\outputs\makeup2\auto\rois\frame_0002066998ms
frame_0002067999ms,2067.9992666666667,refined,needs_review,8.134144504841865,-5.220114515165134,1.0474225995473254,239.57968242453592,0,,C:\Users\mail\work\ikiikimake\outputs\makeup2\auto\frames\frame_0002067999ms.png,C:\Users\mail\work\ikiikimake\outputs\makeup2\auto\rois\frame_0002067999ms
frame_0002069000ms,2069.000266666667,refined,needs_review,-3.45827287801948,1.1200491707813307,3.4078385081409186,241.55214534283775,0,,C:\Users\mail\work\ikiikimake\outputs\makeup2\auto\frames\frame_0002069000ms.png,C:\Users\mail\work\ikiikimake\outputs\makeup2\auto\rois\frame_0002069000ms
frame_0002070001ms,2070.0012666666667,coarse,needs_review,-3.187786407142705,7.500580781060781,3.5650962754128033,240.28423059574578,1,,C:\Users\mail\work\ikiikimake\outputs\makeup2\auto\frames\frame_0002070001ms.png,C:\Users\mail\work\ikiikimake\outputs\makeup2\auto\rois\frame_0002070001ms
frame_0002071002ms,2071.002266666667,refined,needs_review,-4.0931295140954225,-3.629994279532345,4.061459069975825,236.59699871366172,0,,C:\Users\mail\work\ikiikimake\outputs\makeup2\auto\frames\frame_0002071002ms.png,C:\Users\mail\work\ikiikimake\outputs\makeup2\auto\rois\frame_0002071002ms
frame_0002072003ms,2072.0032666666666,refined,needs_review,-6.347198092392542,0.07927482330267675,2.678689681640099,238.60026548457498,0,,C:\Users\mail\work\ikiikimake\outputs\makeup2\auto\frames\frame_0002072003ms.png,C:\Users\mail\work\ikiikimake\outputs\makeup2\auto\rois\frame_0002072003ms
frame_0002073004ms,2073.004266666667,refined,needs_review,-5.695764450606475,3.7480976282637126,2.466448641966802,243.26271614384893,0,,C:\Users\mail\work\ikiikimake\outputs\makeup2\auto\frames\frame_0002073004ms.png,C:\Users\mail\work\ikiikimake\outputs\makeup2\auto\rois\frame_0002073004ms
frame_0002074005ms,2074.0052666666666,refined,needs_review,4.486219354941448,-10.851451504921199,1.569651095698122,238.49845841924196,0,,C:\Users\mail\work\ikiikimake\outputs\makeup2\auto\frames\frame_0002074005ms.png,C:\Users\mail\work\ikiikimake\outputs\makeup2\auto\rois\frame_0002074005ms
frame_0002075006ms,2075.0062666666668,coarse,needs_review,-10.868746746827712,-8.695968894907887,-0.7386815723595944,233.2684716982321,0,,C:\Users\mail\work\ikiikimake\outputs\makeup2\auto\frames\frame_0002075006ms.png,C:\Users\mail\work\ikiikimake\outputs\makeup2\auto\rois\frame_0002075006ms
frame_0002076007ms,2076.007266666667,refined,needs_review,-5.607615709257567,1.3008524499379317,-0.33088263489723035,238.4848379809093,0,,C:\Users\mail\work\ikiikimake\outputs\makeup2\auto\frames\frame_0002076007ms.png,C:\Users\mail\work\ikiikimake\outputs\makeup2\auto\rois\frame_0002076007ms
frame_0002077008ms,2077.0082666666667,refined,needs_review,-17.40604303802514,-1.8771194706571253,2.13061193001632,242.2038267727401,0,,C:\Users\mail\work\ikiikimake\outputs\makeup2\auto\frames\frame_0002077008ms.png,C:\Users\mail\work\ikiikimake\outputs\makeup2\auto\rois\frame_0002077008ms
frame_0002078009ms,2078.009266666667,refined,needs_review,-6.933568491600704,3.47820058938869,-2.7264844712349117,258.4736184966012,0,,C:\Users\mail\work\ikiikimake\outputs\makeup2\auto\frames\frame_0002078009ms.png,C:\Users\mail\work\ikiikimake\outputs\makeup2\auto\rois\frame_0002078009ms
frame_0002079010ms,2079.0102666666667,refined,needs_review,-1.7241000224174772,-5.831764948724401,-4.336630146444574,246.03500492282757,0,,C:\Users\mail\work\ikiikimake\outputs\makeup2\auto\frames\frame_0002079010ms.png,C:\Users\mail\work\ikiikimake\outputs\makeup2\auto\rois\frame_0002079010ms
frame_0002080011ms,2080.011266666667,coarse,needs_review,-2.042910950409077,-1.8975722785693105,2.9818003637540857,243.6946755942191,0,,C:\Users\mail\work\ikiikimake\outputs\makeup2\auto\frames\frame_0002080011ms.png,C:\Users\mail\work\ikiikimake\outputs\makeup2\auto\rois\frame_0002080011ms
frame_0002081012ms,2081.0122666666666,refined,needs_review,-2.6309547503930046,-13.245873366018072,1.8134799367209726,245.73322062784834,0,,C:\Users\mail\work\ikiikimake\outputs\makeup2\auto\frames\frame_0002081012ms.png,C:\Users\mail\work\ikiikimake\outputs\makeup2\auto\rois\frame_0002081012ms
frame_0002082013ms,2082.013266666667,refined,needs_review,-2.101200876051648,-0.8147103104227588,0.513251122802343,246.0263335992247,0,,C:\Users\mail\work\ikiikimake\outputs\makeup2\auto\frames\frame_0002082013ms.png,C:\Users\mail\work\ikiikimake\outputs\makeup2\auto\rois\frame_0002082013ms
frame_0002083014ms,2083.0142666666666,refined,needs_review,-1.8475437102429348,-3.8692024579797484,-1.7922780261931828,235.15130155703696,0,,C:\Users\mail\work\ikiikimake\outputs\makeup2\auto\frames\frame_0002083014ms.png,C:\Users\mail\work\ikiikimake\outputs\makeup2\auto\rois\frame_0002083014ms
frame_0002084015ms,2084.015266666667,refined,needs_review,-7.299014932781843,1.3625147822451547,-2.447729667723245,237.5135131034183,0,,C:\Users\mail\work\ikiikimake\outputs\makeup2\auto\frames\frame_0002084015ms.png,C:\Users\mail\work\ikiikimake\outputs\makeup2\auto\rois\frame_0002084015ms
frame_0002084983ms,2084.9829,refined,needs_review,-5.4793760946224745,-7.431718887630463,5.211674870057446,227.77147511148976,0,,C:\Users\mail\work\ikiikimake\outputs\makeup2\auto\frames\frame_0002084983ms.png,C:\Users\mail\work\ikiikimake\outputs\makeup2\auto\rois\frame_0002084983ms
frame_0002085016ms,2085.016266666667,coarse,needs_review,-6.39128079693544,-8.7005881517631,6.532437662143446,227.02750611780678,0,,C:\Users\mail\work\ikiikimake\outputs\makeup2\auto\frames\frame_0002085016ms.png,C:\Users\mail\work\ikiikimake\outputs\makeup2\auto\rois\frame_0002085016ms
frame_0002085984ms,2085.9839,refined,needs_review,-8.056747750502565,-10.535382244119516,11.819937729237026,238.67459701309187,0,,C:\Users\mail\work\ikiikimake\outputs\makeup2\auto\frames\frame_0002085984ms.png,C:\Users\mail\work\ikiikimake\outputs\makeup2\auto\rois\frame_0002085984ms
frame_0002086985ms,2086.9849,refined,needs_review,-7.572625453610699,-5.488654342301921,6.153521430576575,269.83935645374083,0,,C:\Users\mail\work\ikiikimake\outputs\makeup2\auto\frames\frame_0002086985ms.png,C:\Users\mail\work\ikiikimake\outputs\makeup2\auto\rois\frame_0002086985ms
frame_0002087986ms,2087.9859,refined,needs_review,-0.7202425439956419,-0.024953604440714917,0.13429626238475173,241.57600363125303,0,,C:\Users\mail\work\ikiikimake\outputs\makeup2\auto\frames\frame_0002087986ms.png,C:\Users\mail\work\ikiikimake\outputs\makeup2\auto\rois\frame_0002087986ms
frame_0002088987ms,2088.9869,refined,needs_review,-0.51028482077561,9.617180549166974,1.1944284418914,244.37530304311517,2,,C:\Users\mail\work\ikiikimake\outputs\makeup2\auto\frames\frame_0002088987ms.png,C:\Users\mail\work\ikiikimake\outputs\makeup2\auto\rois\frame_0002088987ms
frame_0002089988ms,2089.9879,coarse,needs_review,-3.509071032577725,-2.0341262148571313,3.704395023940797,246.24157062661797,2,,C:\Users\mail\work\ikiikimake\outputs\makeup2\auto\frames\frame_0002089988ms.png,C:\Users\mail\work\ikiikimake\outputs\makeup2\auto\rois\frame_0002089988ms
frame_0002090989ms,2090.9889000000003,refined,needs_review,-2.2009655492961397,7.994195941049227,-0.5622098699511026,371.633988966285,0,,C:\Users\mail\work\ikiikimake\outputs\makeup2\auto\frames\frame_0002090989ms.png,C:\Users\mail\work\ikiikimake\outputs\makeup2\auto\rois\frame_0002090989ms
frame_0002091990ms,2091.9899,refined,needs_review,-0.5121711213882469,7.427201697542445,-1.6944651944875522,355.34305363861546,0,,C:\Users\mail\work\ikiikimake\outputs\makeup2\auto\frames\frame_0002091990ms.png,C:\Users\mail\work\ikiikimake\outputs\makeup2\auto\rois\frame_0002091990ms
frame_0002092991ms,2092.9909000000002,refined,needs_review,-0.8001306269146269,5.067551240173884,-2.1298316435302715,364.76815446383534,0,,C:\Users\mail\work\ikiikimake\outputs\makeup2\auto\frames\frame_0002092991ms.png,C:\Users\mail\work\ikiikimake\outputs\makeup2\auto\rois\frame_0002092991ms
frame_0002093992ms,2093.9919,refined,needs_review,-4.735359871450256,-7.6820030637905194,-2.7036276937286323,352.5368921535071,0,,C:\Users\mail\work\ikiikimake\outputs\makeup2\auto\frames\frame_0002093992ms.png,C:\Users\mail\work\ikiikimake\outputs\makeup2\auto\rois\frame_0002093992ms
frame_0002094993ms,2094.9929,coarse,needs_review,1.651820758511503,-10.397976214511132,0.15004866252093652,245.0245176212769,0,,C:\Users\mail\work\ikiikimake\outputs\makeup2\auto\frames\frame_0002094993ms.png,C:\Users\mail\work\ikiikimake\outputs\makeup2\auto\rois\frame_0002094993ms
frame_0002099998ms,2099.9979000000003,coarse,needs_review,10.73319693435738,0.26923523929393167,-0.29310593439946625,227.48830222062136,0,,C:\Users\mail\work\ikiikimake\outputs\makeup2\auto\frames\frame_0002099998ms.png,C:\Users\mail\work\ikiikimake\outputs\makeup2\auto\rois\frame_0002099998ms
frame_0002105003ms,2105.0029,coarse,needs_review,-11.779680877902454,4.135141407798702,-5.364996721676336,238.61115183372928,0,,C:\Users\mail\work\ikiikimake\outputs\makeup2\auto\frames\frame_0002105003ms.png,C:\Users\mail\work\ikiikimake\outputs\makeup2\auto\rois\frame_0002105003ms
frame_0002110008ms,2110.0079,coarse,needs_review,12.316562186737217,-17.641362945344305,-2.558551430803669,226.04810090837782,1,,C:\Users\mail\work\ikiikimake\outputs\makeup2\auto\frames\frame_0002110008ms.png,C:\Users\mail\work\ikiikimake\outputs\makeup2\auto\rois\frame_0002110008ms
frame_0002115013ms,2115.0129,coarse,needs_review,-5.655469362354682,-6.309335334706311,-3.1524994037731533,244.60090351522942,0,,C:\Users\mail\work\ikiikimake\outputs\makeup2\auto\frames\frame_0002115013ms.png,C:\Users\mail\work\ikiikimake\outputs\makeup2\auto\rois\frame_0002115013ms
frame_0002119985ms,2119.9845333333333,coarse,needs_review,-3.331100370757727,5.995718702056217,-2.521123084607105,239.9476162956248,1,,C:\Users\mail\work\ikiikimake\outputs\makeup2\auto\frames\frame_0002119985ms.png,C:\Users\mail\work\ikiikimake\outputs\makeup2\auto\rois\frame_0002119985ms
frame_0002124990ms,2124.9895333333334,coarse,needs_review,1.1346995843365115,-3.501115548186265,-3.8484398106029847,233.93829523974608,0,,C:\Users\mail\work\ikiikimake\outputs\makeup2\auto\frames\frame_0002124990ms.png,C:\Users\mail\work\ikiikimake\outputs\makeup2\auto\rois\frame_0002124990ms
frame_0002129995ms,2129.9945333333335,coarse,failed,,,,,,"Expected exactly one face passing confidence thresholds, found 0",C:\Users\mail\work\ikiikimake\outputs\makeup2\auto\frames\frame_0002129995ms.png,C:\Users\mail\work\ikiikimake\outputs\makeup2\auto\rois\frame_0002129995ms
frame_0002135000ms,2134.9995333333336,coarse,failed,38.56335822522818,7.500436410565525,20.45550348406601,275.1976182030259,0,face yaw too large: 38.6 deg (limit 25); face roll too large: 20.5 deg (limit 20),C:\Users\mail\work\ikiikimake\outputs\makeup2\auto\frames\frame_0002135000ms.png,C:\Users\mail\work\ikiikimake\outputs\makeup2\auto\rois\frame_0002135000ms
frame_0002140005ms,2140.0045333333333,coarse,failed,38.02405873907211,7.6552392421980775,20.45602521941409,275.56050335705663,0,face yaw too large: 38.0 deg (limit 25); face roll too large: 20.5 deg (limit 20),C:\Users\mail\work\ikiikimake\outputs\makeup2\auto\frames\frame_0002140005ms.png,C:\Users\mail\work\ikiikimake\outputs\makeup2\auto\rois\frame_0002140005ms
