frame_id,timestamp_seconds,stage,status,yaw,pitch,roll,face_width_px,detected_hands,errors,image_path,roi_dir
frame_0000012000ms,12.0,coarse,needs_review,0.7070071131196198,-8.594363377023923,3.8915122214115403,359.9172865206044,1,,C:\Users\mail\work\ikiikimake\outputs\makeup\frames\frame_0000012000ms.png,C:\Users\mail\work\ikiikimake\outputs\makeup\rois\frame_0000012000ms
frame_0000013000ms,13.0,coarse,failed,-1.0220511628324722,-9.999001363532932,4.200668682569274,343.8935644918218,1,left_cheek: suspected hand occlusion 16.4% (limit 2.0%),C:\Users\mail\work\ikiikimake\outputs\makeup\frames\frame_0000013000ms.png,C:\Users\mail\work\ikiikimake\outputs\makeup\rois\frame_0000013000ms
frame_0000014000ms,14.0,coarse,needs_review,0.8836825720345226,-8.07911937356897,4.130939570006382,357.12136723432474,1,,C:\Users\mail\work\ikiikimake\outputs\makeup\frames\frame_0000014000ms.png,C:\Users\mail\work\ikiikimake\outputs\makeup\rois\frame_0000014000ms
frame_0000015000ms,15.0,coarse,needs_review,0.4333017960151667,-7.497756173996102,3.974251694568,353.04054679477116,1,,C:\Users\mail\work\ikiikimake\outputs\makeup\frames\frame_0000015000ms.png,C:\Users\mail\work\ikiikimake\outputs\makeup\rois\frame_0000015000ms
frame_0000016000ms,16.0,coarse,needs_review,-0.09104333114360902,-9.487829839017543,3.737204672752561,355.9780819148018,2,,C:\Users\mail\work\ikiikimake\outputs\makeup\frames\frame_0000016000ms.png,C:\Users\mail\work\ikiikimake\outputs\makeup\rois\frame_0000016000ms
frame_0000017000ms,17.0,coarse,failed,0.7273456220942961,-15.233964635906926,2.8367687013981375,345.7630401602841,2,left_cheek: suspected hand occlusion 100.0% (limit 2.0%),C:\Users\mail\work\ikiikimake\outputs\makeup\frames\frame_0000017000ms.png,C:\Users\mail\work\ikiikimake\outputs\makeup\rois\frame_0000017000ms
frame_0000018000ms,18.0,coarse,failed,-3.7670016664314407,-15.11305818636793,4.02843362168964,338.55339036276104,2,forehead: suspected hand occlusion 100.0% (limit 2.0%),C:\Users\mail\work\ikiikimake\outputs\makeup\frames\frame_0000018000ms.png,C:\Users\mail\work\ikiikimake\outputs\makeup\rois\frame_0000018000ms
frame_0000019000ms,19.0,coarse,failed,-6.025222598553936,-14.500716480038658,6.5483521357762475,335.97866022100965,2,forehead: suspected hand occlusion 100.0% (limit 2.0%),C:\Users\mail\work\ikiikimake\outputs\makeup\frames\frame_0000019000ms.png,C:\Users\mail\work\ikiikimake\outputs\makeup\rois\frame_0000019000ms
frame_0000020000ms,20.0,coarse,failed,-3.3221884498613115,-15.23104898664254,1.1846284722784726,336.2520765217171,2,left_cheek: suspected hand occlusion 7.1% (limit 2.0%); forehead: suspected hand occlusion 12.8% (limit 2.0%),C:\Users\mail\work\ikiikimake\outputs\makeup\frames\frame_0000020000ms.png,C:\Users\mail\work\ikiikimake\outputs\makeup\rois\frame_0000020000ms
frame_0000021000ms,21.0,coarse,failed,0.33882712877166316,-2.714167695399356,3.808262612158631,340.4335423083646,2,right_cheek: suspected hand occlusion 28.8% (limit 2.0%); forehead: suspected hand occlusion 100.0% (limit 2.0%),C:\Users\mail\work\ikiikimake\outputs\makeup\frames\frame_0000021000ms.png,C:\Users\mail\work\ikiikimake\outputs\makeup\rois\frame_0000021000ms
frame_0000022000ms,22.0,coarse,failed,,,,,,"Expected exactly one face passing confidence thresholds, found 0",C:\Users\mail\work\ikiikimake\outputs\makeup\frames\frame_0000022000ms.png,C:\Users\mail\work\ikiikimake\outputs\makeup\rois\frame_0000022000ms
frame_0000023000ms,23.0,coarse,failed,6.542136685636302,3.281624341289503,8.439753869453886,340.64551420539294,2,right_cheek: suspected hand occlusion 100.0% (limit 2.0%),C:\Users\mail\work\ikiikimake\outputs\makeup\frames\frame_0000023000ms.png,C:\Users\mail\work\ikiikimake\outputs\makeup\rois\frame_0000023000ms
frame_0000024000ms,24.0,coarse,failed,0.3823289541149381,-5.445506503264237,1.3686939637567586,339.27758595204114,2,right_cheek: suspected hand occlusion 100.0% (limit 2.0%),C:\Users\mail\work\ikiikimake\outputs\makeup\frames\frame_0000024000ms.png,C:\Users\mail\work\ikiikimake\outputs\makeup\rois\frame_0000024000ms
frame_0000025000ms,25.0,coarse,needs_review,1.2396695577538954,-10.037810814804926,3.7520966180952318,349.9859310615361,2,,C:\Users\mail\work\ikiikimake\outputs\makeup\frames\frame_0000025000ms.png,C:\Users\mail\work\ikiikimake\outputs\makeup\rois\frame_0000025000ms
frame_0000026000ms,26.0,coarse,failed,-3.9602719198401775,-10.433262085513514,0.711430239306945,350.10888065898905,2,left_cheek: suspected hand occlusion 37.6% (limit 2.0%),C:\Users\mail\work\ikiikimake\outputs\makeup\frames\frame_0000026000ms.png,C:\Users\mail\work\ikiikimake\outputs\makeup\rois\frame_0000026000ms
frame_0000027000ms,27.0,coarse,needs_review,-1.2307448611591134,-10.183595127444,0.8401316337981005,347.92179988985396,2,,C:\Users\mail\work\ikiikimake\outputs\makeup\frames\frame_0000027000ms.png,C:\Users\mail\work\ikiikimake\outputs\makeup\rois\frame_0000027000ms
frame_0000028000ms,28.0,coarse,failed,2.2484241167006767,-15.794048409736142,-0.8524596363292787,342.77637693156623,2,forehead: suspected hand occlusion 100.0% (limit 2.0%),C:\Users\mail\work\ikiikimake\outputs\makeup\frames\frame_0000028000ms.png,C:\Users\mail\work\ikiikimake\outputs\makeup\rois\frame_0000028000ms
frame_0000029000ms,29.0,coarse,needs_review,3.10112095994068,-7.819937587526182,2.2006092469281873,355.3775837497677,1,,C:\Users\mail\work\ikiikimake\outputs\makeup\frames\frame_0000029000ms.png,C:\Users\mail\work\ikiikimake\outputs\makeup\rois\frame_0000029000ms
frame_0000030000ms,30.0,coarse,needs_review,2.8077109735339687,-5.782844702065462,2.8043357356293663,355.03494301914344,2,,C:\Users\mail\work\ikiikimake\outputs\makeup\frames\frame_0000030000ms.png,C:\Users\mail\work\ikiikimake\outputs\makeup\rois\frame_0000030000ms
frame_0000031000ms,31.0,coarse,needs_review,2.7671172625656877,-4.409898580838414,2.36717574595794,352.0414838778152,2,,C:\Users\mail\work\ikiikimake\outputs\makeup\frames\frame_0000031000ms.png,C:\Users\mail\work\ikiikimake\outputs\makeup\rois\frame_0000031000ms
frame_0000032000ms,32.0,coarse,needs_review,2.829326832963947,-7.848566300183406,1.1066642403921452,357.96297913329346,1,,C:\Users\mail\work\ikiikimake\outputs\makeup\frames\frame_0000032000ms.png,C:\Users\mail\work\ikiikimake\outputs\makeup\rois\frame_0000032000ms
frame_0000033000ms,33.0,coarse,needs_review,2.393039627322164,-6.588572086500787,1.3428095573433791,355.84614037074846,1,,C:\Users\mail\work\ikiikimake\outputs\makeup\frames\frame_0000033000ms.png,C:\Users\mail\work\ikiikimake\outputs\makeup\rois\frame_0000033000ms
frame_0000033500ms,33.5,refined,needs_review,1.7629225302575957,-8.431990407944589,1.3468635613682403,352.6445555960342,2,,C:\Users\mail\work\ikiikimake\outputs\makeup\frames\frame_0000033500ms.png,C:\Users\mail\work\ikiikimake\outputs\makeup\rois\frame_0000033500ms
frame_0000034000ms,34.0,coarse,needs_review,1.8623164937634569,-8.152198696679749,1.2966826477205693,351.9295516332772,1,,C:\Users\mail\work\ikiikimake\outputs\makeup\frames\frame_0000034000ms.png,C:\Users\mail\work\ikiikimake\outputs\makeup\rois\frame_0000034000ms
frame_0000034500ms,34.5,refined,needs_review,1.3363610267543953,-7.941080575637531,1.4609353205558222,353.47804843567366,1,,C:\Users\mail\work\ikiikimake\outputs\makeup\frames\frame_0000034500ms.png,C:\Users\mail\work\ikiikimake\outputs\makeup\rois\frame_0000034500ms
frame_0000035000ms,35.0,coarse,needs_review,1.3368887655926656,-8.421213512912034,1.5572990999167917,352.53846889943725,1,,C:\Users\mail\work\ikiikimake\outputs\makeup\frames\frame_0000035000ms.png,C:\Users\mail\work\ikiikimake\outputs\makeup\rois\frame_0000035000ms
frame_0000036000ms,36.0,coarse,needs_review,1.543066070899374,-7.532963828962466,1.1252634043753882,357.2402441103825,1,,C:\Users\mail\work\ikiikimake\outputs\makeup\frames\frame_0000036000ms.png,C:\Users\mail\work\ikiikimake\outputs\makeup\rois\frame_0000036000ms
frame_0000037000ms,37.0,coarse,needs_review,-1.7642455671074737,-9.85081619758532,1.6114995306433533,343.212236472143,2,,C:\Users\mail\work\ikiikimake\outputs\makeup\frames\frame_0000037000ms.png,C:\Users\mail\work\ikiikimake\outputs\makeup\rois\frame_0000037000ms
frame_0000038000ms,38.0,coarse,needs_review,-3.4555328484682812,-10.729977110716186,1.4985721391871103,346.1898165601255,2,,C:\Users\mail\work\ikiikimake\outputs\makeup\frames\frame_0000038000ms.png,C:\Users\mail\work\ikiikimake\outputs\makeup\rois\frame_0000038000ms
frame_0000039000ms,39.0,coarse,failed,,,,,,"Expected exactly one face passing confidence thresholds, found 0",C:\Users\mail\work\ikiikimake\outputs\makeup\frames\frame_0000039000ms.png,C:\Users\mail\work\ikiikimake\outputs\makeup\rois\frame_0000039000ms
frame_0000040000ms,40.0,coarse,failed,,,,,,"Expected exactly one face passing confidence thresholds, found 0",C:\Users\mail\work\ikiikimake\outputs\makeup\frames\frame_0000040000ms.png,C:\Users\mail\work\ikiikimake\outputs\makeup\rois\frame_0000040000ms
frame_0000041000ms,41.0,coarse,failed,1.742680087855728,-12.39868904344996,1.9638587526819253,333.77454003678713,2,right_cheek: suspected hand occlusion 99.7% (limit 2.0%),C:\Users\mail\work\ikiikimake\outputs\makeup\frames\frame_0000041000ms.png,C:\Users\mail\work\ikiikimake\outputs\makeup\rois\frame_0000041000ms
frame_0000042000ms,42.0,coarse,failed,1.9016808571795882,-7.574054629237174,3.6119893962611536,346.8299230866311,2,forehead: suspected hand occlusion 7.5% (limit 2.0%),C:\Users\mail\work\ikiikimake\outputs\makeup\frames\frame_0000042000ms.png,C:\Users\mail\work\ikiikimake\outputs\makeup\rois\frame_0000042000ms
frame_0000043000ms,43.0,coarse,failed,2.116288076488398,-7.815426983475709,0.8413974533281742,355.01061621299027,2,forehead: suspected hand occlusion 3.3% (limit 2.0%),C:\Users\mail\work\ikiikimake\outputs\makeup\frames\frame_0000043000ms.png,C:\Users\mail\work\ikiikimake\outputs\makeup\rois\frame_0000043000ms
frame_0000044000ms,44.0,coarse,failed,2.1228498849282817,-7.479361699359339,0.9106378548595325,343.2539382863282,2,left_cheek: suspected hand occlusion 60.1% (limit 2.0%),C:\Users\mail\work\ikiikimake\outputs\makeup\frames\frame_0000044000ms.png,C:\Users\mail\work\ikiikimake\outputs\makeup\rois\frame_0000044000ms
frame_0000045000ms,45.0,coarse,failed,-0.9797501945296035,-10.50213720612925,-0.7363554465071064,352.0096610831179,2,left_cheek: suspected hand occlusion 83.1% (limit 2.0%),C:\Users\mail\work\ikiikimake\outputs\makeup\frames\frame_0000045000ms.png,C:\Users\mail\work\ikiikimake\outputs\makeup\rois\frame_0000045000ms
frame_0000046000ms,46.0,coarse,failed,-3.5291760081602663,-13.372848109471876,-0.7021807062804502,348.8376960691691,2,left_cheek: suspected hand occlusion 100.0% (limit 2.0%),C:\Users\mail\work\ikiikimake\outputs\makeup\frames\frame_0000046000ms.png,C:\Users\mail\work\ikiikimake\outputs\makeup\rois\frame_0000046000ms
frame_0000047000ms,47.0,coarse,failed,-2.188424400825427,-11.303836764886913,-0.05212050348396438,338.9331303578785,2,left_cheek: suspected hand occlusion 20.2% (limit 2.0%),C:\Users\mail\work\ikiikimake\outputs\makeup\frames\frame_0000047000ms.png,C:\Users\mail\work\ikiikimake\outputs\makeup\rois\frame_0000047000ms
frame_0000048000ms,48.0,coarse,failed,2.0531284875869797,-12.932779106131314,-2.1664791974715327,346.93214102063934,2,left_cheek: suspected hand occlusion 27.2% (limit 2.0%),C:\Users\mail\work\ikiikimake\outputs\makeup\frames\frame_0000048000ms.png,C:\Users\mail\work\ikiikimake\outputs\makeup\rois\frame_0000048000ms
frame_0000049000ms,49.0,coarse,needs_review,-0.7204884033744723,-9.823840874372403,-0.9707935162546877,350.2147488696749,2,,C:\Users\mail\work\ikiikimake\outputs\makeup\frames\frame_0000049000ms.png,C:\Users\mail\work\ikiikimake\outputs\makeup\rois\frame_0000049000ms
frame_0000050000ms,50.0,coarse,failed,-4.051206086404824,-9.302630255587934,-0.5926952471029221,331.3677097929,2,left_cheek: suspected hand occlusion 29.1% (limit 2.0%),C:\Users\mail\work\ikiikimake\outputs\makeup\frames\frame_0000050000ms.png,C:\Users\mail\work\ikiikimake\outputs\makeup\rois\frame_0000050000ms
frame_0000051000ms,51.0,coarse,failed,-0.8526619960585741,-10.561885598918613,0.05879129491129336,346.35321828540043,2,left_cheek: suspected hand occlusion 4.6% (limit 2.0%),C:\Users\mail\work\ikiikimake\outputs\makeup\frames\frame_0000051000ms.png,C:\Users\mail\work\ikiikimake\outputs\makeup\rois\frame_0000051000ms
frame_0000052000ms,52.0,coarse,needs_review,-0.6112026527711515,-8.009495326571523,-1.645339142120919,352.3284556659087,2,,C:\Users\mail\work\ikiikimake\outputs\makeup\frames\frame_0000052000ms.png,C:\Users\mail\work\ikiikimake\outputs\makeup\rois\frame_0000052000ms
frame_0000053000ms,53.0,coarse,needs_review,-0.9124553057928327,-7.484733117342957,-3.1018886948482884,353.7725596900386,2,,C:\Users\mail\work\ikiikimake\outputs\makeup\frames\frame_0000053000ms.png,C:\Users\mail\work\ikiikimake\outputs\makeup\rois\frame_0000053000ms
frame_0000054000ms,54.0,coarse,needs_review,2.950214584333718,-9.999744067146228,-4.865331813632263,350.4213154444662,1,,C:\Users\mail\work\ikiikimake\outputs\makeup\frames\frame_0000054000ms.png,C:\Users\mail\work\ikiikimake\outputs\makeup\rois\frame_0000054000ms
frame_0000055000ms,55.0,coarse,needs_review,2.6000781617911333,-6.903571202095655,-0.750249997924569,349.76649833436085,0,,C:\Users\mail\work\ikiikimake\outputs\makeup\frames\frame_0000055000ms.png,C:\Users\mail\work\ikiikimake\outputs\makeup\rois\frame_0000055000ms
frame_0000056000ms,56.0,coarse,failed,-6.2737755578116445,-15.64950770531522,2.855878355437008,339.9252968663531,2,left_cheek: suspected hand occlusion 7.3% (limit 2.0%); forehead: suspected hand occlusion 100.0% (limit 2.0%),C:\Users\mail\work\ikiikimake\outputs\makeup\frames\frame_0000056000ms.png,C:\Users\mail\work\ikiikimake\outputs\makeup\rois\frame_0000056000ms
frame_0000057000ms,57.0,coarse,failed,-0.02736943225462663,-8.080004388928424,-2.0024032573329538,350.0079839512095,2,forehead: suspected hand occlusion 10.2% (limit 2.0%),C:\Users\mail\work\ikiikimake\outputs\makeup\frames\frame_0000057000ms.png,C:\Users\mail\work\ikiikimake\outputs\makeup\rois\frame_0000057000ms
frame_0000058000ms,58.0,coarse,needs_review,0.7847180768900075,-10.662737560787962,-0.6427535216651536,348.8025527022016,2,,C:\Users\mail\work\ikiikimake\outputs\makeup\frames\frame_0000058000ms.png,C:\Users\mail\work\ikiikimake\outputs\makeup\rois\frame_0000058000ms
frame_0000059000ms,59.0,coarse,failed,-3.4001438942718933,-13.18297211868778,2.6016591953836987,344.6305183586884,1,forehead: suspected hand occlusion 100.0% (limit 2.0%),C:\Users\mail\work\ikiikimake\outputs\makeup\frames\frame_0000059000ms.png,C:\Users\mail\work\ikiikimake\outputs\makeup\rois\frame_0000059000ms
frame_0000060000ms,60.0,coarse,needs_review,-0.15007308956199625,-6.807381849360467,1.0179104158536638,355.34913338508613,1,,C:\Users\mail\work\ikiikimake\outputs\makeup\frames\frame_0000060000ms.png,C:\Users\mail\work\ikiikimake\outputs\makeup\rois\frame_0000060000ms
frame_0000061000ms,61.0,coarse,needs_review,0.37676403029357713,-11.854424212296193,-0.062235823799069334,351.31015333172627,2,,C:\Users\mail\work\ikiikimake\outputs\makeup\frames\frame_0000061000ms.png,C:\Users\mail\work\ikiikimake\outputs\makeup\rois\frame_0000061000ms
frame_0000062000ms,62.0,coarse,needs_review,1.0097528768263682,-10.910130136173834,-0.43266558767719354,352.7802512658461,2,,C:\Users\mail\work\ikiikimake\outputs\makeup\frames\frame_0000062000ms.png,C:\Users\mail\work\ikiikimake\outputs\makeup\rois\frame_0000062000ms
frame_0000062500ms,62.5,refined,needs_review,1.0727769919987566,-10.550280720717414,-0.060925889515421196,352.9833796055791,2,,C:\Users\mail\work\ikiikimake\outputs\makeup\frames\frame_0000062500ms.png,C:\Users\mail\work\ikiikimake\outputs\makeup\rois\frame_0000062500ms
frame_0000063000ms,63.0,coarse,needs_review,1.093177066314182,-10.322535314208343,-0.003594512563387124,353.46076409337473,1,,C:\Users\mail\work\ikiikimake\outputs\makeup\frames\frame_0000063000ms.png,C:\Users\mail\work\ikiikimake\outputs\makeup\rois\frame_0000063000ms
frame_0000063500ms,63.5,refined,needs_review,1.316618839176855,-9.560997250183254,-0.09937251747829325,356.6455233385407,1,,C:\Users\mail\work\ikiikimake\outputs\makeup\frames\frame_0000063500ms.png,C:\Users\mail\work\ikiikimake\outputs\makeup\rois\frame_0000063500ms
frame_0000064000ms,64.0,coarse,needs_review,1.1743407727797666,-10.390558506949727,-0.041744726338319466,351.41303716261683,1,,C:\Users\mail\work\ikiikimake\outputs\makeup\frames\frame_0000064000ms.png,C:\Users\mail\work\ikiikimake\outputs\makeup\rois\frame_0000064000ms
frame_0000065000ms,65.0,coarse,needs_review,1.3281495800626835,-9.99056877541721,-0.7269880517998394,350.5841951165399,1,,C:\Users\mail\work\ikiikimake\outputs\makeup\frames\frame_0000065000ms.png,C:\Users\mail\work\ikiikimake\outputs\makeup\rois\frame_0000065000ms
frame_0000066000ms,66.0,coarse,needs_review,1.688763359971521,-9.871421745284007,0.10788786769837741,349.868602277618,1,,C:\Users\mail\work\ikiikimake\outputs\makeup\frames\frame_0000066000ms.png,C:\Users\mail\work\ikiikimake\outputs\makeup\rois\frame_0000066000ms
frame_0000067000ms,67.0,coarse,needs_review,2.3036750160285187,-9.214364439638542,-1.6137799606025627,349.1222367961562,1,,C:\Users\mail\work\ikiikimake\outputs\makeup\frames\frame_0000067000ms.png,C:\Users\mail\work\ikiikimake\outputs\makeup\rois\frame_0000067000ms
frame_0000068000ms,68.0,coarse,failed,2.813504419431898,-5.364555727104749,-0.0003992289476557416,352.8995352796371,1,left_cheek: suspected hand occlusion 28.8% (limit 2.0%),C:\Users\mail\work\ikiikimake\outputs\makeup\frames\frame_0000068000ms.png,C:\Users\mail\work\ikiikimake\outputs\makeup\rois\frame_0000068000ms
frame_0000069000ms,69.0,coarse,failed,4.174325176305581,-22.093925444694033,-1.7012810163507535,339.8950678300131,2,left_cheek: suspected hand occlusion 100.0% (limit 2.0%); right_cheek: suspected hand occlusion 100.0% (limit 2.0%),C:\Users\mail\work\ikiikimake\outputs\makeup\frames\frame_0000069000ms.png,C:\Users\mail\work\ikiikimake\outputs\makeup\rois\frame_0000069000ms
frame_0000070000ms,70.0,coarse,failed,2.4932067795170103,-10.24474026759858,-1.696617813985892,344.48653311207295,2,forehead: suspected hand occlusion 100.0% (limit 2.0%),C:\Users\mail\work\ikiikimake\outputs\makeup\frames\frame_0000070000ms.png,C:\Users\mail\work\ikiikimake\outputs\makeup\rois\frame_0000070000ms
frame_0000071000ms,71.0,coarse,needs_review,-0.5757639491283569,-13.397901597848664,0.8388865030243271,352.62093422292605,2,,C:\Users\mail\work\ikiikimake\outputs\makeup\frames\frame_0000071000ms.png,C:\Users\mail\work\ikiikimake\outputs\makeup\rois\frame_0000071000ms
frame_0000072000ms,72.0,coarse,failed,1.639258690158411,-17.665550231223396,-4.9134585918611675,379.1357557498008,2,left_cheek: suspected hand occlusion 100.0% (limit 2.0%); right_cheek: suspected hand occlusion 100.0% (limit 2.0%),C:\Users\mail\work\ikiikimake\outputs\makeup\frames\frame_0000072000ms.png,C:\Users\mail\work\ikiikimake\outputs\makeup\rois\frame_0000072000ms
frame_0000073000ms,73.0,coarse,failed,-0.031827861513521606,-17.650891135306093,0.8120762441215565,335.67305436006,2,left_cheek: suspected hand occlusion 100.0% (limit 2.0%); right_cheek: suspected hand occlusion 42.4% (limit 2.0%),C:\Users\mail\work\ikiikimake\outputs\makeup\frames\frame_0000073000ms.png,C:\Users\mail\work\ikiikimake\outputs\makeup\rois\frame_0000073000ms
frame_0000074000ms,74.0,coarse,failed,3.135076237442385,-18.07000748688011,-0.8894106028550721,347.76403114403,2,left_cheek: suspected hand occlusion 100.0% (limit 2.0%); right_cheek: suspected hand occlusion 100.0% (limit 2.0%),C:\Users\mail\work\ikiikimake\outputs\makeup\frames\frame_0000074000ms.png,C:\Users\mail\work\ikiikimake\outputs\makeup\rois\frame_0000074000ms
frame_0000075000ms,75.0,coarse,failed,2.762183545773211,-7.8280496854967,-0.7255084259010731,360.3125663874441,2,left_cheek: suspected hand occlusion 14.8% (limit 2.0%); right_cheek: suspected hand occlusion 37.2% (limit 2.0%),C:\Users\mail\work\ikiikimake\outputs\makeup\frames\frame_0000075000ms.png,C:\Users\mail\work\ikiikimake\outputs\makeup\rois\frame_0000075000ms
frame_0000076000ms,76.0,coarse,needs_review,3.2569629105833764,-9.63388562771964,1.3419321541640588,362.00166903808656,2,,C:\Users\mail\work\ikiikimake\outputs\makeup\frames\frame_0000076000ms.png,C:\Users\mail\work\ikiikimake\outputs\makeup\rois\frame_0000076000ms
frame_0000077000ms,77.0,coarse,needs_review,5.341648259003408,-9.080643721620635,3.3847312718492106,352.84867600914384,1,,C:\Users\mail\work\ikiikimake\outputs\makeup\frames\frame_0000077000ms.png,C:\Users\mail\work\ikiikimake\outputs\makeup\rois\frame_0000077000ms
frame_0000078000ms,78.0,coarse,failed,6.9595396890095635,-13.384500551479633,-1.187985430539091,334.913554689328,1,left_cheek: suspected hand occlusion 8.6% (limit 2.0%),C:\Users\mail\work\ikiikimake\outputs\makeup\frames\frame_0000078000ms.png,C:\Users\mail\work\ikiikimake\outputs\makeup\rois\frame_0000078000ms
frame_0000079000ms,79.0,coarse,failed,4.555788104035436,-27.305949575973173,-4.000758215271219,328.76359563121986,2,face pitch too large: -27.3 deg (limit 25); left_cheek: suspected hand occlusion 100.0% (limit 2.0%); right_cheek: suspected hand occlusion 100.0% (limit 2.0%),C:\Users\mail\work\ikiikimake\outputs\makeup\frames\frame_0000079000ms.png,C:\Users\mail\work\ikiikimake\outputs\makeup\rois\frame_0000079000ms
frame_0000080000ms,80.0,coarse,failed,1.421026134292003,-22.942541176019777,1.0145756597550708,347.0850245484642,2,left_cheek: suspected hand occlusion 100.0% (limit 2.0%); right_cheek: suspected hand occlusion 100.0% (limit 2.0%),C:\Users\mail\work\ikiikimake\outputs\makeup\frames\frame_0000080000ms.png,C:\Users\mail\work\ikiikimake\outputs\makeup\rois\frame_0000080000ms
frame_0000081000ms,81.0,coarse,needs_review,-1.2900446121503863,-12.571404980217789,-0.09938636445009141,358.7808145714674,2,,C:\Users\mail\work\ikiikimake\outputs\makeup\frames\frame_0000081000ms.png,C:\Users\mail\work\ikiikimake\outputs\makeup\rois\frame_0000081000ms
frame_0000082000ms,82.0,coarse,failed,1.8324085941368176,-12.916984781655431,-1.601108684439354,343.0903462935966,1,left_cheek: suspected hand occlusion 100.0% (limit 2.0%),C:\Users\mail\work\ikiikimake\outputs\makeup\frames\frame_0000082000ms.png,C:\Users\mail\work\ikiikimake\outputs\makeup\rois\frame_0000082000ms
frame_0000083000ms,83.0,coarse,failed,2.640476627731332,-16.87188541835917,-1.3120151660065513,343.36016605703105,2,left_cheek: suspected hand occlusion 100.0% (limit 2.0%); right_cheek: suspected hand occlusion 100.0% (limit 2.0%),C:\Users\mail\work\ikiikimake\outputs\makeup\frames\frame_0000083000ms.png,C:\Users\mail\work\ikiikimake\outputs\makeup\rois\frame_0000083000ms
frame_0000084000ms,84.0,coarse,failed,-1.0605961433696998,-10.51239033272659,0.5603927854968842,367.13536566665834,2,left_cheek: suspected hand occlusion 23.7% (limit 2.0%); right_cheek: suspected hand occlusion 52.4% (limit 2.0%),C:\Users\mail\work\ikiikimake\outputs\makeup\frames\frame_0000084000ms.png,C:\Users\mail\work\ikiikimake\outputs\makeup\rois\frame_0000084000ms
frame_0000085000ms,85.0,coarse,failed,1.6957666579454245,-15.54685286698362,-1.3553917066568941,340.4937044107548,1,left_cheek: suspected hand occlusion 100.0% (limit 2.0%),C:\Users\mail\work\ikiikimake\outputs\makeup\frames\frame_0000085000ms.png,C:\Users\mail\work\ikiikimake\outputs\makeup\rois\frame_0000085000ms
frame_0000086000ms,86.0,coarse,failed,2.3030691021744043,-20.484186644399042,-0.16908763744013258,346.1342026344792,1,left_cheek: suspected hand occlusion 100.0% (limit 2.0%),C:\Users\mail\work\ikiikimake\outputs\makeup\frames\frame_0000086000ms.png,C:\Users\mail\work\ikiikimake\outputs\makeup\rois\frame_0000086000ms
frame_0000087000ms,87.0,coarse,needs_review,-2.4797122639779827,-3.2290584967637246,0.22676344398266957,365.45322828974844,1,,C:\Users\mail\work\ikiikimake\outputs\makeup\frames\frame_0000087000ms.png,C:\Users\mail\work\ikiikimake\outputs\makeup\rois\frame_0000087000ms
frame_0000088000ms,88.0,coarse,needs_review,1.247989313085382,-8.300695960727795,2.3100852844719966,353.4928966014675,0,,C:\Users\mail\work\ikiikimake\outputs\makeup\frames\frame_0000088000ms.png,C:\Users\mail\work\ikiikimake\outputs\makeup\rois\frame_0000088000ms
frame_0000089000ms,89.0,coarse,needs_review,2.103485721230949,-6.4499887675803445,-0.6713716258280733,357.7073452942166,0,,C:\Users\mail\work\ikiikimake\outputs\makeup\frames\frame_0000089000ms.png,C:\Users\mail\work\ikiikimake\outputs\makeup\rois\frame_0000089000ms
frame_0000090000ms,90.0,coarse,needs_review,1.7981786244248945,-7.037093962331907,-0.0018499422317361893,353.3961944237446,0,,C:\Users\mail\work\ikiikimake\outputs\makeup\frames\frame_0000090000ms.png,C:\Users\mail\work\ikiikimake\outputs\makeup\rois\frame_0000090000ms
frame_0000091000ms,91.0,coarse,needs_review,1.0801702019004373,-7.605567742071004,0.7878368968459878,354.29369932219385,2,,C:\Users\mail\work\ikiikimake\outputs\makeup\frames\frame_0000091000ms.png,C:\Users\mail\work\ikiikimake\outputs\makeup\rois\frame_0000091000ms
frame_0000092000ms,92.0,coarse,needs_review,1.3668883592053562,-7.3295795860980615,0.6353551518024161,356.73431311051644,1,,C:\Users\mail\work\ikiikimake\outputs\makeup\frames\frame_0000092000ms.png,C:\Users\mail\work\ikiikimake\outputs\makeup\rois\frame_0000092000ms
frame_0000093000ms,93.0,coarse,needs_review,1.896350760966555,-7.433113557412246,-0.46635940039107004,352.5913873298232,1,,C:\Users\mail\work\ikiikimake\outputs\makeup\frames\frame_0000093000ms.png,C:\Users\mail\work\ikiikimake\outputs\makeup\rois\frame_0000093000ms
frame_0000094000ms,94.0,coarse,needs_review,2.905985943611472,-7.139107595077706,-0.9561233538967281,358.99214284008366,2,,C:\Users\mail\work\ikiikimake\outputs\makeup\frames\frame_0000094000ms.png,C:\Users\mail\work\ikiikimake\outputs\makeup\rois\frame_0000094000ms
frame_0000095000ms,95.0,coarse,needs_review,2.2760673708655563,-6.106596303729009,-1.0440916074222295,354.4976970651531,1,,C:\Users\mail\work\ikiikimake\outputs\makeup\frames\frame_0000095000ms.png,C:\Users\mail\work\ikiikimake\outputs\makeup\rois\frame_0000095000ms
frame_0000096000ms,96.0,coarse,needs_review,1.9120509174088522,-7.094734421073447,-0.3740379959188376,352.4742982265562,0,,C:\Users\mail\work\ikiikimake\outputs\makeup\frames\frame_0000096000ms.png,C:\Users\mail\work\ikiikimake\outputs\makeup\rois\frame_0000096000ms
frame_0000097000ms,97.0,coarse,needs_review,1.718050179797096,-6.057004459670486,0.2104106336385362,353.9995693234897,2,,C:\Users\mail\work\ikiikimake\outputs\makeup\frames\frame_0000097000ms.png,C:\Users\mail\work\ikiikimake\outputs\makeup\rois\frame_0000097000ms
frame_0000098000ms,98.0,coarse,needs_review,3.1330688505671964,-6.255088398223108,-1.4448724943204425,350.92012543242856,0,,C:\Users\mail\work\ikiikimake\outputs\makeup\frames\frame_0000098000ms.png,C:\Users\mail\work\ikiikimake\outputs\makeup\rois\frame_0000098000ms
frame_0000098500ms,98.5,refined,needs_review,1.0881633222384626,-6.239516947786478,0.7236481180537687,354.30466899815946,0,,C:\Users\mail\work\ikiikimake\outputs\makeup\frames\frame_0000098500ms.png,C:\Users\mail\work\ikiikimake\outputs\makeup\rois\frame_0000098500ms
frame_0000099000ms,99.0,coarse,needs_review,1.8186788089033912,-6.901283901729333,0.5613053843555691,354.0653229207819,0,,C:\Users\mail\work\ikiikimake\outputs\makeup\frames\frame_0000099000ms.png,C:\Users\mail\work\ikiikimake\outputs\makeup\rois\frame_0000099000ms
frame_0000099500ms,99.5,refined,needs_review,1.4481965679355007,-6.632868751111248,0.6926992721633043,354.41643023796263,0,,C:\Users\mail\work\ikiikimake\outputs\makeup\frames\frame_0000099500ms.png,C:\Users\mail\work\ikiikimake\outputs\makeup\rois\frame_0000099500ms
frame_0000100000ms,100.0,coarse,needs_review,1.7147744612100264,-5.907660441518578,0.11974775640883313,353.4098769362614,0,,C:\Users\mail\work\ikiikimake\outputs\makeup\frames\frame_0000100000ms.png,C:\Users\mail\work\ikiikimake\outputs\makeup\rois\frame_0000100000ms
frame_0000101000ms,101.0,coarse,needs_review,1.870978544703387,-6.1349855493910415,0.08283270502537073,353.51205193384135,0,,C:\Users\mail\work\ikiikimake\outputs\makeup\frames\frame_0000101000ms.png,C:\Users\mail\work\ikiikimake\outputs\makeup\rois\frame_0000101000ms
frame_0000102000ms,102.0,coarse,needs_review,2.3642087733854473,-6.639932628396663,0.13628298703945507,356.72694819122233,2,,C:\Users\mail\work\ikiikimake\outputs\makeup\frames\frame_0000102000ms.png,C:\Users\mail\work\ikiikimake\outputs\makeup\rois\frame_0000102000ms
frame_0000103000ms,103.0,coarse,needs_review,2.620596254617942,-6.951247861161297,0.17470098819442242,355.4527053508108,2,,C:\Users\mail\work\ikiikimake\outputs\makeup\frames\frame_0000103000ms.png,C:\Users\mail\work\ikiikimake\outputs\makeup\rois\frame_0000103000ms
frame_0000104000ms,104.0,coarse,failed,0.9617750251586449,-11.814687260979088,-2.2358881401600463,340.2269187093134,2,right_cheek: suspected hand occlusion 27.2% (limit 2.0%),C:\Users\mail\work\ikiikimake\outputs\makeup\frames\frame_0000104000ms.png,C:\Users\mail\work\ikiikimake\outputs\makeup\rois\frame_0000104000ms
frame_0000105000ms,105.0,coarse,needs_review,2.0042936083950496,-7.956522127726865,-0.24335753732316687,351.3486394129835,1,,C:\Users\mail\work\ikiikimake\outputs\makeup\frames\frame_0000105000ms.png,C:\Users\mail\work\ikiikimake\outputs\makeup\rois\frame_0000105000ms
frame_0000106000ms,106.0,coarse,needs_review,1.3908197352479543,-6.959289243357969,0.42965799310602637,344.21944868413584,2,,C:\Users\mail\work\ikiikimake\outputs\makeup\frames\frame_0000106000ms.png,C:\Users\mail\work\ikiikimake\outputs\makeup\rois\frame_0000106000ms
frame_0000107000ms,107.0,coarse,failed,-6.973290405817708,-16.793806677352368,0.3621925695129661,331.824355682432,2,left_cheek: suspected hand occlusion 59.6% (limit 2.0%); forehead: suspected hand occlusion 100.0% (limit 2.0%),C:\Users\mail\work\ikiikimake\outputs\makeup\frames\frame_0000107000ms.png,C:\Users\mail\work\ikiikimake\outputs\makeup\rois\frame_0000107000ms
frame_0000108000ms,108.0,coarse,failed,-2.2193365437422434,-14.498102232152382,2.8988484227215503,348.2402389898829,2,left_cheek: suspected hand occlusion 13.4% (limit 2.0%); forehead: suspected hand occlusion 100.0% (limit 2.0%),C:\Users\mail\work\ikiikimake\outputs\makeup\frames\frame_0000108000ms.png,C:\Users\mail\work\ikiikimake\outputs\makeup\rois\frame_0000108000ms
frame_0000109000ms,109.0,coarse,failed,-1.0187316999096114,-11.49028473175373,1.5227186082490396,356.84963392465403,2,left_cheek: suspected hand occlusion 62.5% (limit 2.0%); forehead: suspected hand occlusion 62.2% (limit 2.0%),C:\Users\mail\work\ikiikimake\outputs\makeup\frames\frame_0000109000ms.png,C:\Users\mail\work\ikiikimake\outputs\makeup\rois\frame_0000109000ms
frame_0000110000ms,110.0,coarse,failed,,,,,,"Expected exactly one face passing confidence thresholds, found 0",C:\Users\mail\work\ikiikimake\outputs\makeup\frames\frame_0000110000ms.png,C:\Users\mail\work\ikiikimake\outputs\makeup\rois\frame_0000110000ms
frame_0000111000ms,111.0,coarse,failed,-0.8007554402700676,-11.05761961565117,0.4614897830138854,353.96053236962473,2,left_cheek: suspected hand occlusion 78.2% (limit 2.0%),C:\Users\mail\work\ikiikimake\outputs\makeup\frames\frame_0000111000ms.png,C:\Users\mail\work\ikiikimake\outputs\makeup\rois\frame_0000111000ms
frame_0000112000ms,112.0,coarse,failed,5.696285660728967,-4.505739074166267,7.5384726872433045,328.4886840699087,2,right_cheek: suspected hand occlusion 17.4% (limit 2.0%),C:\Users\mail\work\ikiikimake\outputs\makeup\frames\frame_0000112000ms.png,C:\Users\mail\work\ikiikimake\outputs\makeup\rois\frame_0000112000ms
frame_0000113000ms,113.0,coarse,needs_review,1.9052553393990184,-8.253030659405285,1.9401500314154192,350.3357171175549,2,,C:\Users\mail\work\ikiikimake\outputs\makeup\frames\frame_0000113000ms.png,C:\Users\mail\work\ikiikimake\outputs\makeup\rois\frame_0000113000ms
frame_0000114000ms,114.0,coarse,needs_review,-1.1576282960608706,-7.9438751401500465,0.32515015219723814,348.40028590710546,2,,C:\Users\mail\work\ikiikimake\outputs\makeup\frames\frame_0000114000ms.png,C:\Users\mail\work\ikiikimake\outputs\makeup\rois\frame_0000114000ms
frame_0000115000ms,115.0,coarse,needs_review,0.13412052481238523,-8.495709226628923,-0.5393225807296683,354.6629689795153,2,,C:\Users\mail\work\ikiikimake\outputs\makeup\frames\frame_0000115000ms.png,C:\Users\mail\work\ikiikimake\outputs\makeup\rois\frame_0000115000ms
frame_0000116000ms,116.0,coarse,failed,-0.8378491882421426,-8.770839111539564,-0.8891926025753941,351.7169424009782,2,left_cheek: suspected hand occlusion 43.4% (limit 2.0%),C:\Users\mail\work\ikiikimake\outputs\makeup\frames\frame_0000116000ms.png,C:\Users\mail\work\ikiikimake\outputs\makeup\rois\frame_0000116000ms
frame_0000117000ms,117.0,coarse,failed,-2.1274837686115964,-12.127221934531763,-1.9681437934753827,343.0274725670153,2,left_cheek: suspected hand occlusion 100.0% (limit 2.0%),C:\Users\mail\work\ikiikimake\outputs\makeup\frames\frame_0000117000ms.png,C:\Users\mail\work\ikiikimake\outputs\makeup\rois\frame_0000117000ms
frame_0000118000ms,118.0,coarse,failed,-0.9596538067297605,-10.954714848121224,-2.691772259800821,351.1787996233558,2,left_cheek: suspected hand occlusion 100.0% (limit 2.0%),C:\Users\mail\work\ikiikimake\outputs\makeup\frames\frame_0000118000ms.png,C:\Users\mail\work\ikiikimake\outputs\makeup\rois\frame_0000118000ms
frame_0000119000ms,119.0,coarse,needs_review,-0.5339221373708656,-6.043925166778166,-0.9678713456581894,346.6464529461489,2,,C:\Users\mail\work\ikiikimake\outputs\makeup\frames\frame_0000119000ms.png,C:\Users\mail\work\ikiikimake\outputs\makeup\rois\frame_0000119000ms
frame_0000120000ms,120.0,coarse,needs_review,0.304209712877228,-5.288098305647732,-2.2723317125120923,356.3833514031885,1,,C:\Users\mail\work\ikiikimake\outputs\makeup\frames\frame_0000120000ms.png,C:\Users\mail\work\ikiikimake\outputs\makeup\rois\frame_0000120000ms
frame_0000121000ms,121.0,coarse,needs_review,-0.571453259503731,-7.255356360444596,-2.4358310895598905,352.90840365402005,2,,C:\Users\mail\work\ikiikimake\outputs\makeup\frames\frame_0000121000ms.png,C:\Users\mail\work\ikiikimake\outputs\makeup\rois\frame_0000121000ms
frame_0000122000ms,122.0,coarse,needs_review,0.1712287336959674,-8.086243399243552,-2.5371309098325203,349.7108670469277,2,,C:\Users\mail\work\ikiikimake\outputs\makeup\frames\frame_0000122000ms.png,C:\Users\mail\work\ikiikimake\outputs\makeup\rois\frame_0000122000ms
frame_0000123000ms,123.0,coarse,failed,-2.1754320407503736,-10.648592622582633,-4.079199570755208,344.24277335282096,2,left_cheek: suspected hand occlusion 50.5% (limit 2.0%),C:\Users\mail\work\ikiikimake\outputs\makeup\frames\frame_0000123000ms.png,C:\Users\mail\work\ikiikimake\outputs\makeup\rois\frame_0000123000ms
frame_0000124000ms,124.0,coarse,needs_review,-0.9212302086725179,-11.06779310234871,-3.949286731173305,347.7188065440008,1,,C:\Users\mail\work\ikiikimake\outputs\makeup\frames\frame_0000124000ms.png,C:\Users\mail\work\ikiikimake\outputs\makeup\rois\frame_0000124000ms
frame_0000125000ms,125.0,coarse,failed,-2.043480201474511,-10.526739521702172,-4.59837914547071,349.00833911069196,2,left_cheek: suspected hand occlusion 100.0% (limit 2.0%),C:\Users\mail\work\ikiikimake\outputs\makeup\frames\frame_0000125000ms.png,C:\Users\mail\work\ikiikimake\outputs\makeup\rois\frame_0000125000ms
frame_0000126000ms,126.0,coarse,failed,2.1189969876268977,-7.344141800401146,-4.3389974651903405,352.7495777494988,2,left_cheek: suspected hand occlusion 92.6% (limit 2.0%),C:\Users\mail\work\ikiikimake\outputs\makeup\frames\frame_0000126000ms.png,C:\Users\mail\work\ikiikimake\outputs\makeup\rois\frame_0000126000ms
frame_0000127000ms,127.0,coarse,needs_review,-0.056157506891196585,-8.482009323704405,-4.840448750041285,351.7255207029355,1,,C:\Users\mail\work\ikiikimake\outputs\makeup\frames\frame_0000127000ms.png,C:\Users\mail\work\ikiikimake\outputs\makeup\rois\frame_0000127000ms
frame_0000128000ms,128.0,coarse,failed,-1.0257770453200832,-13.833321111653444,-4.658555721383846,353.00223159033385,1,left_cheek: suspected hand occlusion 61.9% (limit 2.0%),C:\Users\mail\work\ikiikimake\outputs\makeup\frames\frame_0000128000ms.png,C:\Users\mail\work\ikiikimake\outputs\makeup\rois\frame_0000128000ms
frame_0000129000ms,129.0,coarse,failed,-16.994948321457716,-8.547890451857763,12.180381528090725,282.3665505534373,2,right_cheek: suspected hand occlusion 100.0% (limit 2.0%),C:\Users\mail\work\ikiikimake\outputs\makeup\frames\frame_0000129000ms.png,C:\Users\mail\work\ikiikimake\outputs\makeup\rois\frame_0000129000ms
frame_0000130000ms,130.0,coarse,failed,,,,,,"Expected exactly one face passing confidence thresholds, found 0",C:\Users\mail\work\ikiikimake\outputs\makeup\frames\frame_0000130000ms.png,C:\Users\mail\work\ikiikimake\outputs\makeup\rois\frame_0000130000ms
frame_0000131000ms,131.0,coarse,needs_review,-0.5201536558974607,-9.914706535825808,-2.6141749294019947,346.1306981161392,1,,C:\Users\mail\work\ikiikimake\outputs\makeup\frames\frame_0000131000ms.png,C:\Users\mail\work\ikiikimake\outputs\makeup\rois\frame_0000131000ms
frame_0000132000ms,132.0,coarse,needs_review,3.329464282885455,-7.090345618026496,0.39780211442888286,336.1517654791892,1,,C:\Users\mail\work\ikiikimake\outputs\makeup\frames\frame_0000132000ms.png,C:\Users\mail\work\ikiikimake\outputs\makeup\rois\frame_0000132000ms
frame_0000133000ms,133.0,coarse,failed,3.0177194718299116,-7.303222549494761,-0.8005628577337719,351.4446551012519,2,right_cheek: suspected hand occlusion 13.0% (limit 2.0%),C:\Users\mail\work\ikiikimake\outputs\makeup\frames\frame_0000133000ms.png,C:\Users\mail\work\ikiikimake\outputs\makeup\rois\frame_0000133000ms
frame_0000134000ms,134.0,coarse,needs_review,0.665073882624966,-9.224081490581682,1.5941106626482155,352.1824766762713,2,,C:\Users\mail\work\ikiikimake\outputs\makeup\frames\frame_0000134000ms.png,C:\Users\mail\work\ikiikimake\outputs\makeup\rois\frame_0000134000ms
frame_0000135000ms,135.0,coarse,failed,1.4828951071062724,-5.623304579727596,-0.7282096804599956,348.507719509582,2,left_cheek: suspected hand occlusion 27.2% (limit 2.0%),C:\Users\mail\work\ikiikimake\outputs\makeup\frames\frame_0000135000ms.png,C:\Users\mail\work\ikiikimake\outputs\makeup\rois\frame_0000135000ms
frame_0000136000ms,136.0,coarse,failed,1.2346447623912407,-16.070607405352668,-0.5985078420742174,342.2969155257006,2,left_cheek: suspected hand occlusion 100.0% (limit 2.0%),C:\Users\mail\work\ikiikimake\outputs\makeup\frames\frame_0000136000ms.png,C:\Users\mail\work\ikiikimake\outputs\makeup\rois\frame_0000136000ms
frame_0000137000ms,137.0,coarse,needs_review,1.837344104395996,-7.467236812064262,-0.4782065886829249,357.79978884184175,1,,C:\Users\mail\work\ikiikimake\outputs\makeup\frames\frame_0000137000ms.png,C:\Users\mail\work\ikiikimake\outputs\makeup\rois\frame_0000137000ms
frame_0000137500ms,137.5,refined,needs_review,2.057813941362643,-5.837962709604278,0.6764826034230464,361.57503305944095,0,,C:\Users\mail\work\ikiikimake\outputs\makeup\frames\frame_0000137500ms.png,C:\Users\mail\work\ikiikimake\outputs\makeup\rois\frame_0000137500ms
frame_0000138000ms,138.0,coarse,needs_review,2.522201928534274,-8.17887712995658,0.3817643960899552,350.08606762626823,2,,C:\Users\mail\work\ikiikimake\outputs\makeup\frames\frame_0000138000ms.png,C:\Users\mail\work\ikiikimake\outputs\makeup\rois\frame_0000138000ms
frame_0000138500ms,138.5,refined,failed,3.6493558439922924,-10.943136928896196,-0.6475649490592583,358.74053823941284,2,forehead: suspected hand occlusion 100.0% (limit 2.0%),C:\Users\mail\work\ikiikimake\outputs\makeup\frames\frame_0000138500ms.png,C:\Users\mail\work\ikiikimake\outputs\makeup\rois\frame_0000138500ms
frame_0000139000ms,139.0,coarse,needs_review,3.4508170761786423,-8.061448623027799,-0.17118695076357018,353.2613171911409,1,,C:\Users\mail\work\ikiikimake\outputs\makeup\frames\frame_0000139000ms.png,C:\Users\mail\work\ikiikimake\outputs\makeup\rois\frame_0000139000ms
frame_0000140000ms,140.0,coarse,needs_review,5.797304043906427,-5.30026875607209,1.2032733308939423,353.27679432631913,2,,C:\Users\mail\work\ikiikimake\outputs\makeup\frames\frame_0000140000ms.png,C:\Users\mail\work\ikiikimake\outputs\makeup\rois\frame_0000140000ms
frame_0000141000ms,141.0,coarse,failed,0.9805631631691116,-6.471767708746338,0.2493820284975733,348.77305178034413,2,left_cheek: suspected hand occlusion 2.9% (limit 2.0%),C:\Users\mail\work\ikiikimake\outputs\makeup\frames\frame_0000141000ms.png,C:\Users\mail\work\ikiikimake\outputs\makeup\rois\frame_0000141000ms
frame_0000142000ms,142.0,coarse,needs_review,-0.22112445156430596,-7.817328889642348,-3.1799057860976374,359.88528352762523,1,,C:\Users\mail\work\ikiikimake\outputs\makeup\frames\frame_0000142000ms.png,C:\Users\mail\work\ikiikimake\outputs\makeup\rois\frame_0000142000ms
frame_0000143000ms,143.0,coarse,needs_review,-0.5784013284884099,-10.042010622904458,-5.385654274436884,352.1294238962192,1,,C:\Users\mail\work\ikiikimake\outputs\makeup\frames\frame_0000143000ms.png,C:\Users\mail\work\ikiikimake\outputs\makeup\rois\frame_0000143000ms
frame_0000144000ms,144.0,coarse,needs_review,0.26960460670726605,-8.258445772375207,-1.9792508825397033,351.2549700818255,1,,C:\Users\mail\work\ikiikimake\outputs\makeup\frames\frame_0000144000ms.png,C:\Users\mail\work\ikiikimake\outputs\makeup\rois\frame_0000144000ms
frame_0000145000ms,145.0,coarse,needs_review,-0.7867791181882493,-17.26677237047406,-5.793599050198155,354.2061977197665,2,,C:\Users\mail\work\ikiikimake\outputs\makeup\frames\frame_0000145000ms.png,C:\Users\mail\work\ikiikimake\outputs\makeup\rois\frame_0000145000ms
frame_0000146000ms,146.0,coarse,failed,2.8258462887959825,-12.643144157862753,-0.7710695800196633,354.84306824535474,2,left_cheek: suspected hand occlusion 21.1% (limit 2.0%),C:\Users\mail\work\ikiikimake\outputs\makeup\frames\frame_0000146000ms.png,C:\Users\mail\work\ikiikimake\outputs\makeup\rois\frame_0000146000ms
frame_0000147000ms,147.0,coarse,needs_review,2.2484448423209744,-13.720705669849181,10.066111412494173,350.55066315858653,1,,C:\Users\mail\work\ikiikimake\outputs\makeup\frames\frame_0000147000ms.png,C:\Users\mail\work\ikiikimake\outputs\makeup\rois\frame_0000147000ms
frame_0000148000ms,148.0,coarse,failed,6.8583038752900105,-11.449010933857856,8.229790237840371,349.9582804654696,2,left_cheek: suspected hand occlusion 39.7% (limit 2.0%),C:\Users\mail\work\ikiikimake\outputs\makeup\frames\frame_0000148000ms.png,C:\Users\mail\work\ikiikimake\outputs\makeup\rois\frame_0000148000ms
frame_0000149000ms,149.0,coarse,failed,6.206387946639652,-12.901704138477918,4.094292323177688,345.23450453716856,2,left_cheek: suspected hand occlusion 9.5% (limit 2.0%),C:\Users\mail\work\ikiikimake\outputs\makeup\frames\frame_0000149000ms.png,C:\Users\mail\work\ikiikimake\outputs\makeup\rois\frame_0000149000ms
frame_0000150000ms,150.0,coarse,needs_review,0.5936353180411473,-10.661171563503576,-7.0804810533484055,352.97718263922997,1,,C:\Users\mail\work\ikiikimake\outputs\makeup\frames\frame_0000150000ms.png,C:\Users\mail\work\ikiikimake\outputs\makeup\rois\frame_0000150000ms
frame_0000151000ms,151.0,coarse,needs_review,-0.6932341178689865,-8.896174664473534,-7.320458306489886,356.9997393721335,1,,C:\Users\mail\work\ikiikimake\outputs\makeup\frames\frame_0000151000ms.png,C:\Users\mail\work\ikiikimake\outputs\makeup\rois\frame_0000151000ms
frame_0000152000ms,152.0,coarse,needs_review,-1.346688779521136,-2.704083141965229,-8.427675399714177,354.76517979917037,1,,C:\Users\mail\work\ikiikimake\outputs\makeup\frames\frame_0000152000ms.png,C:\Users\mail\work\ikiikimake\outputs\makeup\rois\frame_0000152000ms
frame_0000153000ms,153.0,coarse,needs_review,-0.6577769869725819,-3.9012371551436784,-7.823495594606127,352.1432110890269,1,,C:\Users\mail\work\ikiikimake\outputs\makeup\frames\frame_0000153000ms.png,C:\Users\mail\work\ikiikimake\outputs\makeup\rois\frame_0000153000ms
frame_0000154000ms,154.0,coarse,needs_review,3.14646580390724,-4.441884057827344,-9.460114468095204,351.48413765654794,1,,C:\Users\mail\work\ikiikimake\outputs\makeup\frames\frame_0000154000ms.png,C:\Users\mail\work\ikiikimake\outputs\makeup\rois\frame_0000154000ms
frame_0000155000ms,155.0,coarse,needs_review,4.6543819515113665,-5.946629606266067,4.7290322864168495,351.0595927763912,1,,C:\Users\mail\work\ikiikimake\outputs\makeup\frames\frame_0000155000ms.png,C:\Users\mail\work\ikiikimake\outputs\makeup\rois\frame_0000155000ms
frame_0000156000ms,156.0,coarse,needs_review,1.8222629932663907,-9.56547304750352,9.249839582076094,356.9438488283044,1,,C:\Users\mail\work\ikiikimake\outputs\makeup\frames\frame_0000156000ms.png,C:\Users\mail\work\ikiikimake\outputs\makeup\rois\frame_0000156000ms
frame_0000157000ms,157.0,coarse,needs_review,-0.3281544363409233,-13.20246695173767,-4.558808673528152,354.0819796294764,1,,C:\Users\mail\work\ikiikimake\outputs\makeup\frames\frame_0000157000ms.png,C:\Users\mail\work\ikiikimake\outputs\makeup\rois\frame_0000157000ms
frame_0000158000ms,158.0,coarse,needs_review,0.2529860737726867,-7.129259299888327,1.4714170039668732,352.7713907847421,0,,C:\Users\mail\work\ikiikimake\outputs\makeup\frames\frame_0000158000ms.png,C:\Users\mail\work\ikiikimake\outputs\makeup\rois\frame_0000158000ms
frame_0000159000ms,159.0,coarse,needs_review,0.039291401152686325,-7.140814735772392,2.0374605266747183,354.92590354706147,0,,C:\Users\mail\work\ikiikimake\outputs\makeup\frames\frame_0000159000ms.png,C:\Users\mail\work\ikiikimake\outputs\makeup\rois\frame_0000159000ms
frame_0000160000ms,160.0,coarse,needs_review,-0.7806285009696713,-4.6468355087543864,0.9049910033736022,355.4040010596712,0,,C:\Users\mail\work\ikiikimake\outputs\makeup\frames\frame_0000160000ms.png,C:\Users\mail\work\ikiikimake\outputs\makeup\rois\frame_0000160000ms
frame_0000161000ms,161.0,coarse,needs_review,1.1437044521995718,-4.907479882319723,1.6118444235672527,353.87631869489746,0,,C:\Users\mail\work\ikiikimake\outputs\makeup\frames\frame_0000161000ms.png,C:\Users\mail\work\ikiikimake\outputs\makeup\rois\frame_0000161000ms
frame_0000162000ms,162.0,coarse,needs_review,1.3396749024152477,-4.284223551864793,0.8523319615497885,356.71640784700827,2,,C:\Users\mail\work\ikiikimake\outputs\makeup\frames\frame_0000162000ms.png,C:\Users\mail\work\ikiikimake\outputs\makeup\rois\frame_0000162000ms
frame_0000163000ms,163.0,coarse,needs_review,1.0685280334574558,-4.419241789950784,0.8507477804082929,350.8635916192879,2,,C:\Users\mail\work\ikiikimake\outputs\makeup\frames\frame_0000163000ms.png,C:\Users\mail\work\ikiikimake\outputs\makeup\rois\frame_0000163000ms
frame_0000164000ms,164.0,coarse,needs_review,0.9810982686130233,-5.129321544252931,0.4385066984304311,351.59538857573204,2,,C:\Users\mail\work\ikiikimake\outputs\makeup\frames\frame_0000164000ms.png,C:\Users\mail\work\ikiikimake\outputs\makeup\rois\frame_0000164000ms
frame_0000165000ms,165.0,coarse,failed,,,,,,"Expected exactly one face passing confidence thresholds, found 0",C:\Users\mail\work\ikiikimake\outputs\makeup\frames\frame_0000165000ms.png,C:\Users\mail\work\ikiikimake\outputs\makeup\rois\frame_0000165000ms
frame_0000166000ms,166.0,coarse,failed,,,,,,"Expected exactly one face passing confidence thresholds, found 0",C:\Users\mail\work\ikiikimake\outputs\makeup\frames\frame_0000166000ms.png,C:\Users\mail\work\ikiikimake\outputs\makeup\rois\frame_0000166000ms
frame_0000167000ms,167.0,coarse,needs_review,0.6756344408518354,-7.3324148386800605,1.7637572804700967,359.3483633036206,1,,C:\Users\mail\work\ikiikimake\outputs\makeup\frames\frame_0000167000ms.png,C:\Users\mail\work\ikiikimake\outputs\makeup\rois\frame_0000167000ms
frame_0000168000ms,168.0,coarse,needs_review,0.6180175296369782,-6.9853559059384684,0.6756535397884775,351.2654914453688,1,,C:\Users\mail\work\ikiikimake\outputs\makeup\frames\frame_0000168000ms.png,C:\Users\mail\work\ikiikimake\outputs\makeup\rois\frame_0000168000ms
frame_0000168500ms,168.5,refined,failed,-4.370932794464601,-12.440472301911377,1.195458122930523,329.33273712965297,2,forehead: suspected hand occlusion 98.0% (limit 2.0%),C:\Users\mail\work\ikiikimake\outputs\makeup\frames\frame_0000168500ms.png,C:\Users\mail\work\ikiikimake\outputs\makeup\rois\frame_0000168500ms
frame_0000169000ms,169.0,coarse,needs_review,0.817146258734028,-7.38136522571712,1.5477055138063123,349.88787265166536,2,,C:\Users\mail\work\ikiikimake\outputs\makeup\frames\frame_0000169000ms.png,C:\Users\mail\work\ikiikimake\outputs\makeup\rois\frame_0000169000ms
frame_0000169500ms,169.5,refined,needs_review,0.8117201450765713,-7.946498529189192,1.4259533759106187,348.05413925613595,2,,C:\Users\mail\work\ikiikimake\outputs\makeup\frames\frame_0000169500ms.png,C:\Users\mail\work\ikiikimake\outputs\makeup\rois\frame_0000169500ms
frame_0000170000ms,170.0,coarse,failed,-3.1258655602472847,-9.263905676156938,0.5858480714640133,343.3353378174223,2,left_cheek: suspected hand occlusion 71.4% (limit 2.0%),C:\Users\mail\work\ikiikimake\outputs\makeup\frames\frame_0000170000ms.png,C:\Users\mail\work\ikiikimake\outputs\makeup\rois\frame_0000170000ms
frame_0000171000ms,171.0,coarse,needs_review,-0.09671681550503017,-8.61779183622887,0.3167694487570394,345.62036109778444,2,,C:\Users\mail\work\ikiikimake\outputs\makeup\frames\frame_0000171000ms.png,C:\Users\mail\work\ikiikimake\outputs\makeup\rois\frame_0000171000ms
frame_0000172000ms,172.0,coarse,needs_review,1.0701170667964717,-9.226664878685304,0.6039911758109493,349.3052400259939,2,,C:\Users\mail\work\ikiikimake\outputs\makeup\frames\frame_0000172000ms.png,C:\Users\mail\work\ikiikimake\outputs\makeup\rois\frame_0000172000ms
frame_0000173000ms,173.0,coarse,needs_review,0.5230891145629664,-8.115204615732447,1.2406594411343654,351.29167682951874,2,,C:\Users\mail\work\ikiikimake\outputs\makeup\frames\frame_0000173000ms.png,C:\Users\mail\work\ikiikimake\outputs\makeup\rois\frame_0000173000ms
frame_0000174000ms,174.0,coarse,failed,0.6559231707634716,-11.072612026513752,4.104129567266528,360.28904058816204,2,left_cheek: suspected hand occlusion 74.9% (limit 2.0%); forehead: suspected hand occlusion 72.6% (limit 2.0%),C:\Users\mail\work\ikiikimake\outputs\makeup\frames\frame_0000174000ms.png,C:\Users\mail\work\ikiikimake\outputs\makeup\rois\frame_0000174000ms
frame_0000175000ms,175.0,coarse,failed,1.7916968169688037,-10.969755794459699,-0.3455442664376308,312.2494778859086,2,left_cheek: suspected hand occlusion 78.6% (limit 2.0%); forehead: suspected hand occlusion 100.0% (limit 2.0%),C:\Users\mail\work\ikiikimake\outputs\makeup\frames\frame_0000175000ms.png,C:\Users\mail\work\ikiikimake\outputs\makeup\rois\frame_0000175000ms
frame_0000176000ms,176.0,coarse,needs_review,-0.5683501417963767,-6.816625745989837,1.3559245843931966,348.5472201126123,1,,C:\Users\mail\work\ikiikimake\outputs\makeup\frames\frame_0000176000ms.png,C:\Users\mail\work\ikiikimake\outputs\makeup\rois\frame_0000176000ms
frame_0000177000ms,177.0,coarse,needs_review,-0.5110505110358088,-8.157085110846584,0.20328802792495684,351.53541297808357,1,,C:\Users\mail\work\ikiikimake\outputs\makeup\frames\frame_0000177000ms.png,C:\Users\mail\work\ikiikimake\outputs\makeup\rois\frame_0000177000ms
frame_0000178000ms,178.0,coarse,failed,0.43456017340010894,-9.632527426533908,-3.7222877381392787,348.94024626215827,1,left_cheek: suspected hand occlusion 14.8% (limit 2.0%),C:\Users\mail\work\ikiikimake\outputs\makeup\frames\frame_0000178000ms.png,C:\Users\mail\work\ikiikimake\outputs\makeup\rois\frame_0000178000ms
frame_0000179000ms,179.0,coarse,failed,-3.53183580317153,-11.799333893485997,-3.110109893590948,355.46463001464934,1,left_cheek: suspected hand occlusion 83.4% (limit 2.0%),C:\Users\mail\work\ikiikimake\outputs\makeup\frames\frame_0000179000ms.png,C:\Users\mail\work\ikiikimake\outputs\makeup\rois\frame_0000179000ms
frame_0001044050ms,1044.05,coarse,failed,,,,,,"Expected exactly one face passing confidence thresholds, found 2",C:\Users\mail\work\ikiikimake\outputs\makeup\frames\frame_0001044050ms.png,C:\Users\mail\work\ikiikimake\outputs\makeup\rois\frame_0001044050ms
frame_0001045050ms,1045.05,coarse,failed,,,,,,"Expected exactly one face passing confidence thresholds, found 2",C:\Users\mail\work\ikiikimake\outputs\makeup\frames\frame_0001045050ms.png,C:\Users\mail\work\ikiikimake\outputs\makeup\rois\frame_0001045050ms
frame_0001046050ms,1046.05,coarse,failed,,,,,,"Expected exactly one face passing confidence thresholds, found 2",C:\Users\mail\work\ikiikimake\outputs\makeup\frames\frame_0001046050ms.png,C:\Users\mail\work\ikiikimake\outputs\makeup\rois\frame_0001046050ms
frame_0001047050ms,1047.05,coarse,failed,,,,,,"Expected exactly one face passing confidence thresholds, found 2",C:\Users\mail\work\ikiikimake\outputs\makeup\frames\frame_0001047050ms.png,C:\Users\mail\work\ikiikimake\outputs\makeup\rois\frame_0001047050ms
frame_0001048050ms,1048.05,coarse,failed,,,,,,"Expected exactly one face passing confidence thresholds, found 2",C:\Users\mail\work\ikiikimake\outputs\makeup\frames\frame_0001048050ms.png,C:\Users\mail\work\ikiikimake\outputs\makeup\rois\frame_0001048050ms
frame_0001049050ms,1049.05,coarse,failed,,,,,,"Expected exactly one face passing confidence thresholds, found 2",C:\Users\mail\work\ikiikimake\outputs\makeup\frames\frame_0001049050ms.png,C:\Users\mail\work\ikiikimake\outputs\makeup\rois\frame_0001049050ms
frame_0001050050ms,1050.05,coarse,failed,,,,,,"Expected exactly one face passing confidence thresholds, found 2",C:\Users\mail\work\ikiikimake\outputs\makeup\frames\frame_0001050050ms.png,C:\Users\mail\work\ikiikimake\outputs\makeup\rois\frame_0001050050ms
frame_0001051050ms,1051.05,coarse,failed,,,,,,"Expected exactly one face passing confidence thresholds, found 2",C:\Users\mail\work\ikiikimake\outputs\makeup\frames\frame_0001051050ms.png,C:\Users\mail\work\ikiikimake\outputs\makeup\rois\frame_0001051050ms
frame_0001052050ms,1052.05,coarse,failed,,,,,,"Expected exactly one face passing confidence thresholds, found 2",C:\Users\mail\work\ikiikimake\outputs\makeup\frames\frame_0001052050ms.png,C:\Users\mail\work\ikiikimake\outputs\makeup\rois\frame_0001052050ms
frame_0001053050ms,1053.05,coarse,needs_review,1.6989315980925996,-7.514253612704132,2.997285112681109,349.4217417829171,0,,C:\Users\mail\work\ikiikimake\outputs\makeup\frames\frame_0001053050ms.png,C:\Users\mail\work\ikiikimake\outputs\makeup\rois\frame_0001053050ms
frame_0001054050ms,1054.05,coarse,needs_review,1.8937141388359424,-9.170517665305507,3.365372089830034,349.73470466106966,0,,C:\Users\mail\work\ikiikimake\outputs\makeup\frames\frame_0001054050ms.png,C:\Users\mail\work\ikiikimake\outputs\makeup\rois\frame_0001054050ms
frame_0001055050ms,1055.05,coarse,needs_review,1.005366934844658,-8.547976783090704,1.0042187901860133,348.2670865492933,0,,C:\Users\mail\work\ikiikimake\outputs\makeup\frames\frame_0001055050ms.png,C:\Users\mail\work\ikiikimake\outputs\makeup\rois\frame_0001055050ms
frame_0001056050ms,1056.05,coarse,needs_review,1.2009642519723522,-7.229195901496614,2.43018003944867,350.2431804477336,0,,C:\Users\mail\work\ikiikimake\outputs\makeup\frames\frame_0001056050ms.png,C:\Users\mail\work\ikiikimake\outputs\makeup\rois\frame_0001056050ms
frame_0001057050ms,1057.05,coarse,needs_review,1.9603184842807513,-7.900024791991454,0.9051031365631632,349.32906835888787,0,,C:\Users\mail\work\ikiikimake\outputs\makeup\frames\frame_0001057050ms.png,C:\Users\mail\work\ikiikimake\outputs\makeup\rois\frame_0001057050ms
frame_0001058050ms,1058.05,coarse,needs_review,1.9101982902137418,-8.788265219450976,0.7569347002751354,349.76605425697556,0,,C:\Users\mail\work\ikiikimake\outputs\makeup\frames\frame_0001058050ms.png,C:\Users\mail\work\ikiikimake\outputs\makeup\rois\frame_0001058050ms
frame_0001059050ms,1059.05,coarse,needs_review,1.527232014736919,-8.636382680399482,0.8170347494474947,352.34770628466714,1,,C:\Users\mail\work\ikiikimake\outputs\makeup\frames\frame_0001059050ms.png,C:\Users\mail\work\ikiikimake\outputs\makeup\rois\frame_0001059050ms
frame_0001060050ms,1060.05,coarse,failed,,,,,,"Expected exactly one face passing confidence thresholds, found 2",C:\Users\mail\work\ikiikimake\outputs\makeup\frames\frame_0001060050ms.png,C:\Users\mail\work\ikiikimake\outputs\makeup\rois\frame_0001060050ms
frame_0001061050ms,1061.05,coarse,failed,,,,,,"Expected exactly one face passing confidence thresholds, found 2",C:\Users\mail\work\ikiikimake\outputs\makeup\frames\frame_0001061050ms.png,C:\Users\mail\work\ikiikimake\outputs\makeup\rois\frame_0001061050ms
frame_0001062050ms,1062.05,coarse,needs_review,1.024559332991467,-5.664023970716813,1.27827906966663,342.7889362297386,2,,C:\Users\mail\work\ikiikimake\outputs\makeup\frames\frame_0001062050ms.png,C:\Users\mail\work\ikiikimake\outputs\makeup\rois\frame_0001062050ms
frame_0001063050ms,1063.05,coarse,needs_review,1.4314767219726188,-7.031076468158428,0.7857900123376071,346.71311521707605,2,,C:\Users\mail\work\ikiikimake\outputs\makeup\frames\frame_0001063050ms.png,C:\Users\mail\work\ikiikimake\outputs\makeup\rois\frame_0001063050ms
frame_0001064050ms,1064.05,coarse,needs_review,1.0567133525505827,-5.950412700399866,1.5464980657408838,342.6400242089734,1,,C:\Users\mail\work\ikiikimake\outputs\makeup\frames\frame_0001064050ms.png,C:\Users\mail\work\ikiikimake\outputs\makeup\rois\frame_0001064050ms
frame_0001064550ms,1064.55,refined,needs_review,1.2211098778314544,-5.415548925589355,1.0116291214887545,352.1184529017776,0,,C:\Users\mail\work\ikiikimake\outputs\makeup\frames\frame_0001064550ms.png,C:\Users\mail\work\ikiikimake\outputs\makeup\rois\frame_0001064550ms
frame_0001065050ms,1065.05,coarse,needs_review,1.424185782649616,-7.745055604900867,1.1888879542286954,349.28695051237196,0,,C:\Users\mail\work\ikiikimake\outputs\makeup\frames\frame_0001065050ms.png,C:\Users\mail\work\ikiikimake\outputs\makeup\rois\frame_0001065050ms
frame_0001065550ms,1065.55,refined,needs_review,1.5927367160377914,-7.901692738880062,1.4146059008344307,349.67367510581056,0,,C:\Users\mail\work\ikiikimake\outputs\makeup\frames\frame_0001065550ms.png,C:\Users\mail\work\ikiikimake\outputs\makeup\rois\frame_0001065550ms
frame_0001066050ms,1066.05,coarse,needs_review,1.8424128487886502,-7.895480812653026,1.1737687014364968,349.48050363291003,0,,C:\Users\mail\work\ikiikimake\outputs\makeup\frames\frame_0001066050ms.png,C:\Users\mail\work\ikiikimake\outputs\makeup\rois\frame_0001066050ms
frame_0001067050ms,1067.05,coarse,needs_review,1.8131916339843526,-7.753870448679672,1.072971328897986,350.2536222534792,0,,C:\Users\mail\work\ikiikimake\outputs\makeup\frames\frame_0001067050ms.png,C:\Users\mail\work\ikiikimake\outputs\makeup\rois\frame_0001067050ms
frame_0001067550ms,1067.55,refined,needs_review,2.0296971404471296,-7.85869907751179,1.146587720597134,350.4292562319851,0,,C:\Users\mail\work\ikiikimake\outputs\makeup\frames\frame_0001067550ms.png,C:\Users\mail\work\ikiikimake\outputs\makeup\rois\frame_0001067550ms
frame_0001068050ms,1068.05,coarse,needs_review,1.8674092002892715,-7.315882191212449,1.3872946598343188,350.8286171622108,0,,C:\Users\mail\work\ikiikimake\outputs\makeup\frames\frame_0001068050ms.png,C:\Users\mail\work\ikiikimake\outputs\makeup\rois\frame_0001068050ms
frame_0001068550ms,1068.55,refined,needs_review,1.8520260701897657,-7.741122910463678,0.637835177690056,353.1463859693898,2,,C:\Users\mail\work\ikiikimake\outputs\makeup\frames\frame_0001068550ms.png,C:\Users\mail\work\ikiikimake\outputs\makeup\rois\frame_0001068550ms
frame_0001069050ms,1069.05,coarse,needs_review,1.318045770422103,-7.246787396524346,0.8745215288397642,349.5916549573186,2,,C:\Users\mail\work\ikiikimake\outputs\makeup\frames\frame_0001069050ms.png,C:\Users\mail\work\ikiikimake\outputs\makeup\rois\frame_0001069050ms
frame_0001070050ms,1070.05,coarse,failed,,,,,,"Expected exactly one face passing confidence thresholds, found 2",C:\Users\mail\work\ikiikimake\outputs\makeup\frames\frame_0001070050ms.png,C:\Users\mail\work\ikiikimake\outputs\makeup\rois\frame_0001070050ms
frame_0001071050ms,1071.05,coarse,failed,,,,,,"Expected exactly one face passing confidence thresholds, found 2",C:\Users\mail\work\ikiikimake\outputs\makeup\frames\frame_0001071050ms.png,C:\Users\mail\work\ikiikimake\outputs\makeup\rois\frame_0001071050ms
frame_0001072050ms,1072.05,coarse,failed,,,,,,"Expected exactly one face passing confidence thresholds, found 2",C:\Users\mail\work\ikiikimake\outputs\makeup\frames\frame_0001072050ms.png,C:\Users\mail\work\ikiikimake\outputs\makeup\rois\frame_0001072050ms
frame_0001073050ms,1073.05,coarse,needs_review,1.2187007672835781,-6.704460747943858,0.9528678378166042,347.1810585155082,2,,C:\Users\mail\work\ikiikimake\outputs\makeup\frames\frame_0001073050ms.png,C:\Users\mail\work\ikiikimake\outputs\makeup\rois\frame_0001073050ms
frame_0001074050ms,1074.05,coarse,failed,,,,,,"Expected exactly one face passing confidence thresholds, found 2",C:\Users\mail\work\ikiikimake\outputs\makeup\frames\frame_0001074050ms.png,C:\Users\mail\work\ikiikimake\outputs\makeup\rois\frame_0001074050ms
frame_0001075050ms,1075.05,coarse,failed,,,,,,"Expected exactly one face passing confidence thresholds, found 2",C:\Users\mail\work\ikiikimake\outputs\makeup\frames\frame_0001075050ms.png,C:\Users\mail\work\ikiikimake\outputs\makeup\rois\frame_0001075050ms
frame_0001076050ms,1076.05,coarse,needs_review,1.2772263321997501,-6.187236887387904,0.9327147869136542,346.39959214677543,2,,C:\Users\mail\work\ikiikimake\outputs\makeup\frames\frame_0001076050ms.png,C:\Users\mail\work\ikiikimake\outputs\makeup\rois\frame_0001076050ms
frame_0001077050ms,1077.05,coarse,needs_review,1.7543991381154667,-6.150254253838037,0.6865524132453155,347.1569742075102,2,,C:\Users\mail\work\ikiikimake\outputs\makeup\frames\frame_0001077050ms.png,C:\Users\mail\work\ikiikimake\outputs\makeup\rois\frame_0001077050ms
frame_0001078050ms,1078.05,coarse,needs_review,1.4580665521469074,-6.409764734133069,0.6906458466786713,348.9334111436801,2,,C:\Users\mail\work\ikiikimake\outputs\makeup\frames\frame_0001078050ms.png,C:\Users\mail\work\ikiikimake\outputs\makeup\rois\frame_0001078050ms
frame_0001079050ms,1079.05,coarse,needs_review,1.1304971385661435,-7.670146099313259,0.7759357771178836,344.6443307794641,1,,C:\Users\mail\work\ikiikimake\outputs\makeup\frames\frame_0001079050ms.png,C:\Users\mail\work\ikiikimake\outputs\makeup\rois\frame_0001079050ms
frame_0001079550ms,1079.55,refined,needs_review,0.7523877723496273,-9.117690552399937,0.5833699215695874,351.7845766571028,2,,C:\Users\mail\work\ikiikimake\outputs\makeup\frames\frame_0001079550ms.png,C:\Users\mail\work\ikiikimake\outputs\makeup\rois\frame_0001079550ms
frame_0001080050ms,1080.05,coarse,needs_review,2.0128209886911685,-9.847748386467547,0.9111138367148587,349.64049760585476,2,,C:\Users\mail\work\ikiikimake\outputs\makeup\frames\frame_0001080050ms.png,C:\Users\mail\work\ikiikimake\outputs\makeup\rois\frame_0001080050ms
frame_0001080550ms,1080.55,refined,needs_review,-0.7937415465170967,-7.173901443365158,1.2071498658385775,352.0120151565312,2,,C:\Users\mail\work\ikiikimake\outputs\makeup\frames\frame_0001080550ms.png,C:\Users\mail\work\ikiikimake\outputs\makeup\rois\frame_0001080550ms
frame_0001081050ms,1081.05,coarse,needs_review,0.3159978522688737,-6.822047238557356,1.35888010840062,352.7860988426552,2,,C:\Users\mail\work\ikiikimake\outputs\makeup\frames\frame_0001081050ms.png,C:\Users\mail\work\ikiikimake\outputs\makeup\rois\frame_0001081050ms
frame_0001082050ms,1082.05,coarse,needs_review,1.5950381263933364,-6.011948458108167,1.4810651757110969,352.49446444374047,2,,C:\Users\mail\work\ikiikimake\outputs\makeup\frames\frame_0001082050ms.png,C:\Users\mail\work\ikiikimake\outputs\makeup\rois\frame_0001082050ms
frame_0001083050ms,1083.05,coarse,needs_review,1.2041078936870164,-6.206661261520253,0.8401165366064237,349.45497200143785,2,,C:\Users\mail\work\ikiikimake\outputs\makeup\frames\frame_0001083050ms.png,C:\Users\mail\work\ikiikimake\outputs\makeup\rois\frame_0001083050ms
frame_0001083550ms,1083.55,refined,needs_review,2.0269417072406317,-7.679223839869775,2.0756169006880194,351.1783181616172,2,,C:\Users\mail\work\ikiikimake\outputs\makeup\frames\frame_0001083550ms.png,C:\Users\mail\work\ikiikimake\outputs\makeup\rois\frame_0001083550ms
frame_0001084050ms,1084.05,coarse,needs_review,2.5829861593547054,-8.237008402812636,2.4014850126043013,349.82425917980856,2,,C:\Users\mail\work\ikiikimake\outputs\makeup\frames\frame_0001084050ms.png,C:\Users\mail\work\ikiikimake\outputs\makeup\rois\frame_0001084050ms
frame_0001084550ms,1084.55,refined,needs_review,1.3679177235020605,-8.076730020510483,2.3336719026533705,351.51311221806196,3,,C:\Users\mail\work\ikiikimake\outputs\makeup\frames\frame_0001084550ms.png,C:\Users\mail\work\ikiikimake\outputs\makeup\rois\frame_0001084550ms
frame_0001085050ms,1085.05,coarse,needs_review,1.7885596783004618,-7.445119438010523,2.2361293859916542,349.3519155347333,2,,C:\Users\mail\work\ikiikimake\outputs\makeup\frames\frame_0001085050ms.png,C:\Users\mail\work\ikiikimake\outputs\makeup\rois\frame_0001085050ms
frame_0001086050ms,1086.05,coarse,needs_review,1.0545901803297144,-6.34747406959329,2.314833430348628,348.313655663174,2,,C:\Users\mail\work\ikiikimake\outputs\makeup\frames\frame_0001086050ms.png,C:\Users\mail\work\ikiikimake\outputs\makeup\rois\frame_0001086050ms
frame_0001087050ms,1087.05,coarse,needs_review,0.5671299451288528,-6.714928192300825,2.1950651935051133,346.9536982672373,2,,C:\Users\mail\work\ikiikimake\outputs\makeup\frames\frame_0001087050ms.png,C:\Users\mail\work\ikiikimake\outputs\makeup\rois\frame_0001087050ms
frame_0001088050ms,1088.05,coarse,needs_review,1.3148532710385956,-6.142433322731698,1.870555862446444,349.6671141610918,2,,C:\Users\mail\work\ikiikimake\outputs\makeup\frames\frame_0001088050ms.png,C:\Users\mail\work\ikiikimake\outputs\makeup\rois\frame_0001088050ms
frame_0001089050ms,1089.05,coarse,needs_review,-0.6687997884119465,-5.766851191995349,1.5069604368747593,348.98003014745234,2,,C:\Users\mail\work\ikiikimake\outputs\makeup\frames\frame_0001089050ms.png,C:\Users\mail\work\ikiikimake\outputs\makeup\rois\frame_0001089050ms
frame_0001090050ms,1090.05,coarse,needs_review,0.19723099923536064,-6.982759342601968,1.376337784069577,351.50539841328845,2,,C:\Users\mail\work\ikiikimake\outputs\makeup\frames\frame_0001090050ms.png,C:\Users\mail\work\ikiikimake\outputs\makeup\rois\frame_0001090050ms
frame_0001091050ms,1091.05,coarse,needs_review,-1.3525273421891706,-6.323559091651875,1.7290565225796017,347.2137416848711,2,,C:\Users\mail\work\ikiikimake\outputs\makeup\frames\frame_0001091050ms.png,C:\Users\mail\work\ikiikimake\outputs\makeup\rois\frame_0001091050ms
frame_0001092050ms,1092.05,coarse,needs_review,0.6809398672274167,-5.632841573584202,1.1524009190952202,348.9211890499789,2,,C:\Users\mail\work\ikiikimake\outputs\makeup\frames\frame_0001092050ms.png,C:\Users\mail\work\ikiikimake\outputs\makeup\rois\frame_0001092050ms
frame_0001093050ms,1093.05,coarse,needs_review,0.6428613256148279,-7.086844144552292,1.933463043073888,351.2710136159305,2,,C:\Users\mail\work\ikiikimake\outputs\makeup\frames\frame_0001093050ms.png,C:\Users\mail\work\ikiikimake\outputs\makeup\rois\frame_0001093050ms
frame_0001094050ms,1094.05,coarse,needs_review,0.0848247952534367,-7.666562535944664,2.799803389063078,350.1043439880601,2,,C:\Users\mail\work\ikiikimake\outputs\makeup\frames\frame_0001094050ms.png,C:\Users\mail\work\ikiikimake\outputs\makeup\rois\frame_0001094050ms
frame_0001095050ms,1095.05,coarse,needs_review,0.6498284504862731,-10.580856933374289,3.1359001727373235,351.28500151739394,2,,C:\Users\mail\work\ikiikimake\outputs\makeup\frames\frame_0001095050ms.png,C:\Users\mail\work\ikiikimake\outputs\makeup\rois\frame_0001095050ms
frame_0001096050ms,1096.05,coarse,needs_review,1.7979756150852935,-5.577896798368995,3.7823839877992342,352.07849937027083,2,,C:\Users\mail\work\ikiikimake\outputs\makeup\frames\frame_0001096050ms.png,C:\Users\mail\work\ikiikimake\outputs\makeup\rois\frame_0001096050ms
frame_0001097050ms,1097.05,coarse,needs_review,-0.3731729784176756,-7.705132596988332,2.3214255748463533,350.57188987672953,2,,C:\Users\mail\work\ikiikimake\outputs\makeup\frames\frame_0001097050ms.png,C:\Users\mail\work\ikiikimake\outputs\makeup\rois\frame_0001097050ms
frame_0001098050ms,1098.05,coarse,needs_review,1.047348193401632,-7.926054712234903,2.9046835859007616,348.4476774093491,2,,C:\Users\mail\work\ikiikimake\outputs\makeup\frames\frame_0001098050ms.png,C:\Users\mail\work\ikiikimake\outputs\makeup\rois\frame_0001098050ms
frame_0001099050ms,1099.05,coarse,needs_review,1.5511663170010208,-10.560090834610179,2.5762188502130017,350.1801020250881,2,,C:\Users\mail\work\ikiikimake\outputs\makeup\frames\frame_0001099050ms.png,C:\Users\mail\work\ikiikimake\outputs\makeup\rois\frame_0001099050ms
frame_0001100050ms,1100.05,coarse,needs_review,0.9629974213530458,-7.961243713562579,2.7788569548284285,350.50334668917213,0,,C:\Users\mail\work\ikiikimake\outputs\makeup\frames\frame_0001100050ms.png,C:\Users\mail\work\ikiikimake\outputs\makeup\rois\frame_0001100050ms
frame_0001101050ms,1101.05,coarse,needs_review,1.1031815482137255,-5.8880973896078865,2.8350380570820297,349.7561447688617,1,,C:\Users\mail\work\ikiikimake\outputs\makeup\frames\frame_0001101050ms.png,C:\Users\mail\work\ikiikimake\outputs\makeup\rois\frame_0001101050ms
frame_0001102050ms,1102.05,coarse,needs_review,1.1608188842930653,-7.033901665113317,2.7097998139927877,350.35718167476426,0,,C:\Users\mail\work\ikiikimake\outputs\makeup\frames\frame_0001102050ms.png,C:\Users\mail\work\ikiikimake\outputs\makeup\rois\frame_0001102050ms
frame_0001103050ms,1103.05,coarse,needs_review,1.420192844108633,-6.279704811407548,2.4639345917866846,352.15339369041885,0,,C:\Users\mail\work\ikiikimake\outputs\makeup\frames\frame_0001103050ms.png,C:\Users\mail\work\ikiikimake\outputs\makeup\rois\frame_0001103050ms
frame_0001104050ms,1104.05,coarse,needs_review,1.594552440271171,-7.0856996389772515,2.557561733496063,349.23950592841317,0,,C:\Users\mail\work\ikiikimake\outputs\makeup\frames\frame_0001104050ms.png,C:\Users\mail\work\ikiikimake\outputs\makeup\rois\frame_0001104050ms
frame_0001105050ms,1105.05,coarse,needs_review,1.7571558552836317,-6.786532188613633,2.6086210428007695,348.1945274720576,0,,C:\Users\mail\work\ikiikimake\outputs\makeup\frames\frame_0001105050ms.png,C:\Users\mail\work\ikiikimake\outputs\makeup\rois\frame_0001105050ms
frame_0001106050ms,1106.05,coarse,needs_review,1.2510994123233348,-6.453033424825386,2.6860738749195656,348.0420649274507,1,,C:\Users\mail\work\ikiikimake\outputs\makeup\frames\frame_0001106050ms.png,C:\Users\mail\work\ikiikimake\outputs\makeup\rois\frame_0001106050ms
frame_0001107050ms,1107.05,coarse,needs_review,-0.8636565667691283,-7.836055153222341,1.8870905596975558,352.5898962964364,1,,C:\Users\mail\work\ikiikimake\outputs\makeup\frames\frame_0001107050ms.png,C:\Users\mail\work\ikiikimake\outputs\makeup\rois\frame_0001107050ms
frame_0001108050ms,1108.05,coarse,needs_review,-1.781051845693581,-7.764138054600638,2.6930564790671014,351.57146099175577,1,,C:\Users\mail\work\ikiikimake\outputs\makeup\frames\frame_0001108050ms.png,C:\Users\mail\work\ikiikimake\outputs\makeup\rois\frame_0001108050ms
frame_0001109050ms,1109.05,coarse,needs_review,-0.3060144275141356,-8.318350173432988,3.652024954426737,363.4881293651362,1,,C:\Users\mail\work\ikiikimake\outputs\makeup\frames\frame_0001109050ms.png,C:\Users\mail\work\ikiikimake\outputs\makeup\rois\frame_0001109050ms
frame_0001110050ms,1110.05,coarse,needs_review,-2.571553626072834,-10.61013675757311,3.571920442799254,362.4894404414861,1,,C:\Users\mail\work\ikiikimake\outputs\makeup\frames\frame_0001110050ms.png,C:\Users\mail\work\ikiikimake\outputs\makeup\rois\frame_0001110050ms
frame_0001111050ms,1111.05,coarse,needs_review,-0.3067583165009622,-6.455431221255254,4.560904775269483,349.42645429978734,1,,C:\Users\mail\work\ikiikimake\outputs\makeup\frames\frame_0001111050ms.png,C:\Users\mail\work\ikiikimake\outputs\makeup\rois\frame_0001111050ms
frame_0001112050ms,1112.05,coarse,needs_review,-3.116578404132186,-8.578635606937551,4.8605296156871365,357.5576444884835,1,,C:\Users\mail\work\ikiikimake\outputs\makeup\frames\frame_0001112050ms.png,C:\Users\mail\work\ikiikimake\outputs\makeup\rois\frame_0001112050ms
frame_0001113050ms,1113.05,coarse,needs_review,-0.478466579655476,-10.26746522887289,4.286204961333071,355.8547291197542,1,,C:\Users\mail\work\ikiikimake\outputs\makeup\frames\frame_0001113050ms.png,C:\Users\mail\work\ikiikimake\outputs\makeup\rois\frame_0001113050ms
frame_0001114050ms,1114.05,coarse,needs_review,-1.8773958653249954,-8.992114600531215,4.506880485590565,352.45944374542404,1,,C:\Users\mail\work\ikiikimake\outputs\makeup\frames\frame_0001114050ms.png,C:\Users\mail\work\ikiikimake\outputs\makeup\rois\frame_0001114050ms
frame_0001115050ms,1115.05,coarse,needs_review,-0.416716405774842,-11.875080231021924,3.491561287851111,356.66779362549534,1,,C:\Users\mail\work\ikiikimake\outputs\makeup\frames\frame_0001115050ms.png,C:\Users\mail\work\ikiikimake\outputs\makeup\rois\frame_0001115050ms
frame_0001116050ms,1116.05,coarse,needs_review,0.6016356077222221,-10.03925782557729,3.1387596158016615,347.3459836945293,1,,C:\Users\mail\work\ikiikimake\outputs\makeup\frames\frame_0001116050ms.png,C:\Users\mail\work\ikiikimake\outputs\makeup\rois\frame_0001116050ms
frame_0001117050ms,1117.05,coarse,needs_review,2.159382115607792,-12.8906356417421,0.9364870671367636,347.9600217758978,1,,C:\Users\mail\work\ikiikimake\outputs\makeup\frames\frame_0001117050ms.png,C:\Users\mail\work\ikiikimake\outputs\makeup\rois\frame_0001117050ms
frame_0001118050ms,1118.05,coarse,needs_review,-0.4020870512801496,-11.96007598532325,2.483498368895207,350.8166776036985,2,,C:\Users\mail\work\ikiikimake\outputs\makeup\frames\frame_0001118050ms.png,C:\Users\mail\work\ikiikimake\outputs\makeup\rois\frame_0001118050ms
frame_0001119050ms,1119.05,coarse,needs_review,1.062753029431138,-9.799173618397218,2.543681281720391,350.8221744225997,1,,C:\Users\mail\work\ikiikimake\outputs\makeup\frames\frame_0001119050ms.png,C:\Users\mail\work\ikiikimake\outputs\makeup\rois\frame_0001119050ms
frame_0001120050ms,1120.05,coarse,needs_review,-0.07399993281149092,-8.515537036817053,3.0582221204918456,349.48133334541217,1,,C:\Users\mail\work\ikiikimake\outputs\makeup\frames\frame_0001120050ms.png,C:\Users\mail\work\ikiikimake\outputs\makeup\rois\frame_0001120050ms
frame_0001121050ms,1121.05,coarse,needs_review,-0.5703647858839644,-11.911646761499583,2.254687549378631,360.2256900505085,1,,C:\Users\mail\work\ikiikimake\outputs\makeup\frames\frame_0001121050ms.png,C:\Users\mail\work\ikiikimake\outputs\makeup\rois\frame_0001121050ms
frame_0001122050ms,1122.05,coarse,needs_review,-1.132689984284291,-8.5521605639833,1.9814834766422442,352.5710708046581,2,,C:\Users\mail\work\ikiikimake\outputs\makeup\frames\frame_0001122050ms.png,C:\Users\mail\work\ikiikimake\outputs\makeup\rois\frame_0001122050ms
frame_0001123050ms,1123.05,coarse,needs_review,-0.0802000312789628,-9.079925788013044,1.9963819414616912,350.82326886981156,2,,C:\Users\mail\work\ikiikimake\outputs\makeup\frames\frame_0001123050ms.png,C:\Users\mail\work\ikiikimake\outputs\makeup\rois\frame_0001123050ms
frame_0001124050ms,1124.05,coarse,needs_review,-3.2989966457958553,-8.512612845284744,2.899634963662923,347.19195440959135,1,,C:\Users\mail\work\ikiikimake\outputs\makeup\frames\frame_0001124050ms.png,C:\Users\mail\work\ikiikimake\outputs\makeup\rois\frame_0001124050ms
frame_0001125050ms,1125.05,coarse,needs_review,-1.8909568937815229,-7.629715430513969,3.7012736598237788,348.4383661662443,1,,C:\Users\mail\work\ikiikimake\outputs\makeup\frames\frame_0001125050ms.png,C:\Users\mail\work\ikiikimake\outputs\makeup\rois\frame_0001125050ms
frame_0001126050ms,1126.05,coarse,needs_review,-1.1501844210075538,-7.920366815438872,2.486913023049371,346.8782665932866,1,,C:\Users\mail\work\ikiikimake\outputs\makeup\frames\frame_0001126050ms.png,C:\Users\mail\work\ikiikimake\outputs\makeup\rois\frame_0001126050ms
frame_0001127050ms,1127.05,coarse,failed,,,,,,"Expected exactly one face passing confidence thresholds, found 2",C:\Users\mail\work\ikiikimake\outputs\makeup\frames\frame_0001127050ms.png,C:\Users\mail\work\ikiikimake\outputs\makeup\rois\frame_0001127050ms
frame_0001128050ms,1128.05,coarse,failed,,,,,,"Expected exactly one face passing confidence thresholds, found 2",C:\Users\mail\work\ikiikimake\outputs\makeup\frames\frame_0001128050ms.png,C:\Users\mail\work\ikiikimake\outputs\makeup\rois\frame_0001128050ms
frame_0001129050ms,1129.05,coarse,failed,,,,,,"Expected exactly one face passing confidence thresholds, found 2",C:\Users\mail\work\ikiikimake\outputs\makeup\frames\frame_0001129050ms.png,C:\Users\mail\work\ikiikimake\outputs\makeup\rois\frame_0001129050ms
frame_0001130050ms,1130.05,coarse,failed,,,,,,"Expected exactly one face passing confidence thresholds, found 2",C:\Users\mail\work\ikiikimake\outputs\makeup\frames\frame_0001130050ms.png,C:\Users\mail\work\ikiikimake\outputs\makeup\rois\frame_0001130050ms
frame_0001131050ms,1131.05,coarse,failed,,,,,,"Expected exactly one face passing confidence thresholds, found 2",C:\Users\mail\work\ikiikimake\outputs\makeup\frames\frame_0001131050ms.png,C:\Users\mail\work\ikiikimake\outputs\makeup\rois\frame_0001131050ms
frame_0001132050ms,1132.05,coarse,failed,,,,,,"Expected exactly one face passing confidence thresholds, found 2",C:\Users\mail\work\ikiikimake\outputs\makeup\frames\frame_0001132050ms.png,C:\Users\mail\work\ikiikimake\outputs\makeup\rois\frame_0001132050ms
frame_0001133050ms,1133.05,coarse,failed,,,,,,"Expected exactly one face passing confidence thresholds, found 2",C:\Users\mail\work\ikiikimake\outputs\makeup\frames\frame_0001133050ms.png,C:\Users\mail\work\ikiikimake\outputs\makeup\rois\frame_0001133050ms
frame_0001134050ms,1134.05,coarse,failed,,,,,,"Expected exactly one face passing confidence thresholds, found 2",C:\Users\mail\work\ikiikimake\outputs\makeup\frames\frame_0001134050ms.png,C:\Users\mail\work\ikiikimake\outputs\makeup\rois\frame_0001134050ms
frame_0001135050ms,1135.05,coarse,failed,,,,,,"Expected exactly one face passing confidence thresholds, found 2",C:\Users\mail\work\ikiikimake\outputs\makeup\frames\frame_0001135050ms.png,C:\Users\mail\work\ikiikimake\outputs\makeup\rois\frame_0001135050ms
frame_0001136050ms,1136.05,coarse,failed,,,,,,"Expected exactly one face passing confidence thresholds, found 2",C:\Users\mail\work\ikiikimake\outputs\makeup\frames\frame_0001136050ms.png,C:\Users\mail\work\ikiikimake\outputs\makeup\rois\frame_0001136050ms
frame_0001137050ms,1137.05,coarse,failed,,,,,,"Expected exactly one face passing confidence thresholds, found 2",C:\Users\mail\work\ikiikimake\outputs\makeup\frames\frame_0001137050ms.png,C:\Users\mail\work\ikiikimake\outputs\makeup\rois\frame_0001137050ms
frame_0001138050ms,1138.05,coarse,failed,,,,,,"Expected exactly one face passing confidence thresholds, found 2",C:\Users\mail\work\ikiikimake\outputs\makeup\frames\frame_0001138050ms.png,C:\Users\mail\work\ikiikimake\outputs\makeup\rois\frame_0001138050ms
frame_0001139050ms,1139.05,coarse,failed,,,,,,"Expected exactly one face passing confidence thresholds, found 0",C:\Users\mail\work\ikiikimake\outputs\makeup\frames\frame_0001139050ms.png,C:\Users\mail\work\ikiikimake\outputs\makeup\rois\frame_0001139050ms
frame_0001140050ms,1140.05,coarse,failed,,,,,,"Expected exactly one face passing confidence thresholds, found 0",C:\Users\mail\work\ikiikimake\outputs\makeup\frames\frame_0001140050ms.png,C:\Users\mail\work\ikiikimake\outputs\makeup\rois\frame_0001140050ms
frame_0001141050ms,1141.05,coarse,failed,,,,,,"Expected exactly one face passing confidence thresholds, found 0",C:\Users\mail\work\ikiikimake\outputs\makeup\frames\frame_0001141050ms.png,C:\Users\mail\work\ikiikimake\outputs\makeup\rois\frame_0001141050ms
frame_0001142050ms,1142.05,coarse,failed,,,,,,"Expected exactly one face passing confidence thresholds, found 0",C:\Users\mail\work\ikiikimake\outputs\makeup\frames\frame_0001142050ms.png,C:\Users\mail\work\ikiikimake\outputs\makeup\rois\frame_0001142050ms
frame_0001143050ms,1143.05,coarse,failed,,,,,,"Expected exactly one face passing confidence thresholds, found 0",C:\Users\mail\work\ikiikimake\outputs\makeup\frames\frame_0001143050ms.png,C:\Users\mail\work\ikiikimake\outputs\makeup\rois\frame_0001143050ms
frame_0001144050ms,1144.05,coarse,failed,,,,,,"Expected exactly one face passing confidence thresholds, found 0",C:\Users\mail\work\ikiikimake\outputs\makeup\frames\frame_0001144050ms.png,C:\Users\mail\work\ikiikimake\outputs\makeup\rois\frame_0001144050ms
frame_0001145050ms,1145.05,coarse,failed,,,,,,"Expected exactly one face passing confidence thresholds, found 0",C:\Users\mail\work\ikiikimake\outputs\makeup\frames\frame_0001145050ms.png,C:\Users\mail\work\ikiikimake\outputs\makeup\rois\frame_0001145050ms
frame_0001146050ms,1146.05,coarse,failed,,,,,,"Expected exactly one face passing confidence thresholds, found 0",C:\Users\mail\work\ikiikimake\outputs\makeup\frames\frame_0001146050ms.png,C:\Users\mail\work\ikiikimake\outputs\makeup\rois\frame_0001146050ms
frame_0001147050ms,1147.05,coarse,failed,,,,,,"Expected exactly one face passing confidence thresholds, found 0",C:\Users\mail\work\ikiikimake\outputs\makeup\frames\frame_0001147050ms.png,C:\Users\mail\work\ikiikimake\outputs\makeup\rois\frame_0001147050ms
frame_0001148050ms,1148.05,coarse,failed,,,,,,"Expected exactly one face passing confidence thresholds, found 0",C:\Users\mail\work\ikiikimake\outputs\makeup\frames\frame_0001148050ms.png,C:\Users\mail\work\ikiikimake\outputs\makeup\rois\frame_0001148050ms
frame_0001149050ms,1149.05,coarse,failed,,,,,,"Expected exactly one face passing confidence thresholds, found 0",C:\Users\mail\work\ikiikimake\outputs\makeup\frames\frame_0001149050ms.png,C:\Users\mail\work\ikiikimake\outputs\makeup\rois\frame_0001149050ms
frame_0001150050ms,1150.05,coarse,failed,,,,,,"Expected exactly one face passing confidence thresholds, found 0",C:\Users\mail\work\ikiikimake\outputs\makeup\frames\frame_0001150050ms.png,C:\Users\mail\work\ikiikimake\outputs\makeup\rois\frame_0001150050ms
frame_0001151050ms,1151.05,coarse,failed,,,,,,"Expected exactly one face passing confidence thresholds, found 0",C:\Users\mail\work\ikiikimake\outputs\makeup\frames\frame_0001151050ms.png,C:\Users\mail\work\ikiikimake\outputs\makeup\rois\frame_0001151050ms
frame_0001152050ms,1152.05,coarse,failed,,,,,,"Expected exactly one face passing confidence thresholds, found 0",C:\Users\mail\work\ikiikimake\outputs\makeup\frames\frame_0001152050ms.png,C:\Users\mail\work\ikiikimake\outputs\makeup\rois\frame_0001152050ms
frame_0001153050ms,1153.05,coarse,failed,,,,,,"Expected exactly one face passing confidence thresholds, found 0",C:\Users\mail\work\ikiikimake\outputs\makeup\frames\frame_0001153050ms.png,C:\Users\mail\work\ikiikimake\outputs\makeup\rois\frame_0001153050ms
frame_0001154050ms,1154.05,coarse,failed,,,,,,"Expected exactly one face passing confidence thresholds, found 0",C:\Users\mail\work\ikiikimake\outputs\makeup\frames\frame_0001154050ms.png,C:\Users\mail\work\ikiikimake\outputs\makeup\rois\frame_0001154050ms
frame_0001155050ms,1155.05,coarse,failed,,,,,,"Expected exactly one face passing confidence thresholds, found 0",C:\Users\mail\work\ikiikimake\outputs\makeup\frames\frame_0001155050ms.png,C:\Users\mail\work\ikiikimake\outputs\makeup\rois\frame_0001155050ms
frame_0001156050ms,1156.05,coarse,failed,,,,,,"Expected exactly one face passing confidence thresholds, found 0",C:\Users\mail\work\ikiikimake\outputs\makeup\frames\frame_0001156050ms.png,C:\Users\mail\work\ikiikimake\outputs\makeup\rois\frame_0001156050ms
frame_0001157050ms,1157.05,coarse,failed,,,,,,"Expected exactly one face passing confidence thresholds, found 0",C:\Users\mail\work\ikiikimake\outputs\makeup\frames\frame_0001157050ms.png,C:\Users\mail\work\ikiikimake\outputs\makeup\rois\frame_0001157050ms
frame_0001158050ms,1158.05,coarse,failed,,,,,,"Expected exactly one face passing confidence thresholds, found 0",C:\Users\mail\work\ikiikimake\outputs\makeup\frames\frame_0001158050ms.png,C:\Users\mail\work\ikiikimake\outputs\makeup\rois\frame_0001158050ms
frame_0001159050ms,1159.05,coarse,failed,,,,,,"Expected exactly one face passing confidence thresholds, found 0",C:\Users\mail\work\ikiikimake\outputs\makeup\frames\frame_0001159050ms.png,C:\Users\mail\work\ikiikimake\outputs\makeup\rois\frame_0001159050ms
frame_0001160050ms,1160.05,coarse,failed,,,,,,"Expected exactly one face passing confidence thresholds, found 0",C:\Users\mail\work\ikiikimake\outputs\makeup\frames\frame_0001160050ms.png,C:\Users\mail\work\ikiikimake\outputs\makeup\rois\frame_0001160050ms
frame_0001161050ms,1161.05,coarse,failed,,,,,,"Expected exactly one face passing confidence thresholds, found 0",C:\Users\mail\work\ikiikimake\outputs\makeup\frames\frame_0001161050ms.png,C:\Users\mail\work\ikiikimake\outputs\makeup\rois\frame_0001161050ms
frame_0001162050ms,1162.05,coarse,failed,,,,,,"Expected exactly one face passing confidence thresholds, found 0",C:\Users\mail\work\ikiikimake\outputs\makeup\frames\frame_0001162050ms.png,C:\Users\mail\work\ikiikimake\outputs\makeup\rois\frame_0001162050ms
frame_0001163050ms,1163.05,coarse,failed,,,,,,"Expected exactly one face passing confidence thresholds, found 0",C:\Users\mail\work\ikiikimake\outputs\makeup\frames\frame_0001163050ms.png,C:\Users\mail\work\ikiikimake\outputs\makeup\rois\frame_0001163050ms
frame_0001164050ms,1164.05,coarse,failed,,,,,,"Expected exactly one face passing confidence thresholds, found 0",C:\Users\mail\work\ikiikimake\outputs\makeup\frames\frame_0001164050ms.png,C:\Users\mail\work\ikiikimake\outputs\makeup\rois\frame_0001164050ms
frame_0001165050ms,1165.05,coarse,failed,,,,,,"Expected exactly one face passing confidence thresholds, found 0",C:\Users\mail\work\ikiikimake\outputs\makeup\frames\frame_0001165050ms.png,C:\Users\mail\work\ikiikimake\outputs\makeup\rois\frame_0001165050ms
frame_0001166050ms,1166.05,coarse,failed,,,,,,"Expected exactly one face passing confidence thresholds, found 0",C:\Users\mail\work\ikiikimake\outputs\makeup\frames\frame_0001166050ms.png,C:\Users\mail\work\ikiikimake\outputs\makeup\rois\frame_0001166050ms
frame_0001167050ms,1167.05,coarse,failed,,,,,,"Expected exactly one face passing confidence thresholds, found 0",C:\Users\mail\work\ikiikimake\outputs\makeup\frames\frame_0001167050ms.png,C:\Users\mail\work\ikiikimake\outputs\makeup\rois\frame_0001167050ms
frame_0001168050ms,1168.05,coarse,failed,,,,,,"Expected exactly one face passing confidence thresholds, found 0",C:\Users\mail\work\ikiikimake\outputs\makeup\frames\frame_0001168050ms.png,C:\Users\mail\work\ikiikimake\outputs\makeup\rois\frame_0001168050ms
frame_0001169050ms,1169.05,coarse,failed,,,,,,"Expected exactly one face passing confidence thresholds, found 0",C:\Users\mail\work\ikiikimake\outputs\makeup\frames\frame_0001169050ms.png,C:\Users\mail\work\ikiikimake\outputs\makeup\rois\frame_0001169050ms
frame_0001170050ms,1170.05,coarse,failed,,,,,,"Expected exactly one face passing confidence thresholds, found 0",C:\Users\mail\work\ikiikimake\outputs\makeup\frames\frame_0001170050ms.png,C:\Users\mail\work\ikiikimake\outputs\makeup\rois\frame_0001170050ms
frame_0001171050ms,1171.05,coarse,failed,,,,,,"Expected exactly one face passing confidence thresholds, found 0",C:\Users\mail\work\ikiikimake\outputs\makeup\frames\frame_0001171050ms.png,C:\Users\mail\work\ikiikimake\outputs\makeup\rois\frame_0001171050ms
frame_0001172050ms,1172.05,coarse,failed,,,,,,"Expected exactly one face passing confidence thresholds, found 0",C:\Users\mail\work\ikiikimake\outputs\makeup\frames\frame_0001172050ms.png,C:\Users\mail\work\ikiikimake\outputs\makeup\rois\frame_0001172050ms
frame_0001173050ms,1173.05,coarse,failed,,,,,,"Expected exactly one face passing confidence thresholds, found 0",C:\Users\mail\work\ikiikimake\outputs\makeup\frames\frame_0001173050ms.png,C:\Users\mail\work\ikiikimake\outputs\makeup\rois\frame_0001173050ms
frame_0001174050ms,1174.05,coarse,failed,,,,,,"Expected exactly one face passing confidence thresholds, found 0",C:\Users\mail\work\ikiikimake\outputs\makeup\frames\frame_0001174050ms.png,C:\Users\mail\work\ikiikimake\outputs\makeup\rois\frame_0001174050ms
frame_0001175050ms,1175.05,coarse,failed,,,,,,"Expected exactly one face passing confidence thresholds, found 0",C:\Users\mail\work\ikiikimake\outputs\makeup\frames\frame_0001175050ms.png,C:\Users\mail\work\ikiikimake\outputs\makeup\rois\frame_0001175050ms
frame_0001176050ms,1176.05,coarse,failed,,,,,,"Expected exactly one face passing confidence thresholds, found 0",C:\Users\mail\work\ikiikimake\outputs\makeup\frames\frame_0001176050ms.png,C:\Users\mail\work\ikiikimake\outputs\makeup\rois\frame_0001176050ms
frame_0001177050ms,1177.05,coarse,failed,,,,,,"Expected exactly one face passing confidence thresholds, found 0",C:\Users\mail\work\ikiikimake\outputs\makeup\frames\frame_0001177050ms.png,C:\Users\mail\work\ikiikimake\outputs\makeup\rois\frame_0001177050ms
frame_0001178050ms,1178.05,coarse,failed,,,,,,"Expected exactly one face passing confidence thresholds, found 0",C:\Users\mail\work\ikiikimake\outputs\makeup\frames\frame_0001178050ms.png,C:\Users\mail\work\ikiikimake\outputs\makeup\rois\frame_0001178050ms
frame_0001179050ms,1179.05,coarse,failed,,,,,,"Expected exactly one face passing confidence thresholds, found 0",C:\Users\mail\work\ikiikimake\outputs\makeup\frames\frame_0001179050ms.png,C:\Users\mail\work\ikiikimake\outputs\makeup\rois\frame_0001179050ms
frame_0001180050ms,1180.05,coarse,failed,,,,,,"Expected exactly one face passing confidence thresholds, found 0",C:\Users\mail\work\ikiikimake\outputs\makeup\frames\frame_0001180050ms.png,C:\Users\mail\work\ikiikimake\outputs\makeup\rois\frame_0001180050ms
frame_0001181050ms,1181.05,coarse,failed,,,,,,"Expected exactly one face passing confidence thresholds, found 0",C:\Users\mail\work\ikiikimake\outputs\makeup\frames\frame_0001181050ms.png,C:\Users\mail\work\ikiikimake\outputs\makeup\rois\frame_0001181050ms
frame_0001182050ms,1182.05,coarse,failed,,,,,,"Expected exactly one face passing confidence thresholds, found 0",C:\Users\mail\work\ikiikimake\outputs\makeup\frames\frame_0001182050ms.png,C:\Users\mail\work\ikiikimake\outputs\makeup\rois\frame_0001182050ms
frame_0001183050ms,1183.05,coarse,failed,,,,,,"Expected exactly one face passing confidence thresholds, found 0",C:\Users\mail\work\ikiikimake\outputs\makeup\frames\frame_0001183050ms.png,C:\Users\mail\work\ikiikimake\outputs\makeup\rois\frame_0001183050ms
frame_0001184050ms,1184.05,coarse,failed,,,,,,"Expected exactly one face passing confidence thresholds, found 0",C:\Users\mail\work\ikiikimake\outputs\makeup\frames\frame_0001184050ms.png,C:\Users\mail\work\ikiikimake\outputs\makeup\rois\frame_0001184050ms
frame_0001185050ms,1185.05,coarse,failed,,,,,,"Expected exactly one face passing confidence thresholds, found 0",C:\Users\mail\work\ikiikimake\outputs\makeup\frames\frame_0001185050ms.png,C:\Users\mail\work\ikiikimake\outputs\makeup\rois\frame_0001185050ms
frame_0001186050ms,1186.05,coarse,failed,,,,,,"Expected exactly one face passing confidence thresholds, found 0",C:\Users\mail\work\ikiikimake\outputs\makeup\frames\frame_0001186050ms.png,C:\Users\mail\work\ikiikimake\outputs\makeup\rois\frame_0001186050ms
frame_0001187050ms,1187.05,coarse,failed,,,,,,"Expected exactly one face passing confidence thresholds, found 0",C:\Users\mail\work\ikiikimake\outputs\makeup\frames\frame_0001187050ms.png,C:\Users\mail\work\ikiikimake\outputs\makeup\rois\frame_0001187050ms
frame_0001188050ms,1188.05,coarse,failed,,,,,,"Expected exactly one face passing confidence thresholds, found 0",C:\Users\mail\work\ikiikimake\outputs\makeup\frames\frame_0001188050ms.png,C:\Users\mail\work\ikiikimake\outputs\makeup\rois\frame_0001188050ms
frame_0001189050ms,1189.05,coarse,failed,,,,,,"Expected exactly one face passing confidence thresholds, found 0",C:\Users\mail\work\ikiikimake\outputs\makeup\frames\frame_0001189050ms.png,C:\Users\mail\work\ikiikimake\outputs\makeup\rois\frame_0001189050ms
frame_0001190050ms,1190.05,coarse,failed,,,,,,"Expected exactly one face passing confidence thresholds, found 0",C:\Users\mail\work\ikiikimake\outputs\makeup\frames\frame_0001190050ms.png,C:\Users\mail\work\ikiikimake\outputs\makeup\rois\frame_0001190050ms
frame_0001191050ms,1191.05,coarse,failed,,,,,,"Expected exactly one face passing confidence thresholds, found 0",C:\Users\mail\work\ikiikimake\outputs\makeup\frames\frame_0001191050ms.png,C:\Users\mail\work\ikiikimake\outputs\makeup\rois\frame_0001191050ms
frame_0001192050ms,1192.05,coarse,failed,,,,,,"Expected exactly one face passing confidence thresholds, found 0",C:\Users\mail\work\ikiikimake\outputs\makeup\frames\frame_0001192050ms.png,C:\Users\mail\work\ikiikimake\outputs\makeup\rois\frame_0001192050ms
frame_0001193050ms,1193.05,coarse,failed,,,,,,"Expected exactly one face passing confidence thresholds, found 0",C:\Users\mail\work\ikiikimake\outputs\makeup\frames\frame_0001193050ms.png,C:\Users\mail\work\ikiikimake\outputs\makeup\rois\frame_0001193050ms
frame_0001194050ms,1194.05,coarse,failed,,,,,,"Expected exactly one face passing confidence thresholds, found 0",C:\Users\mail\work\ikiikimake\outputs\makeup\frames\frame_0001194050ms.png,C:\Users\mail\work\ikiikimake\outputs\makeup\rois\frame_0001194050ms
frame_0001195050ms,1195.05,coarse,failed,,,,,,"Expected exactly one face passing confidence thresholds, found 0",C:\Users\mail\work\ikiikimake\outputs\makeup\frames\frame_0001195050ms.png,C:\Users\mail\work\ikiikimake\outputs\makeup\rois\frame_0001195050ms
frame_0001196050ms,1196.05,coarse,failed,,,,,,"Expected exactly one face passing confidence thresholds, found 0",C:\Users\mail\work\ikiikimake\outputs\makeup\frames\frame_0001196050ms.png,C:\Users\mail\work\ikiikimake\outputs\makeup\rois\frame_0001196050ms
frame_0001197050ms,1197.05,coarse,failed,,,,,,"Expected exactly one face passing confidence thresholds, found 0",C:\Users\mail\work\ikiikimake\outputs\makeup\frames\frame_0001197050ms.png,C:\Users\mail\work\ikiikimake\outputs\makeup\rois\frame_0001197050ms
frame_0001198050ms,1198.05,coarse,failed,,,,,,"Expected exactly one face passing confidence thresholds, found 0",C:\Users\mail\work\ikiikimake\outputs\makeup\frames\frame_0001198050ms.png,C:\Users\mail\work\ikiikimake\outputs\makeup\rois\frame_0001198050ms
frame_0001199050ms,1199.05,coarse,failed,,,,,,"Expected exactly one face passing confidence thresholds, found 0",C:\Users\mail\work\ikiikimake\outputs\makeup\frames\frame_0001199050ms.png,C:\Users\mail\work\ikiikimake\outputs\makeup\rois\frame_0001199050ms
frame_0001200050ms,1200.05,coarse,failed,,,,,,"Expected exactly one face passing confidence thresholds, found 0",C:\Users\mail\work\ikiikimake\outputs\makeup\frames\frame_0001200050ms.png,C:\Users\mail\work\ikiikimake\outputs\makeup\rois\frame_0001200050ms
frame_0001201050ms,1201.05,coarse,failed,,,,,,"Expected exactly one face passing confidence thresholds, found 0",C:\Users\mail\work\ikiikimake\outputs\makeup\frames\frame_0001201050ms.png,C:\Users\mail\work\ikiikimake\outputs\makeup\rois\frame_0001201050ms
frame_0001202050ms,1202.05,coarse,failed,,,,,,"Expected exactly one face passing confidence thresholds, found 0",C:\Users\mail\work\ikiikimake\outputs\makeup\frames\frame_0001202050ms.png,C:\Users\mail\work\ikiikimake\outputs\makeup\rois\frame_0001202050ms
frame_0001203050ms,1203.05,coarse,failed,,,,,,"Expected exactly one face passing confidence thresholds, found 0",C:\Users\mail\work\ikiikimake\outputs\makeup\frames\frame_0001203050ms.png,C:\Users\mail\work\ikiikimake\outputs\makeup\rois\frame_0001203050ms
frame_0001204050ms,1204.05,coarse,failed,,,,,,"Expected exactly one face passing confidence thresholds, found 0",C:\Users\mail\work\ikiikimake\outputs\makeup\frames\frame_0001204050ms.png,C:\Users\mail\work\ikiikimake\outputs\makeup\rois\frame_0001204050ms
frame_0001205050ms,1205.05,coarse,failed,,,,,,"Expected exactly one face passing confidence thresholds, found 0",C:\Users\mail\work\ikiikimake\outputs\makeup\frames\frame_0001205050ms.png,C:\Users\mail\work\ikiikimake\outputs\makeup\rois\frame_0001205050ms
frame_0001206050ms,1206.05,coarse,failed,,,,,,"Expected exactly one face passing confidence thresholds, found 0",C:\Users\mail\work\ikiikimake\outputs\makeup\frames\frame_0001206050ms.png,C:\Users\mail\work\ikiikimake\outputs\makeup\rois\frame_0001206050ms
frame_0001207050ms,1207.05,coarse,failed,,,,,,"Expected exactly one face passing confidence thresholds, found 0",C:\Users\mail\work\ikiikimake\outputs\makeup\frames\frame_0001207050ms.png,C:\Users\mail\work\ikiikimake\outputs\makeup\rois\frame_0001207050ms
frame_0001208050ms,1208.05,coarse,failed,,,,,,"Expected exactly one face passing confidence thresholds, found 0",C:\Users\mail\work\ikiikimake\outputs\makeup\frames\frame_0001208050ms.png,C:\Users\mail\work\ikiikimake\outputs\makeup\rois\frame_0001208050ms
frame_0001209050ms,1209.05,coarse,failed,,,,,,"Expected exactly one face passing confidence thresholds, found 0",C:\Users\mail\work\ikiikimake\outputs\makeup\frames\frame_0001209050ms.png,C:\Users\mail\work\ikiikimake\outputs\makeup\rois\frame_0001209050ms
frame_0001210050ms,1210.05,coarse,failed,,,,,,"Expected exactly one face passing confidence thresholds, found 0",C:\Users\mail\work\ikiikimake\outputs\makeup\frames\frame_0001210050ms.png,C:\Users\mail\work\ikiikimake\outputs\makeup\rois\frame_0001210050ms
frame_0001211050ms,1211.05,coarse,failed,,,,,,"Expected exactly one face passing confidence thresholds, found 0",C:\Users\mail\work\ikiikimake\outputs\makeup\frames\frame_0001211050ms.png,C:\Users\mail\work\ikiikimake\outputs\makeup\rois\frame_0001211050ms
frame_0001212050ms,1212.05,coarse,failed,,,,,,"Expected exactly one face passing confidence thresholds, found 0",C:\Users\mail\work\ikiikimake\outputs\makeup\frames\frame_0001212050ms.png,C:\Users\mail\work\ikiikimake\outputs\makeup\rois\frame_0001212050ms
frame_0001213050ms,1213.05,coarse,failed,,,,,,"Expected exactly one face passing confidence thresholds, found 0",C:\Users\mail\work\ikiikimake\outputs\makeup\frames\frame_0001213050ms.png,C:\Users\mail\work\ikiikimake\outputs\makeup\rois\frame_0001213050ms
frame_0001214050ms,1214.05,coarse,failed,,,,,,"Expected exactly one face passing confidence thresholds, found 0",C:\Users\mail\work\ikiikimake\outputs\makeup\frames\frame_0001214050ms.png,C:\Users\mail\work\ikiikimake\outputs\makeup\rois\frame_0001214050ms
frame_0001215050ms,1215.05,coarse,failed,,,,,,"Expected exactly one face passing confidence thresholds, found 0",C:\Users\mail\work\ikiikimake\outputs\makeup\frames\frame_0001215050ms.png,C:\Users\mail\work\ikiikimake\outputs\makeup\rois\frame_0001215050ms
frame_0001216050ms,1216.05,coarse,failed,,,,,,"Expected exactly one face passing confidence thresholds, found 0",C:\Users\mail\work\ikiikimake\outputs\makeup\frames\frame_0001216050ms.png,C:\Users\mail\work\ikiikimake\outputs\makeup\rois\frame_0001216050ms
frame_0001217050ms,1217.05,coarse,failed,,,,,,"Expected exactly one face passing confidence thresholds, found 0",C:\Users\mail\work\ikiikimake\outputs\makeup\frames\frame_0001217050ms.png,C:\Users\mail\work\ikiikimake\outputs\makeup\rois\frame_0001217050ms
frame_0001218050ms,1218.05,coarse,failed,,,,,,"Expected exactly one face passing confidence thresholds, found 0",C:\Users\mail\work\ikiikimake\outputs\makeup\frames\frame_0001218050ms.png,C:\Users\mail\work\ikiikimake\outputs\makeup\rois\frame_0001218050ms
frame_0001219050ms,1219.05,coarse,failed,,,,,,"Expected exactly one face passing confidence thresholds, found 0",C:\Users\mail\work\ikiikimake\outputs\makeup\frames\frame_0001219050ms.png,C:\Users\mail\work\ikiikimake\outputs\makeup\rois\frame_0001219050ms
frame_0001220050ms,1220.05,coarse,failed,,,,,,"Expected exactly one face passing confidence thresholds, found 0",C:\Users\mail\work\ikiikimake\outputs\makeup\frames\frame_0001220050ms.png,C:\Users\mail\work\ikiikimake\outputs\makeup\rois\frame_0001220050ms
frame_0001221050ms,1221.05,coarse,failed,,,,,,"Expected exactly one face passing confidence thresholds, found 0",C:\Users\mail\work\ikiikimake\outputs\makeup\frames\frame_0001221050ms.png,C:\Users\mail\work\ikiikimake\outputs\makeup\rois\frame_0001221050ms
frame_0001222050ms,1222.05,coarse,failed,,,,,,"Expected exactly one face passing confidence thresholds, found 0",C:\Users\mail\work\ikiikimake\outputs\makeup\frames\frame_0001222050ms.png,C:\Users\mail\work\ikiikimake\outputs\makeup\rois\frame_0001222050ms
frame_0001223050ms,1223.05,coarse,failed,,,,,,"Expected exactly one face passing confidence thresholds, found 0",C:\Users\mail\work\ikiikimake\outputs\makeup\frames\frame_0001223050ms.png,C:\Users\mail\work\ikiikimake\outputs\makeup\rois\frame_0001223050ms
