frame_id,timestamp_seconds,stage,status,yaw,pitch,roll,face_width_px,detected_hands,errors,image_path,roi_dir
frame_0000064998ms,64.99826666666667,coarse,failed,0.9080594236121647,2.4763647223085865,3.3472117332302833,88.69404459245871,1,face too small: 88.7 px (minimum 120),C:\Users\mail\work\ikiikimake\outputs\makeup_video_search_wide\frames\frame_0000064998ms.png,C:\Users\mail\work\ikiikimake\outputs\makeup_video_search_wide\rois\frame_0000064998ms
frame_0000070003ms,70.00326666666668,coarse,failed,-0.6852494186152434,-4.16203252548765,6.442140337416744,90.51175940595371,0,face too small: 90.5 px (minimum 120),C:\Users\mail\work\ikiikimake\outputs\makeup_video_search_wide\frames\frame_0000070003ms.png,C:\Users\mail\work\ikiikimake\outputs\makeup_video_search_wide\rois\frame_0000070003ms
frame_0000075008ms,75.00826666666667,coarse,failed,1.2696282713547256,-0.5069646212666818,4.152401878544228,93.70776036721007,0,face too small: 93.7 px (minimum 120),C:\Users\mail\work\ikiikimake\outputs\makeup_video_search_wide\frames\frame_0000075008ms.png,C:\Users\mail\work\ikiikimake\outputs\makeup_video_search_wide\rois\frame_0000075008ms
frame_0000080013ms,80.01326666666667,coarse,failed,6.138057830463539,0.8270155907240351,0.20622675585370073,87.27710922161998,1,face too small: 87.3 px (minimum 120),C:\Users\mail\work\ikiikimake\outputs\makeup_video_search_wide\frames\frame_0000080013ms.png,C:\Users\mail\work\ikiikimake\outputs\makeup_video_search_wide\rois\frame_0000080013ms
frame_0000084985ms,84.98490000000001,coarse,failed,2.193570308269024,6.750393793487569,5.655576019884747,90.79682571525686,0,face too small: 90.8 px (minimum 120),C:\Users\mail\work\ikiikimake\outputs\makeup_video_search_wide\frames\frame_0000084985ms.png,C:\Users\mail\work\ikiikimake\outputs\makeup_video_search_wide\rois\frame_0000084985ms
frame_0000089990ms,89.9899,coarse,failed,-6.279465279798512,2.8981571548043497,5.046968040386699,88.62254865852447,1,face too small: 88.6 px (minimum 120),C:\Users\mail\work\ikiikimake\outputs\makeup_video_search_wide\frames\frame_0000089990ms.png,C:\Users\mail\work\ikiikimake\outputs\makeup_video_search_wide\rois\frame_0000089990ms
frame_0000094995ms,94.9949,coarse,needs_review,-15.618119660680676,21.351292061971698,5.27316820329199,163.47978747329833,0,,C:\Users\mail\work\ikiikimake\outputs\makeup_video_search_wide\frames\frame_0000094995ms.png,C:\Users\mail\work\ikiikimake\outputs\makeup_video_search_wide\rois\frame_0000094995ms
frame_0000100000ms,99.99990000000001,coarse,failed,,,,,,"Expected exactly one face passing confidence thresholds, found 0",C:\Users\mail\work\ikiikimake\outputs\makeup_video_search_wide\frames\frame_0000100000ms.png,C:\Users\mail\work\ikiikimake\outputs\makeup_video_search_wide\rois\frame_0000100000ms
frame_0000105005ms,105.0049,coarse,needs_review,-14.005457064479799,20.656431576666296,1.2818065073897567,163.1471472392633,2,,C:\Users\mail\work\ikiikimake\outputs\makeup_video_search_wide\frames\frame_0000105005ms.png,C:\Users\mail\work\ikiikimake\outputs\makeup_video_search_wide\rois\frame_0000105005ms
frame_0000110010ms,110.0099,coarse,failed,,,,,,"Expected exactly one face passing confidence thresholds, found 0",C:\Users\mail\work\ikiikimake\outputs\makeup_video_search_wide\frames\frame_0000110010ms.png,C:\Users\mail\work\ikiikimake\outputs\makeup_video_search_wide\rois\frame_0000110010ms
frame_0000115015ms,115.01490000000001,coarse,failed,1.446128168947321,14.387964382187358,3.1257703620141126,91.61665012301671,0,face too small: 91.6 px (minimum 120),C:\Users\mail\work\ikiikimake\outputs\makeup_video_search_wide\frames\frame_0000115015ms.png,C:\Users\mail\work\ikiikimake\outputs\makeup_video_search_wide\rois\frame_0000115015ms
frame_0000119987ms,119.98653333333334,coarse,failed,2.364024287154065,10.456166827324177,5.146942512500923,90.88934419262442,0,face too small: 90.9 px (minimum 120),C:\Users\mail\work\ikiikimake\outputs\makeup_video_search_wide\frames\frame_0000119987ms.png,C:\Users\mail\work\ikiikimake\outputs\makeup_video_search_wide\rois\frame_0000119987ms
frame_0000124992ms,124.99153333333334,coarse,failed,-18.15723271002083,1.1129412517801227,-0.8421328356313125,206.29512475252642,2,right_cheek: suspected hand occlusion 100.0% (limit 2.0%),C:\Users\mail\work\ikiikimake\outputs\makeup_video_search_wide\frames\frame_0000124992ms.png,C:\Users\mail\work\ikiikimake\outputs\makeup_video_search_wide\rois\frame_0000124992ms
frame_0000129997ms,129.99653333333333,coarse,failed,6.043064372276831,13.092851791359063,4.0145968627851465,90.05434204940539,0,face too small: 90.1 px (minimum 120),C:\Users\mail\work\ikiikimake\outputs\makeup_video_search_wide\frames\frame_0000129997ms.png,C:\Users\mail\work\ikiikimake\outputs\makeup_video_search_wide\rois\frame_0000129997ms
frame_0000135002ms,135.00153333333333,coarse,failed,-1.8930141188253384,-7.002183127970403,2.2234376275230843,88.00870670234006,2,face too small: 88.0 px (minimum 120); right_cheek: suspected hand occlusion 3.5% (limit 2.0%),C:\Users\mail\work\ikiikimake\outputs\makeup_video_search_wide\frames\frame_0000135002ms.png,C:\Users\mail\work\ikiikimake\outputs\makeup_video_search_wide\rois\frame_0000135002ms
frame_0000140007ms,140.00653333333335,coarse,failed,6.818997230103742,13.058072708765353,3.434398792049221,90.30812988415276,0,face too small: 90.3 px (minimum 120),C:\Users\mail\work\ikiikimake\outputs\makeup_video_search_wide\frames\frame_0000140007ms.png,C:\Users\mail\work\ikiikimake\outputs\makeup_video_search_wide\rois\frame_0000140007ms
frame_0000145012ms,145.01153333333335,coarse,failed,2.0666893084947247,-7.621972926326574,0.7550784361692613,89.5159337150259,2,face too small: 89.5 px (minimum 120); forehead: excessive clipped pixels 49.7%,C:\Users\mail\work\ikiikimake\outputs\makeup_video_search_wide\frames\frame_0000145012ms.png,C:\Users\mail\work\ikiikimake\outputs\makeup_video_search_wide\rois\frame_0000145012ms
frame_0000150017ms,150.01653333333334,coarse,failed,-19.062402497245174,-10.38847910410228,3.9316040487336292,168.80611920312455,2,right_cheek: suspected hand occlusion 100.0% (limit 2.0%),C:\Users\mail\work\ikiikimake\outputs\makeup_video_search_wide\frames\frame_0000150017ms.png,C:\Users\mail\work\ikiikimake\outputs\makeup_video_search_wide\rois\frame_0000150017ms
frame_0000154988ms,154.9881666666667,coarse,failed,4.084051494696578,16.083570591058717,3.6947892397189928,96.44660908025202,1,face too small: 96.4 px (minimum 120),C:\Users\mail\work\ikiikimake\outputs\makeup_video_search_wide\frames\frame_0000154988ms.png,C:\Users\mail\work\ikiikimake\outputs\makeup_video_search_wide\rois\frame_0000154988ms
frame_0000159993ms,159.99316666666667,coarse,needs_review,-9.872693531205673,13.384034288441697,5.741799974359929,176.27251358592622,1,,C:\Users\mail\work\ikiikimake\outputs\makeup_video_search_wide\frames\frame_0000159993ms.png,C:\Users\mail\work\ikiikimake\outputs\makeup_video_search_wide\rois\frame_0000159993ms
frame_0000164998ms,164.99816666666666,coarse,failed,-18.125551948056653,13.630011791726552,8.029902606727815,83.61733637162638,0,face too small: 83.6 px (minimum 120),C:\Users\mail\work\ikiikimake\outputs\makeup_video_search_wide\frames\frame_0000164998ms.png,C:\Users\mail\work\ikiikimake\outputs\makeup_video_search_wide\rois\frame_0000164998ms
frame_0000170003ms,170.0031666666667,coarse,failed,-0.7838487078948356,6.584280480300939,1.450716385867615,90.65382665410084,0,face too small: 90.7 px (minimum 120),C:\Users\mail\work\ikiikimake\outputs\makeup_video_search_wide\frames\frame_0000170003ms.png,C:\Users\mail\work\ikiikimake\outputs\makeup_video_search_wide\rois\frame_0000170003ms
frame_0000175008ms,175.00816666666668,coarse,failed,-7.68109515763055,11.142538160184097,9.551850509769787,92.8633406317321,1,face too small: 92.9 px (minimum 120),C:\Users\mail\work\ikiikimake\outputs\makeup_video_search_wide\frames\frame_0000175008ms.png,C:\Users\mail\work\ikiikimake\outputs\makeup_video_search_wide\rois\frame_0000175008ms
frame_0000180013ms,180.01316666666668,coarse,failed,-5.4344475886790695,1.777816469935989,0.23024706696010278,173.09044340008273,1,forehead: polygon outside image (not clipped),C:\Users\mail\work\ikiikimake\outputs\makeup_video_search_wide\frames\frame_0000180013ms.png,C:\Users\mail\work\ikiikimake\outputs\makeup_video_search_wide\rois\frame_0000180013ms
frame_0000184985ms,184.9848,coarse,failed,-8.162419886677487,13.157051047164623,-0.5759118610967229,231.73159274637078,1,forehead: polygon outside image (not clipped),C:\Users\mail\work\ikiikimake\outputs\makeup_video_search_wide\frames\frame_0000184985ms.png,C:\Users\mail\work\ikiikimake\outputs\makeup_video_search_wide\rois\frame_0000184985ms
frame_0000189990ms,189.9898,coarse,failed,3.0455941463886123,3.724828002222884,1.6050274264763063,91.6224362579227,1,face too small: 91.6 px (minimum 120),C:\Users\mail\work\ikiikimake\outputs\makeup_video_search_wide\frames\frame_0000189990ms.png,C:\Users\mail\work\ikiikimake\outputs\makeup_video_search_wide\rois\frame_0000189990ms
frame_0000194995ms,194.9948,coarse,failed,-2.9101206687032755,6.686825216967274,3.704751053574289,163.12603986588653,2,right_cheek: suspected hand occlusion 100.0% (limit 2.0%),C:\Users\mail\work\ikiikimake\outputs\makeup_video_search_wide\frames\frame_0000194995ms.png,C:\Users\mail\work\ikiikimake\outputs\makeup_video_search_wide\rois\frame_0000194995ms
frame_0000200000ms,199.99980000000002,coarse,failed,-2.1008194056110687,-2.7371056763783854,0.21584099793780784,164.79816784654724,2,left_cheek: suspected hand occlusion 72.4% (limit 2.0%); right_cheek: suspected hand occlusion 68.0% (limit 2.0%),C:\Users\mail\work\ikiikimake\outputs\makeup_video_search_wide\frames\frame_0000200000ms.png,C:\Users\mail\work\ikiikimake\outputs\makeup_video_search_wide\rois\frame_0000200000ms
frame_0000205005ms,205.00480000000002,coarse,failed,-15.215410704523638,-5.713481406003105,20.418509179473766,170.34281394952174,1,face roll too large: 20.4 deg (limit 20); left_cheek: suspected hand occlusion 58.9% (limit 2.0%); forehead: suspected hand occlusion 100.0% (limit 2.0%),C:\Users\mail\work\ikiikimake\outputs\makeup_video_search_wide\frames\frame_0000205005ms.png,C:\Users\mail\work\ikiikimake\outputs\makeup_video_search_wide\rois\frame_0000205005ms
frame_0000210010ms,210.0098,coarse,failed,-4.868965951365688,-0.7942505196729628,4.437939869430509,177.75839593040493,2,left_cheek: suspected hand occlusion 5.3% (limit 2.0%); right_cheek: suspected hand occlusion 51.1% (limit 2.0%),C:\Users\mail\work\ikiikimake\outputs\makeup_video_search_wide\frames\frame_0000210010ms.png,C:\Users\mail\work\ikiikimake\outputs\makeup_video_search_wide\rois\frame_0000210010ms
frame_0000215015ms,215.0148,coarse,needs_review,7.2909927440571325,-7.694505328140353,12.64833115333079,167.58514235244328,1,,C:\Users\mail\work\ikiikimake\outputs\makeup_video_search_wide\frames\frame_0000215015ms.png,C:\Users\mail\work\ikiikimake\outputs\makeup_video_search_wide\rois\frame_0000215015ms
frame_0000219986ms,219.98643333333334,coarse,needs_review,-4.757743781481143,-0.010904255729041891,4.118568782919349,173.85564864913337,2,,C:\Users\mail\work\ikiikimake\outputs\makeup_video_search_wide\frames\frame_0000219986ms.png,C:\Users\mail\work\ikiikimake\outputs\makeup_video_search_wide\rois\frame_0000219986ms
frame_0000224991ms,224.99143333333333,coarse,needs_review,1.2103703466378275,-8.551888321796548,1.9375903308527114,169.8255678666938,2,,C:\Users\mail\work\ikiikimake\outputs\makeup_video_search_wide\frames\frame_0000224991ms.png,C:\Users\mail\work\ikiikimake\outputs\makeup_video_search_wide\rois\frame_0000224991ms
frame_0000229996ms,229.99643333333336,coarse,needs_review,-4.451960298912432,-7.717862034088758,1.8077717781222036,175.66205911562483,1,,C:\Users\mail\work\ikiikimake\outputs\makeup_video_search_wide\frames\frame_0000229996ms.png,C:\Users\mail\work\ikiikimake\outputs\makeup_video_search_wide\rois\frame_0000229996ms
frame_0000235001ms,235.00143333333335,coarse,failed,2.0866658119224124,1.1370928431290082,2.859951647435275,92.88254076546059,1,face too small: 92.9 px (minimum 120),C:\Users\mail\work\ikiikimake\outputs\makeup_video_search_wide\frames\frame_0000235001ms.png,C:\Users\mail\work\ikiikimake\outputs\makeup_video_search_wide\rois\frame_0000235001ms
frame_0000240006ms,240.00643333333335,coarse,failed,9.85233590369343,-5.672556940973699,1.1264026602017214,90.83552539323395,2,face too small: 90.8 px (minimum 120); right_cheek: suspected hand occlusion 16.1% (limit 2.0%),C:\Users\mail\work\ikiikimake\outputs\makeup_video_search_wide\frames\frame_0000240006ms.png,C:\Users\mail\work\ikiikimake\outputs\makeup_video_search_wide\rois\frame_0000240006ms
frame_0000245011ms,245.01143333333334,coarse,needs_review,-6.346799964360008,2.6396003576191815,4.635652588816114,173.4216340918381,2,,C:\Users\mail\work\ikiikimake\outputs\makeup_video_search_wide\frames\frame_0000245011ms.png,C:\Users\mail\work\ikiikimake\outputs\makeup_video_search_wide\rois\frame_0000245011ms
frame_0000250016ms,250.01643333333334,coarse,failed,-3.088275815127675,6.630851085470378,3.2127669730905963,166.0981009608227,2,left_cheek: suspected hand occlusion 60.6% (limit 2.0%); right_cheek: suspected hand occlusion 100.0% (limit 2.0%),C:\Users\mail\work\ikiikimake\outputs\makeup_video_search_wide\frames\frame_0000250016ms.png,C:\Users\mail\work\ikiikimake\outputs\makeup_video_search_wide\rois\frame_0000250016ms
frame_0000254988ms,254.98806666666667,coarse,failed,12.9766598527424,10.65115423050959,7.81190478704338,85.94073459735752,1,face too small: 85.9 px (minimum 120),C:\Users\mail\work\ikiikimake\outputs\makeup_video_search_wide\frames\frame_0000254988ms.png,C:\Users\mail\work\ikiikimake\outputs\makeup_video_search_wide\rois\frame_0000254988ms
frame_0000259993ms,259.99306666666666,coarse,needs_review,-22.387838554327622,-1.1072293391078543,-2.6272260482199115,152.9002917976154,1,,C:\Users\mail\work\ikiikimake\outputs\makeup_video_search_wide\frames\frame_0000259993ms.png,C:\Users\mail\work\ikiikimake\outputs\makeup_video_search_wide\rois\frame_0000259993ms
frame_0000264998ms,264.99806666666666,coarse,failed,-2.5370668459767223,-6.624723237799877,2.929104598503828,87.07471358983524,2,face too small: 87.1 px (minimum 120); left_cheek: suspected hand occlusion 40.3% (limit 2.0%),C:\Users\mail\work\ikiikimake\outputs\makeup_video_search_wide\frames\frame_0000264998ms.png,C:\Users\mail\work\ikiikimake\outputs\makeup_video_search_wide\rois\frame_0000264998ms
frame_0000270003ms,270.00306666666665,coarse,failed,-1.8106885270752913,10.691969195771733,3.6075549202524706,172.9608603629982,1,forehead: polygon outside image (not clipped),C:\Users\mail\work\ikiikimake\outputs\makeup_video_search_wide\frames\frame_0000270003ms.png,C:\Users\mail\work\ikiikimake\outputs\makeup_video_search_wide\rois\frame_0000270003ms
frame_0000275008ms,275.0080666666667,coarse,failed,3.036437264592266,14.732603827867669,-2.916114671512802,94.92149400996496,0,face too small: 94.9 px (minimum 120),C:\Users\mail\work\ikiikimake\outputs\makeup_video_search_wide\frames\frame_0000275008ms.png,C:\Users\mail\work\ikiikimake\outputs\makeup_video_search_wide\rois\frame_0000275008ms
frame_0000280013ms,280.0130666666667,coarse,failed,9.962571355817325,-4.784239171588269,0.8705320660078392,93.29301823175705,1,face too small: 93.3 px (minimum 120),C:\Users\mail\work\ikiikimake\outputs\makeup_video_search_wide\frames\frame_0000280013ms.png,C:\Users\mail\work\ikiikimake\outputs\makeup_video_search_wide\rois\frame_0000280013ms
frame_0000284985ms,284.98470000000003,coarse,failed,-0.9981328609144998,-3.8322087867999066,1.1649375633389232,220.34080854458676,1,left_cheek: suspected hand occlusion 100.0% (limit 2.0%),C:\Users\mail\work\ikiikimake\outputs\makeup_video_search_wide\frames\frame_0000284985ms.png,C:\Users\mail\work\ikiikimake\outputs\makeup_video_search_wide\rois\frame_0000284985ms
frame_0000289990ms,289.9897,coarse,failed,5.492456020328524,-3.079264670352521,7.031515985499096,217.1617895430382,1,left_cheek: suspected hand occlusion 100.0% (limit 2.0%),C:\Users\mail\work\ikiikimake\outputs\makeup_video_search_wide\frames\frame_0000289990ms.png,C:\Users\mail\work\ikiikimake\outputs\makeup_video_search_wide\rois\frame_0000289990ms
frame_0000294995ms,294.9947,coarse,needs_review,14.684890389314035,-5.615405642963423,-1.0474709702776936,205.56244700131032,1,,C:\Users\mail\work\ikiikimake\outputs\makeup_video_search_wide\frames\frame_0000294995ms.png,C:\Users\mail\work\ikiikimake\outputs\makeup_video_search_wide\rois\frame_0000294995ms
frame_0000300000ms,299.9997,coarse,needs_review,8.086519515977123,-4.08595236392232,5.549418730344975,212.72216145419986,1,,C:\Users\mail\work\ikiikimake\outputs\makeup_video_search_wide\frames\frame_0000300000ms.png,C:\Users\mail\work\ikiikimake\outputs\makeup_video_search_wide\rois\frame_0000300000ms
frame_0000305005ms,305.0047,coarse,failed,-27.90365634748567,-8.937881747233321,1.4988227334297373,174.00961714429658,0,face yaw too large: -27.9 deg (limit 25); forehead: excessive clipped pixels 10.1%,C:\Users\mail\work\ikiikimake\outputs\makeup_video_search_wide\frames\frame_0000305005ms.png,C:\Users\mail\work\ikiikimake\outputs\makeup_video_search_wide\rois\frame_0000305005ms
frame_0000310010ms,310.0097,coarse,failed,-21.632058179431667,-4.23292523213241,-3.0639310433235405,182.82914413648862,1,right_cheek: suspected hand occlusion 92.4% (limit 2.0%),C:\Users\mail\work\ikiikimake\outputs\makeup_video_search_wide\frames\frame_0000310010ms.png,C:\Users\mail\work\ikiikimake\outputs\makeup_video_search_wide\rois\frame_0000310010ms
frame_0000315015ms,315.0147,coarse,failed,-8.489583690143267,-1.6895239847522678,-0.9786801725206219,188.05417750648726,1,right_cheek: suspected hand occlusion 69.3% (limit 2.0%),C:\Users\mail\work\ikiikimake\outputs\makeup_video_search_wide\frames\frame_0000315015ms.png,C:\Users\mail\work\ikiikimake\outputs\makeup_video_search_wide\rois\frame_0000315015ms
frame_0000319986ms,319.98633333333333,coarse,failed,-13.111434794053787,0.7384948650396552,1.0881460370715301,180.12269917500868,1,right_cheek: suspected hand occlusion 38.4% (limit 2.0%),C:\Users\mail\work\ikiikimake\outputs\makeup_video_search_wide\frames\frame_0000319986ms.png,C:\Users\mail\work\ikiikimake\outputs\makeup_video_search_wide\rois\frame_0000319986ms
frame_0000324991ms,324.99133333333333,coarse,failed,2.8891145378846104,-8.081279788375848,4.568182972956066,93.9904320916894,1,face too small: 94.0 px (minimum 120),C:\Users\mail\work\ikiikimake\outputs\makeup_video_search_wide\frames\frame_0000324991ms.png,C:\Users\mail\work\ikiikimake\outputs\makeup_video_search_wide\rois\frame_0000324991ms
frame_0000329996ms,329.9963333333333,coarse,failed,1.7140232880412631,0.24005185958167125,6.3847560692200815,95.15723996250246,1,face too small: 95.2 px (minimum 120); left_cheek: suspected hand occlusion 47.7% (limit 2.0%),C:\Users\mail\work\ikiikimake\outputs\makeup_video_search_wide\frames\frame_0000329996ms.png,C:\Users\mail\work\ikiikimake\outputs\makeup_video_search_wide\rois\frame_0000329996ms
frame_0000335001ms,335.0013333333334,coarse,failed,0.4028481438256254,-0.36748790501955597,5.360562590362019,98.26195393968034,1,face too small: 98.3 px (minimum 120); left_cheek: suspected hand occlusion 2.4% (limit 2.0%),C:\Users\mail\work\ikiikimake\outputs\makeup_video_search_wide\frames\frame_0000335001ms.png,C:\Users\mail\work\ikiikimake\outputs\makeup_video_search_wide\rois\frame_0000335001ms
frame_0000340006ms,340.0063333333334,coarse,failed,5.199010789715945,-5.014737542508457,16.01577824263856,93.47007123006324,1,face too small: 93.5 px (minimum 120); left_cheek: suspected hand occlusion 5.6% (limit 2.0%),C:\Users\mail\work\ikiikimake\outputs\makeup_video_search_wide\frames\frame_0000340006ms.png,C:\Users\mail\work\ikiikimake\outputs\makeup_video_search_wide\rois\frame_0000340006ms
frame_0000345011ms,345.01133333333337,coarse,failed,-0.0876365017789984,-1.7014907620212727,3.9398599835507944,96.61488983141922,0,face too small: 96.6 px (minimum 120),C:\Users\mail\work\ikiikimake\outputs\makeup_video_search_wide\frames\frame_0000345011ms.png,C:\Users\mail\work\ikiikimake\outputs\makeup_video_search_wide\rois\frame_0000345011ms
frame_0000350016ms,350.01633333333336,coarse,failed,-5.3165364654261715,1.7593790866355683,0.007120527381766272,93.00859429488114,0,face too small: 93.0 px (minimum 120),C:\Users\mail\work\ikiikimake\outputs\makeup_video_search_wide\frames\frame_0000350016ms.png,C:\Users\mail\work\ikiikimake\outputs\makeup_video_search_wide\rois\frame_0000350016ms
frame_0000354988ms,354.9879666666667,coarse,failed,-6.817934367909456,3.1461649799296736,-4.087945781042453,90.76239914200848,0,face too small: 90.8 px (minimum 120),C:\Users\mail\work\ikiikimake\outputs\makeup_video_search_wide\frames\frame_0000354988ms.png,C:\Users\mail\work\ikiikimake\outputs\makeup_video_search_wide\rois\frame_0000354988ms
frame_0000359993ms,359.9929666666667,coarse,failed,-2.4814309981040577,-1.1723736611164843,7.9318783699657835,91.28248976656872,1,face too small: 91.3 px (minimum 120),C:\Users\mail\work\ikiikimake\outputs\makeup_video_search_wide\frames\frame_0000359993ms.png,C:\Users\mail\work\ikiikimake\outputs\makeup_video_search_wide\rois\frame_0000359993ms
frame_0000364998ms,364.9979666666667,coarse,failed,-1.6590241552443423,-1.7611378438535208,8.811025068061905,92.41352359859096,2,face too small: 92.4 px (minimum 120),C:\Users\mail\work\ikiikimake\outputs\makeup_video_search_wide\frames\frame_0000364998ms.png,C:\Users\mail\work\ikiikimake\outputs\makeup_video_search_wide\rois\frame_0000364998ms
frame_0000370003ms,370.0029666666667,coarse,failed,7.025148152174212,-4.323348681317706,4.129216216045968,91.40452599560292,0,face too small: 91.4 px (minimum 120),C:\Users\mail\work\ikiikimake\outputs\makeup_video_search_wide\frames\frame_0000370003ms.png,C:\Users\mail\work\ikiikimake\outputs\makeup_video_search_wide\rois\frame_0000370003ms
frame_0000375008ms,375.0079666666667,coarse,failed,23.99588485270891,-6.296621167207228,1.1686888775823194,78.99938706241855,1,face too small: 79.0 px (minimum 120); right_cheek: too few pixels (81 < 100); left_cheek: suspected hand occlusion 94.8% (limit 2.0%),C:\Users\mail\work\ikiikimake\outputs\makeup_video_search_wide\frames\frame_0000375008ms.png,C:\Users\mail\work\ikiikimake\outputs\makeup_video_search_wide\rois\frame_0000375008ms
frame_0000380013ms,380.01296666666667,coarse,failed,-2.501746376423853,-0.18001438100351105,7.237352220584522,95.75560873846186,1,face too small: 95.8 px (minimum 120),C:\Users\mail\work\ikiikimake\outputs\makeup_video_search_wide\frames\frame_0000380013ms.png,C:\Users\mail\work\ikiikimake\outputs\makeup_video_search_wide\rois\frame_0000380013ms
frame_0000384985ms,384.9846,coarse,failed,-10.600956170582707,-9.163614490335435,2.3970768339352198,167.99763100144335,1,forehead: excessive clipped pixels 10.6%,C:\Users\mail\work\ikiikimake\outputs\makeup_video_search_wide\frames\frame_0000384985ms.png,C:\Users\mail\work\ikiikimake\outputs\makeup_video_search_wide\rois\frame_0000384985ms
frame_0000389990ms,389.9896,coarse,failed,-5.666361693702084,-5.425941175392672,4.5659859382436885,186.33450348244799,1,right_cheek: suspected hand occlusion 67.8% (limit 2.0%),C:\Users\mail\work\ikiikimake\outputs\makeup_video_search_wide\frames\frame_0000389990ms.png,C:\Users\mail\work\ikiikimake\outputs\makeup_video_search_wide\rois\frame_0000389990ms
frame_0000394995ms,394.9946,coarse,failed,4.149106183781689,-0.9497334117848876,8.120569242432591,95.0393382317148,1,face too small: 95.0 px (minimum 120); left_cheek: suspected hand occlusion 98.0% (limit 2.0%),C:\Users\mail\work\ikiikimake\outputs\makeup_video_search_wide\frames\frame_0000394995ms.png,C:\Users\mail\work\ikiikimake\outputs\makeup_video_search_wide\rois\frame_0000394995ms
frame_0000400000ms,399.99960000000004,coarse,failed,5.270175849416408,-4.84611582886316,8.638488286492288,95.63130284310886,1,face too small: 95.6 px (minimum 120); left_cheek: suspected hand occlusion 72.7% (limit 2.0%),C:\Users\mail\work\ikiikimake\outputs\makeup_video_search_wide\frames\frame_0000400000ms.png,C:\Users\mail\work\ikiikimake\outputs\makeup_video_search_wide\rois\frame_0000400000ms
frame_0000405005ms,405.00460000000004,coarse,failed,-5.842831852612715,-0.7001791119608374,7.950238890953534,96.46430044712838,1,face too small: 96.5 px (minimum 120); forehead: suspected hand occlusion 98.1% (limit 2.0%),C:\Users\mail\work\ikiikimake\outputs\makeup_video_search_wide\frames\frame_0000405005ms.png,C:\Users\mail\work\ikiikimake\outputs\makeup_video_search_wide\rois\frame_0000405005ms
frame_0000410010ms,410.00960000000003,coarse,needs_review,-2.005636396572749,-5.496268131241744,3.761878330260367,185.7125383521337,1,,C:\Users\mail\work\ikiikimake\outputs\makeup_video_search_wide\frames\frame_0000410010ms.png,C:\Users\mail\work\ikiikimake\outputs\makeup_video_search_wide\rois\frame_0000410010ms
frame_0000415015ms,415.01460000000003,coarse,needs_review,15.984512983245846,-5.705639708558617,0.01725597610490357,174.9815316170856,0,,C:\Users\mail\work\ikiikimake\outputs\makeup_video_search_wide\frames\frame_0000415015ms.png,C:\Users\mail\work\ikiikimake\outputs\makeup_video_search_wide\rois\frame_0000415015ms
frame_0000419986ms,419.98623333333336,coarse,needs_review,-22.580194922382823,7.447786199066625,-2.0636442354552864,160.5347097029653,1,,C:\Users\mail\work\ikiikimake\outputs\makeup_video_search_wide\frames\frame_0000419986ms.png,C:\Users\mail\work\ikiikimake\outputs\makeup_video_search_wide\rois\frame_0000419986ms
frame_0000424991ms,424.99123333333335,coarse,failed,-24.35552469253614,7.375536098306447,-6.748915920826271,166.2289916414003,1,right_cheek: suspected hand occlusion 99.6% (limit 2.0%),C:\Users\mail\work\ikiikimake\outputs\makeup_video_search_wide\frames\frame_0000424991ms.png,C:\Users\mail\work\ikiikimake\outputs\makeup_video_search_wide\rois\frame_0000424991ms
frame_0000429996ms,429.99623333333335,coarse,failed,-3.719520635780111,13.435706637283019,1.7270323681814357,98.11080170519912,0,face too small: 98.1 px (minimum 120),C:\Users\mail\work\ikiikimake\outputs\makeup_video_search_wide\frames\frame_0000429996ms.png,C:\Users\mail\work\ikiikimake\outputs\makeup_video_search_wide\rois\frame_0000429996ms
frame_0000435001ms,435.00123333333335,coarse,failed,-0.40254923822974326,-1.2493367061454692,6.309794518040515,98.43068778955188,0,face too small: 98.4 px (minimum 120),C:\Users\mail\work\ikiikimake\outputs\makeup_video_search_wide\frames\frame_0000435001ms.png,C:\Users\mail\work\ikiikimake\outputs\makeup_video_search_wide\rois\frame_0000435001ms
frame_0000440006ms,440.00623333333334,coarse,failed,-13.459093113540886,7.4650476888637005,5.808841587013063,194.51545443250845,1,right_cheek: suspected hand occlusion 100.0% (limit 2.0%),C:\Users\mail\work\ikiikimake\outputs\makeup_video_search_wide\frames\frame_0000440006ms.png,C:\Users\mail\work\ikiikimake\outputs\makeup_video_search_wide\rois\frame_0000440006ms
frame_0000445011ms,445.01123333333334,coarse,failed,0.6275635703236764,16.662030980955706,-0.13055834988896986,95.12040143092915,0,face too small: 95.1 px (minimum 120),C:\Users\mail\work\ikiikimake\outputs\makeup_video_search_wide\frames\frame_0000445011ms.png,C:\Users\mail\work\ikiikimake\outputs\makeup_video_search_wide\rois\frame_0000445011ms
frame_0000450016ms,450.01623333333333,coarse,failed,-1.2584421948811906,16.314931395920123,3.3298570517544,104.19182174393491,0,face too small: 104.2 px (minimum 120),C:\Users\mail\work\ikiikimake\outputs\makeup_video_search_wide\frames\frame_0000450016ms.png,C:\Users\mail\work\ikiikimake\outputs\makeup_video_search_wide\rois\frame_0000450016ms
frame_0000454988ms,454.98786666666666,coarse,failed,4.285707150137165,-3.8289603026746746,3.5714494140156137,94.84705575660855,1,face too small: 94.8 px (minimum 120); left_cheek: suspected hand occlusion 5.7% (limit 2.0%),C:\Users\mail\work\ikiikimake\outputs\makeup_video_search_wide\frames\frame_0000454988ms.png,C:\Users\mail\work\ikiikimake\outputs\makeup_video_search_wide\rois\frame_0000454988ms
frame_0000455989ms,455.9888666666667,refined,failed,-9.907128896662647,-1.3444986866865583,4.313971614774992,210.78970976009268,1,left_cheek: suspected hand occlusion 95.7% (limit 2.0%),C:\Users\mail\work\ikiikimake\outputs\makeup_video_search_wide\frames\frame_0000455989ms.png,C:\Users\mail\work\ikiikimake\outputs\makeup_video_search_wide\rois\frame_0000455989ms
frame_0000456990ms,456.98986666666667,refined,failed,-11.84566296158031,3.1274455146527456,0.6064163874226431,201.16916369840726,1,right_cheek: suspected hand occlusion 6.1% (limit 2.0%),C:\Users\mail\work\ikiikimake\outputs\makeup_video_search_wide\frames\frame_0000456990ms.png,C:\Users\mail\work\ikiikimake\outputs\makeup_video_search_wide\rois\frame_0000456990ms
frame_0000457991ms,457.9908666666667,refined,needs_review,-6.572583290593898,0.226841085442552,1.2414940341132708,218.85524116477714,1,,C:\Users\mail\work\ikiikimake\outputs\makeup_video_search_wide\frames\frame_0000457991ms.png,C:\Users\mail\work\ikiikimake\outputs\makeup_video_search_wide\rois\frame_0000457991ms
frame_0000458992ms,458.9918666666667,refined,failed,-6.642799163093044,-2.471602720234192,2.7857826024633017,221.69142738470921,1,left_cheek: suspected hand occlusion 43.7% (limit 2.0%),C:\Users\mail\work\ikiikimake\outputs\makeup_video_search_wide\frames\frame_0000458992ms.png,C:\Users\mail\work\ikiikimake\outputs\makeup_video_search_wide\rois\frame_0000458992ms
frame_0000459993ms,459.9928666666667,coarse,needs_review,-7.30919788143381,9.01968828460966,1.9290447538051372,213.06924484605057,0,,C:\Users\mail\work\ikiikimake\outputs\makeup_video_search_wide\frames\frame_0000459993ms.png,C:\Users\mail\work\ikiikimake\outputs\makeup_video_search_wide\rois\frame_0000459993ms
frame_0000460994ms,460.9938666666667,refined,needs_review,-9.268772044178911,-0.6670183048058285,3.502306209405355,212.22973452484297,1,,C:\Users\mail\work\ikiikimake\outputs\makeup_video_search_wide\frames\frame_0000460994ms.png,C:\Users\mail\work\ikiikimake\outputs\makeup_video_search_wide\rois\frame_0000460994ms
frame_0000461995ms,461.99486666666667,refined,needs_review,-7.529418040420687,0.8206455668268625,2.6876692772455257,214.2529940099168,1,,C:\Users\mail\work\ikiikimake\outputs\makeup_video_search_wide\frames\frame_0000461995ms.png,C:\Users\mail\work\ikiikimake\outputs\makeup_video_search_wide\rois\frame_0000461995ms
frame_0000462996ms,462.9958666666667,refined,needs_review,-7.23099704374626,1.4083542672808202,1.2508384986290033,216.37448525385992,1,,C:\Users\mail\work\ikiikimake\outputs\makeup_video_search_wide\frames\frame_0000462996ms.png,C:\Users\mail\work\ikiikimake\outputs\makeup_video_search_wide\rois\frame_0000462996ms
frame_0000463997ms,463.9968666666667,refined,needs_review,-7.9820865162404795,-0.10416986284656442,3.7038117565969224,211.9312005443279,1,,C:\Users\mail\work\ikiikimake\outputs\makeup_video_search_wide\frames\frame_0000463997ms.png,C:\Users\mail\work\ikiikimake\outputs\makeup_video_search_wide\rois\frame_0000463997ms
frame_0000464998ms,464.9978666666667,coarse,failed,-8.652746718430379,-2.9693886574744277,4.226608551952395,214.6806611927773,1,left_cheek: suspected hand occlusion 49.6% (limit 2.0%),C:\Users\mail\work\ikiikimake\outputs\makeup_video_search_wide\frames\frame_0000464998ms.png,C:\Users\mail\work\ikiikimake\outputs\makeup_video_search_wide\rois\frame_0000464998ms
frame_0000470003ms,470.0028666666667,coarse,needs_review,-7.674430862385128,-1.0417794850280306,5.615955659844172,214.26832150329733,1,,C:\Users\mail\work\ikiikimake\outputs\makeup_video_search_wide\frames\frame_0000470003ms.png,C:\Users\mail\work\ikiikimake\outputs\makeup_video_search_wide\rois\frame_0000470003ms
frame_0000471004ms,471.0038666666667,refined,needs_review,-5.001718483783238,-1.1635177603009237,5.633462604770294,219.5293074311419,1,,C:\Users\mail\work\ikiikimake\outputs\makeup_video_search_wide\frames\frame_0000471004ms.png,C:\Users\mail\work\ikiikimake\outputs\makeup_video_search_wide\rois\frame_0000471004ms
frame_0000472005ms,472.0048666666667,refined,needs_review,-4.093048392233586,0.19584408887644023,3.422296580040543,223.5595810706658,1,,C:\Users\mail\work\ikiikimake\outputs\makeup_video_search_wide\frames\frame_0000472005ms.png,C:\Users\mail\work\ikiikimake\outputs\makeup_video_search_wide\rois\frame_0000472005ms
frame_0000473006ms,473.0058666666667,refined,failed,-8.793247683379073,-3.4357596830515997,4.62271511172045,215.68507137332043,1,left_cheek: suspected hand occlusion 64.4% (limit 2.0%),C:\Users\mail\work\ikiikimake\outputs\makeup_video_search_wide\frames\frame_0000473006ms.png,C:\Users\mail\work\ikiikimake\outputs\makeup_video_search_wide\rois\frame_0000473006ms
frame_0000474007ms,474.00686666666667,refined,failed,-9.663123384604637,-3.886910156540102,5.334803930870886,219.45624457318718,1,left_cheek: suspected hand occlusion 68.8% (limit 2.0%),C:\Users\mail\work\ikiikimake\outputs\makeup_video_search_wide\frames\frame_0000474007ms.png,C:\Users\mail\work\ikiikimake\outputs\makeup_video_search_wide\rois\frame_0000474007ms
frame_0000475008ms,475.0078666666667,coarse,needs_review,-4.09980117698978,-0.8655068802953768,3.2059054160140263,214.26452024762935,1,,C:\Users\mail\work\ikiikimake\outputs\makeup_video_search_wide\frames\frame_0000475008ms.png,C:\Users\mail\work\ikiikimake\outputs\makeup_video_search_wide\rois\frame_0000475008ms
frame_0000476009ms,476.0088666666667,refined,needs_review,2.4308136942583403,0.3881477251350619,2.6433724373224003,217.9029888323926,0,,C:\Users\mail\work\ikiikimake\outputs\makeup_video_search_wide\frames\frame_0000476009ms.png,C:\Users\mail\work\ikiikimake\outputs\makeup_video_search_wide\rois\frame_0000476009ms
frame_0000477010ms,477.0098666666667,refined,needs_review,-7.073676614376941,-3.006281579505239,2.298720958347479,216.42777128804437,1,,C:\Users\mail\work\ikiikimake\outputs\makeup_video_search_wide\frames\frame_0000477010ms.png,C:\Users\mail\work\ikiikimake\outputs\makeup_video_search_wide\rois\frame_0000477010ms
frame_0000478011ms,478.0108666666667,refined,failed,-13.57967745826722,-7.61138386240754,5.5111813858172605,214.29469735841457,1,left_cheek: suspected hand occlusion 98.4% (limit 2.0%),C:\Users\mail\work\ikiikimake\outputs\makeup_video_search_wide\frames\frame_0000478011ms.png,C:\Users\mail\work\ikiikimake\outputs\makeup_video_search_wide\rois\frame_0000478011ms
frame_0000479012ms,479.01186666666666,refined,needs_review,-3.3394026822784717,-3.6064649438424343,7.641766540557222,218.0328112392716,1,,C:\Users\mail\work\ikiikimake\outputs\makeup_video_search_wide\frames\frame_0000479012ms.png,C:\Users\mail\work\ikiikimake\outputs\makeup_video_search_wide\rois\frame_0000479012ms
frame_0000480013ms,480.0128666666667,coarse,needs_review,5.618732966362083,-3.4287321057285745,4.1794522597354655,207.7599528864613,1,,C:\Users\mail\work\ikiikimake\outputs\makeup_video_search_wide\frames\frame_0000480013ms.png,C:\Users\mail\work\ikiikimake\outputs\makeup_video_search_wide\rois\frame_0000480013ms
frame_0000484984ms,484.9845,coarse,failed,-13.517069704607717,-8.29426751562379,8.440457393967728,202.27102427935975,1,left_cheek: suspected hand occlusion 5.0% (limit 2.0%),C:\Users\mail\work\ikiikimake\outputs\makeup_video_search_wide\frames\frame_0000484984ms.png,C:\Users\mail\work\ikiikimake\outputs\makeup_video_search_wide\rois\frame_0000484984ms
frame_0000489990ms,489.9895,coarse,needs_review,-10.32638076501454,2.0107085732333343,1.6337358314256614,205.87265655031393,0,,C:\Users\mail\work\ikiikimake\outputs\makeup_video_search_wide\frames\frame_0000489990ms.png,C:\Users\mail\work\ikiikimake\outputs\makeup_video_search_wide\rois\frame_0000489990ms
frame_0000494994ms,494.9945,coarse,needs_review,-12.908877107708744,-5.67195327328823,-0.5708662433398851,201.0298838184765,1,,C:\Users\mail\work\ikiikimake\outputs\makeup_video_search_wide\frames\frame_0000494994ms.png,C:\Users\mail\work\ikiikimake\outputs\makeup_video_search_wide\rois\frame_0000494994ms
frame_0001021988ms,1021.9876333333334,coarse,failed,,,,,,"Expected exactly one face passing confidence thresholds, found 0",C:\Users\mail\work\ikiikimake\outputs\makeup_video_search_wide\frames\frame_0001021988ms.png,C:\Users\mail\work\ikiikimake\outputs\makeup_video_search_wide\rois\frame_0001021988ms
frame_0001026993ms,1026.9926333333333,coarse,failed,,,,,,"Expected exactly one face passing confidence thresholds, found 0",C:\Users\mail\work\ikiikimake\outputs\makeup_video_search_wide\frames\frame_0001026993ms.png,C:\Users\mail\work\ikiikimake\outputs\makeup_video_search_wide\rois\frame_0001026993ms
frame_0001031998ms,1031.9976333333334,coarse,failed,,,,,,"Expected exactly one face passing confidence thresholds, found 0",C:\Users\mail\work\ikiikimake\outputs\makeup_video_search_wide\frames\frame_0001031998ms.png,C:\Users\mail\work\ikiikimake\outputs\makeup_video_search_wide\rois\frame_0001031998ms
frame_0001037003ms,1037.0026333333333,coarse,failed,,,,,,"Expected exactly one face passing confidence thresholds, found 0",C:\Users\mail\work\ikiikimake\outputs\makeup_video_search_wide\frames\frame_0001037003ms.png,C:\Users\mail\work\ikiikimake\outputs\makeup_video_search_wide\rois\frame_0001037003ms
frame_0001042008ms,1042.0076333333334,coarse,failed,,,,,,"Expected exactly one face passing confidence thresholds, found 0",C:\Users\mail\work\ikiikimake\outputs\makeup_video_search_wide\frames\frame_0001042008ms.png,C:\Users\mail\work\ikiikimake\outputs\makeup_video_search_wide\rois\frame_0001042008ms
frame_0001047013ms,1047.0126333333335,coarse,failed,,,,,,"Expected exactly one face passing confidence thresholds, found 0",C:\Users\mail\work\ikiikimake\outputs\makeup_video_search_wide\frames\frame_0001047013ms.png,C:\Users\mail\work\ikiikimake\outputs\makeup_video_search_wide\rois\frame_0001047013ms
frame_0001051984ms,1051.9842666666668,coarse,failed,,,,,,"Expected exactly one face passing confidence thresholds, found 0",C:\Users\mail\work\ikiikimake\outputs\makeup_video_search_wide\frames\frame_0001051984ms.png,C:\Users\mail\work\ikiikimake\outputs\makeup_video_search_wide\rois\frame_0001051984ms
frame_0001056989ms,1056.9892666666667,coarse,failed,23.089455799845524,-0.120842619766773,2.7391219535546774,88.03942813045009,0,face too small: 88.0 px (minimum 120),C:\Users\mail\work\ikiikimake\outputs\makeup_video_search_wide\frames\frame_0001056989ms.png,C:\Users\mail\work\ikiikimake\outputs\makeup_video_search_wide\rois\frame_0001056989ms
frame_0001061994ms,1061.9942666666668,coarse,failed,-0.9205542066106466,2.8952810206041937,6.71162912047056,91.18504426552045,1,face too small: 91.2 px (minimum 120),C:\Users\mail\work\ikiikimake\outputs\makeup_video_search_wide\frames\frame_0001061994ms.png,C:\Users\mail\work\ikiikimake\outputs\makeup_video_search_wide\rois\frame_0001061994ms
frame_0001066999ms,1066.9992666666667,coarse,failed,2.9410947555613753,0.9283982475000716,2.1159092997559683,88.46718225998201,1,face too small: 88.5 px (minimum 120),C:\Users\mail\work\ikiikimake\outputs\makeup_video_search_wide\frames\frame_0001066999ms.png,C:\Users\mail\work\ikiikimake\outputs\makeup_video_search_wide\rois\frame_0001066999ms
frame_0001068000ms,1068.0002666666667,refined,failed,12.941000527860611,-7.676931018481141,17.346792247126242,107.88470976921057,2,face too small: 107.9 px (minimum 120); left_cheek: suspected hand occlusion 100.0% (limit 2.0%); right_cheek: suspected hand occlusion 100.0% (limit 2.0%); forehead: suspected hand occlusion 90.0% (limit 2.0%),C:\Users\mail\work\ikiikimake\outputs\makeup_video_search_wide\frames\frame_0001068000ms.png,C:\Users\mail\work\ikiikimake\outputs\makeup_video_search_wide\rois\frame_0001068000ms
frame_0001069001ms,1069.0012666666667,refined,failed,13.893555965541589,18.797256410484138,29.52988346758128,67.46696982064982,1,face roll too large: 29.5 deg (limit 20); face too small: 67.5 px (minimum 120); right_cheek: too few pixels (68 < 100); left_cheek: suspected hand occlusion 24.3% (limit 2.0%); right_cheek: suspected hand occlusion 100.0% (limit 2.0%),C:\Users\mail\work\ikiikimake\outputs\makeup_video_search_wide\frames\frame_0001069001ms.png,C:\Users\mail\work\ikiikimake\outputs\makeup_video_search_wide\rois\frame_0001069001ms
frame_0001070002ms,1070.0022666666666,refined,needs_review,-6.919712138121523,2.445347182738601,4.773230655352809,288.5258497992421,0,,C:\Users\mail\work\ikiikimake\outputs\makeup_video_search_wide\frames\frame_0001070002ms.png,C:\Users\mail\work\ikiikimake\outputs\makeup_video_search_wide\rois\frame_0001070002ms
frame_0001071003ms,1071.0032666666666,refined,failed,-14.427366056312255,-0.9037910481011302,7.4863184217278125,287.99577238702176,1,left_cheek: suspected hand occlusion 51.2% (limit 2.0%); left_cheek: excessive clipped pixels 21.7%,C:\Users\mail\work\ikiikimake\outputs\makeup_video_search_wide\frames\frame_0001071003ms.png,C:\Users\mail\work\ikiikimake\outputs\makeup_video_search_wide\rois\frame_0001071003ms
frame_0001072004ms,1072.0042666666668,coarse,needs_review,-4.618787636355385,-1.9927788326330707,5.171781971744132,296.69185192425266,1,,C:\Users\mail\work\ikiikimake\outputs\makeup_video_search_wide\frames\frame_0001072004ms.png,C:\Users\mail\work\ikiikimake\outputs\makeup_video_search_wide\rois\frame_0001072004ms
frame_0001073005ms,1073.0052666666668,refined,failed,,,,,,"Expected exactly one face passing confidence thresholds, found 0",C:\Users\mail\work\ikiikimake\outputs\makeup_video_search_wide\frames\frame_0001073005ms.png,C:\Users\mail\work\ikiikimake\outputs\makeup_video_search_wide\rois\frame_0001073005ms
frame_0001074006ms,1074.0062666666668,refined,failed,,,,,,"Expected exactly one face passing confidence thresholds, found 0",C:\Users\mail\work\ikiikimake\outputs\makeup_video_search_wide\frames\frame_0001074006ms.png,C:\Users\mail\work\ikiikimake\outputs\makeup_video_search_wide\rois\frame_0001074006ms
frame_0001075007ms,1075.0072666666667,refined,failed,,,,,,"Expected exactly one face passing confidence thresholds, found 0",C:\Users\mail\work\ikiikimake\outputs\makeup_video_search_wide\frames\frame_0001075007ms.png,C:\Users\mail\work\ikiikimake\outputs\makeup_video_search_wide\rois\frame_0001075007ms
frame_0001076008ms,1076.0082666666667,refined,failed,,,,,,"Expected exactly one face passing confidence thresholds, found 0",C:\Users\mail\work\ikiikimake\outputs\makeup_video_search_wide\frames\frame_0001076008ms.png,C:\Users\mail\work\ikiikimake\outputs\makeup_video_search_wide\rois\frame_0001076008ms
frame_0001077009ms,1077.0092666666667,coarse,failed,,,,,,"Expected exactly one face passing confidence thresholds, found 0",C:\Users\mail\work\ikiikimake\outputs\makeup_video_search_wide\frames\frame_0001077009ms.png,C:\Users\mail\work\ikiikimake\outputs\makeup_video_search_wide\rois\frame_0001077009ms
frame_0001082014ms,1082.0142666666668,coarse,failed,,,,,,"Expected exactly one face passing confidence thresholds, found 0",C:\Users\mail\work\ikiikimake\outputs\makeup_video_search_wide\frames\frame_0001082014ms.png,C:\Users\mail\work\ikiikimake\outputs\makeup_video_search_wide\rois\frame_0001082014ms
frame_0001086986ms,1086.9859000000001,coarse,failed,,,,,,"Expected exactly one face passing confidence thresholds, found 0",C:\Users\mail\work\ikiikimake\outputs\makeup_video_search_wide\frames\frame_0001086986ms.png,C:\Users\mail\work\ikiikimake\outputs\makeup_video_search_wide\rois\frame_0001086986ms
frame_0001091991ms,1091.9909,coarse,failed,,,,,,"Expected exactly one face passing confidence thresholds, found 0",C:\Users\mail\work\ikiikimake\outputs\makeup_video_search_wide\frames\frame_0001091991ms.png,C:\Users\mail\work\ikiikimake\outputs\makeup_video_search_wide\rois\frame_0001091991ms
frame_0001096996ms,1096.9959000000001,coarse,failed,1.3451068717567851,5.810191095144509,2.6824050094502585,621.6026270402318,0,right_cheek: polygon outside image (not clipped); forehead: polygon outside image (not clipped),C:\Users\mail\work\ikiikimake\outputs\makeup_video_search_wide\frames\frame_0001096996ms.png,C:\Users\mail\work\ikiikimake\outputs\makeup_video_search_wide\rois\frame_0001096996ms
frame_0001102001ms,1102.0009,coarse,failed,-2.1490466274058737,14.313899989686728,3.7767375557679284,88.2582355362435,0,face too small: 88.3 px (minimum 120),C:\Users\mail\work\ikiikimake\outputs\makeup_video_search_wide\frames\frame_0001102001ms.png,C:\Users\mail\work\ikiikimake\outputs\makeup_video_search_wide\rois\frame_0001102001ms
frame_0001107006ms,1107.0059,coarse,failed,1.388618801697974,6.112755728457692,1.8256796142859604,93.01140631428083,0,face too small: 93.0 px (minimum 120),C:\Users\mail\work\ikiikimake\outputs\makeup_video_search_wide\frames\frame_0001107006ms.png,C:\Users\mail\work\ikiikimake\outputs\makeup_video_search_wide\rois\frame_0001107006ms
frame_0001112011ms,1112.0109,coarse,failed,-19.85835803786309,-4.911209011075153,2.267916274226791,95.98796079644858,1,face too small: 96.0 px (minimum 120),C:\Users\mail\work\ikiikimake\outputs\makeup_video_search_wide\frames\frame_0001112011ms.png,C:\Users\mail\work\ikiikimake\outputs\makeup_video_search_wide\rois\frame_0001112011ms
frame_0001117016ms,1117.0159,coarse,failed,,,,,,"Expected exactly one face passing confidence thresholds, found 0",C:\Users\mail\work\ikiikimake\outputs\makeup_video_search_wide\frames\frame_0001117016ms.png,C:\Users\mail\work\ikiikimake\outputs\makeup_video_search_wide\rois\frame_0001117016ms
frame_0001121988ms,1121.9875333333334,coarse,failed,,,,,,"Expected exactly one face passing confidence thresholds, found 0",C:\Users\mail\work\ikiikimake\outputs\makeup_video_search_wide\frames\frame_0001121988ms.png,C:\Users\mail\work\ikiikimake\outputs\makeup_video_search_wide\rois\frame_0001121988ms
frame_0001126993ms,1126.9925333333333,coarse,failed,,,,,,"Expected exactly one face passing confidence thresholds, found 0",C:\Users\mail\work\ikiikimake\outputs\makeup_video_search_wide\frames\frame_0001126993ms.png,C:\Users\mail\work\ikiikimake\outputs\makeup_video_search_wide\rois\frame_0001126993ms
frame_0001131998ms,1131.9975333333334,coarse,failed,,,,,,"Expected exactly one face passing confidence thresholds, found 0",C:\Users\mail\work\ikiikimake\outputs\makeup_video_search_wide\frames\frame_0001131998ms.png,C:\Users\mail\work\ikiikimake\outputs\makeup_video_search_wide\rois\frame_0001131998ms
frame_0001137003ms,1137.0025333333333,coarse,failed,,,,,,"Expected exactly one face passing confidence thresholds, found 0",C:\Users\mail\work\ikiikimake\outputs\makeup_video_search_wide\frames\frame_0001137003ms.png,C:\Users\mail\work\ikiikimake\outputs\makeup_video_search_wide\rois\frame_0001137003ms
frame_0001142008ms,1142.0075333333334,coarse,failed,,,,,,"Expected exactly one face passing confidence thresholds, found 0",C:\Users\mail\work\ikiikimake\outputs\makeup_video_search_wide\frames\frame_0001142008ms.png,C:\Users\mail\work\ikiikimake\outputs\makeup_video_search_wide\rois\frame_0001142008ms
frame_0001147013ms,1147.0125333333333,coarse,failed,,,,,,"Expected exactly one face passing confidence thresholds, found 0",C:\Users\mail\work\ikiikimake\outputs\makeup_video_search_wide\frames\frame_0001147013ms.png,C:\Users\mail\work\ikiikimake\outputs\makeup_video_search_wide\rois\frame_0001147013ms
frame_0001151984ms,1151.9841666666666,coarse,failed,,,,,,"Expected exactly one face passing confidence thresholds, found 0",C:\Users\mail\work\ikiikimake\outputs\makeup_video_search_wide\frames\frame_0001151984ms.png,C:\Users\mail\work\ikiikimake\outputs\makeup_video_search_wide\rois\frame_0001151984ms
frame_0001156989ms,1156.9891666666667,coarse,failed,,,,,,"Expected exactly one face passing confidence thresholds, found 0",C:\Users\mail\work\ikiikimake\outputs\makeup_video_search_wide\frames\frame_0001156989ms.png,C:\Users\mail\work\ikiikimake\outputs\makeup_video_search_wide\rois\frame_0001156989ms
frame_0001161994ms,1161.9941666666666,coarse,failed,,,,,,"Expected exactly one face passing confidence thresholds, found 0",C:\Users\mail\work\ikiikimake\outputs\makeup_video_search_wide\frames\frame_0001161994ms.png,C:\Users\mail\work\ikiikimake\outputs\makeup_video_search_wide\rois\frame_0001161994ms
frame_0001166999ms,1166.9991666666667,coarse,failed,,,,,,"Expected exactly one face passing confidence thresholds, found 0",C:\Users\mail\work\ikiikimake\outputs\makeup_video_search_wide\frames\frame_0001166999ms.png,C:\Users\mail\work\ikiikimake\outputs\makeup_video_search_wide\rois\frame_0001166999ms
frame_0001172004ms,1172.0041666666668,coarse,failed,,,,,,"Expected exactly one face passing confidence thresholds, found 0",C:\Users\mail\work\ikiikimake\outputs\makeup_video_search_wide\frames\frame_0001172004ms.png,C:\Users\mail\work\ikiikimake\outputs\makeup_video_search_wide\rois\frame_0001172004ms
frame_0001177009ms,1177.0091666666667,coarse,failed,,,,,,"Expected exactly one face passing confidence thresholds, found 0",C:\Users\mail\work\ikiikimake\outputs\makeup_video_search_wide\frames\frame_0001177009ms.png,C:\Users\mail\work\ikiikimake\outputs\makeup_video_search_wide\rois\frame_0001177009ms
frame_0001182014ms,1182.0141666666668,coarse,failed,,,,,,"Expected exactly one face passing confidence thresholds, found 0",C:\Users\mail\work\ikiikimake\outputs\makeup_video_search_wide\frames\frame_0001182014ms.png,C:\Users\mail\work\ikiikimake\outputs\makeup_video_search_wide\rois\frame_0001182014ms
frame_0001186986ms,1186.9858000000002,coarse,failed,-30.415118066755255,1.1135659709728798,-10.090037908319688,83.5813470330453,2,face yaw too large: -30.4 deg (limit 25); face too small: 83.6 px (minimum 120),C:\Users\mail\work\ikiikimake\outputs\makeup_video_search_wide\frames\frame_0001186986ms.png,C:\Users\mail\work\ikiikimake\outputs\makeup_video_search_wide\rois\frame_0001186986ms
frame_0001191991ms,1191.9908,coarse,failed,-29.81969608541924,1.1179850177920923,-0.9512199853278278,82.57452364935831,1,face yaw too large: -29.8 deg (limit 25); face too small: 82.6 px (minimum 120),C:\Users\mail\work\ikiikimake\outputs\makeup_video_search_wide\frames\frame_0001191991ms.png,C:\Users\mail\work\ikiikimake\outputs\makeup_video_search_wide\rois\frame_0001191991ms
frame_0001196996ms,1196.9958000000001,coarse,failed,,,,,,"Expected exactly one face passing confidence thresholds, found 0",C:\Users\mail\work\ikiikimake\outputs\makeup_video_search_wide\frames\frame_0001196996ms.png,C:\Users\mail\work\ikiikimake\outputs\makeup_video_search_wide\rois\frame_0001196996ms
frame_0001202001ms,1202.0008,coarse,failed,,,,,,"Expected exactly one face passing confidence thresholds, found 0",C:\Users\mail\work\ikiikimake\outputs\makeup_video_search_wide\frames\frame_0001202001ms.png,C:\Users\mail\work\ikiikimake\outputs\makeup_video_search_wide\rois\frame_0001202001ms
frame_0001207006ms,1207.0058000000001,coarse,failed,0.5730366174563165,-0.1195855510998412,3.656511637088476,97.779427020149,0,face too small: 97.8 px (minimum 120),C:\Users\mail\work\ikiikimake\outputs\makeup_video_search_wide\frames\frame_0001207006ms.png,C:\Users\mail\work\ikiikimake\outputs\makeup_video_search_wide\rois\frame_0001207006ms
frame_0001212011ms,1212.0108,coarse,failed,2.638172574107968,1.6013960247927723,5.025689478119971,95.8596763774934,0,face too small: 95.9 px (minimum 120),C:\Users\mail\work\ikiikimake\outputs\makeup_video_search_wide\frames\frame_0001212011ms.png,C:\Users\mail\work\ikiikimake\outputs\makeup_video_search_wide\rois\frame_0001212011ms
frame_0001217016ms,1217.0158000000001,coarse,failed,2.9184709516127296,5.367635467315998,3.5182928832504574,96.81577319366413,0,face too small: 96.8 px (minimum 120),C:\Users\mail\work\ikiikimake\outputs\makeup_video_search_wide\frames\frame_0001217016ms.png,C:\Users\mail\work\ikiikimake\outputs\makeup_video_search_wide\rois\frame_0001217016ms
frame_0001221987ms,1221.9874333333335,coarse,failed,0.5339956169522923,7.340165595644483,4.198678779208743,89.36374323775858,2,face too small: 89.4 px (minimum 120),C:\Users\mail\work\ikiikimake\outputs\makeup_video_search_wide\frames\frame_0001221987ms.png,C:\Users\mail\work\ikiikimake\outputs\makeup_video_search_wide\rois\frame_0001221987ms
frame_0001226992ms,1226.9924333333333,coarse,failed,4.9856164794608295,0.20314386682726102,7.951805173840864,96.24510659148667,1,face too small: 96.2 px (minimum 120),C:\Users\mail\work\ikiikimake\outputs\makeup_video_search_wide\frames\frame_0001226992ms.png,C:\Users\mail\work\ikiikimake\outputs\makeup_video_search_wide\rois\frame_0001226992ms
frame_0001231997ms,1231.9974333333334,coarse,failed,0.1140097385173609,6.0433184045548725,4.291852657397661,92.17862586753046,1,face too small: 92.2 px (minimum 120),C:\Users\mail\work\ikiikimake\outputs\makeup_video_search_wide\frames\frame_0001231997ms.png,C:\Users\mail\work\ikiikimake\outputs\makeup_video_search_wide\rois\frame_0001231997ms
frame_0001237002ms,1237.0024333333333,coarse,failed,,,,,,"Expected exactly one face passing confidence thresholds, found 0",C:\Users\mail\work\ikiikimake\outputs\makeup_video_search_wide\frames\frame_0001237002ms.png,C:\Users\mail\work\ikiikimake\outputs\makeup_video_search_wide\rois\frame_0001237002ms
frame_0001242007ms,1242.0074333333334,coarse,failed,,,,,,"Expected exactly one face passing confidence thresholds, found 0",C:\Users\mail\work\ikiikimake\outputs\makeup_video_search_wide\frames\frame_0001242007ms.png,C:\Users\mail\work\ikiikimake\outputs\makeup_video_search_wide\rois\frame_0001242007ms
frame_0001247012ms,1247.0124333333333,coarse,failed,,,,,,"Expected exactly one face passing confidence thresholds, found 0",C:\Users\mail\work\ikiikimake\outputs\makeup_video_search_wide\frames\frame_0001247012ms.png,C:\Users\mail\work\ikiikimake\outputs\makeup_video_search_wide\rois\frame_0001247012ms
frame_0001251984ms,1251.9840666666666,coarse,failed,,,,,,"Expected exactly one face passing confidence thresholds, found 0",C:\Users\mail\work\ikiikimake\outputs\makeup_video_search_wide\frames\frame_0001251984ms.png,C:\Users\mail\work\ikiikimake\outputs\makeup_video_search_wide\rois\frame_0001251984ms
frame_0001256989ms,1256.9890666666668,coarse,failed,,,,,,"Expected exactly one face passing confidence thresholds, found 0",C:\Users\mail\work\ikiikimake\outputs\makeup_video_search_wide\frames\frame_0001256989ms.png,C:\Users\mail\work\ikiikimake\outputs\makeup_video_search_wide\rois\frame_0001256989ms
frame_0001261994ms,1261.9940666666666,coarse,failed,,,,,,"Expected exactly one face passing confidence thresholds, found 0",C:\Users\mail\work\ikiikimake\outputs\makeup_video_search_wide\frames\frame_0001261994ms.png,C:\Users\mail\work\ikiikimake\outputs\makeup_video_search_wide\rois\frame_0001261994ms
frame_0001266999ms,1266.9990666666667,coarse,failed,,,,,,"Expected exactly one face passing confidence thresholds, found 0",C:\Users\mail\work\ikiikimake\outputs\makeup_video_search_wide\frames\frame_0001266999ms.png,C:\Users\mail\work\ikiikimake\outputs\makeup_video_search_wide\rois\frame_0001266999ms
frame_0001272004ms,1272.0040666666666,coarse,failed,-14.716300620401832,4.541874603001177,-1.6292924379189528,416.83316066685353,1,right_cheek: polygon outside image (not clipped),C:\Users\mail\work\ikiikimake\outputs\makeup_video_search_wide\frames\frame_0001272004ms.png,C:\Users\mail\work\ikiikimake\outputs\makeup_video_search_wide\rois\frame_0001272004ms
frame_0001277009ms,1277.0090666666667,coarse,failed,,,,,,"Expected exactly one face passing confidence thresholds, found 0",C:\Users\mail\work\ikiikimake\outputs\makeup_video_search_wide\frames\frame_0001277009ms.png,C:\Users\mail\work\ikiikimake\outputs\makeup_video_search_wide\rois\frame_0001277009ms
frame_0001282014ms,1282.0140666666666,coarse,failed,,,,,,"Expected exactly one face passing confidence thresholds, found 0",C:\Users\mail\work\ikiikimake\outputs\makeup_video_search_wide\frames\frame_0001282014ms.png,C:\Users\mail\work\ikiikimake\outputs\makeup_video_search_wide\rois\frame_0001282014ms
frame_0001286986ms,1286.9857,coarse,failed,-4.409409534376722,-3.9393772443082513,-1.0013853790174159,92.7809402372091,1,face too small: 92.8 px (minimum 120),C:\Users\mail\work\ikiikimake\outputs\makeup_video_search_wide\frames\frame_0001286986ms.png,C:\Users\mail\work\ikiikimake\outputs\makeup_video_search_wide\rois\frame_0001286986ms
frame_0001291991ms,1291.9907,coarse,failed,0.16678807889116629,5.357771430556822,12.359390947171038,97.80985116852979,0,face too small: 97.8 px (minimum 120),C:\Users\mail\work\ikiikimake\outputs\makeup_video_search_wide\frames\frame_0001291991ms.png,C:\Users\mail\work\ikiikimake\outputs\makeup_video_search_wide\rois\frame_0001291991ms
frame_0001296996ms,1296.9957000000002,coarse,failed,3.615054809108654,1.7922557329944613,4.42940130030555,93.42257244400601,1,face too small: 93.4 px (minimum 120),C:\Users\mail\work\ikiikimake\outputs\makeup_video_search_wide\frames\frame_0001296996ms.png,C:\Users\mail\work\ikiikimake\outputs\makeup_video_search_wide\rois\frame_0001296996ms
frame_0001302001ms,1302.0007,coarse,failed,,,,,,"Expected exactly one face passing confidence thresholds, found 0",C:\Users\mail\work\ikiikimake\outputs\makeup_video_search_wide\frames\frame_0001302001ms.png,C:\Users\mail\work\ikiikimake\outputs\makeup_video_search_wide\rois\frame_0001302001ms
frame_0001307006ms,1307.0057000000002,coarse,failed,,,,,,"Expected exactly one face passing confidence thresholds, found 0",C:\Users\mail\work\ikiikimake\outputs\makeup_video_search_wide\frames\frame_0001307006ms.png,C:\Users\mail\work\ikiikimake\outputs\makeup_video_search_wide\rois\frame_0001307006ms
frame_0001312011ms,1312.0107,coarse,failed,,,,,,"Expected exactly one face passing confidence thresholds, found 0",C:\Users\mail\work\ikiikimake\outputs\makeup_video_search_wide\frames\frame_0001312011ms.png,C:\Users\mail\work\ikiikimake\outputs\makeup_video_search_wide\rois\frame_0001312011ms
frame_0001317016ms,1317.0157000000002,coarse,failed,-1.8044005145716226,14.462653447397573,4.813274048461139,94.1271952994267,0,face too small: 94.1 px (minimum 120),C:\Users\mail\work\ikiikimake\outputs\makeup_video_search_wide\frames\frame_0001317016ms.png,C:\Users\mail\work\ikiikimake\outputs\makeup_video_search_wide\rois\frame_0001317016ms
frame_0001321987ms,1321.9873333333335,coarse,failed,3.8374985997107633,-3.264584602580588,3.4888501542587123,89.60688733010774,2,face too small: 89.6 px (minimum 120),C:\Users\mail\work\ikiikimake\outputs\makeup_video_search_wide\frames\frame_0001321987ms.png,C:\Users\mail\work\ikiikimake\outputs\makeup_video_search_wide\rois\frame_0001321987ms
frame_0001326992ms,1326.9923333333334,coarse,failed,2.0803784119803623,0.7469467107820338,4.222071260347417,93.76308821041935,1,face too small: 93.8 px (minimum 120),C:\Users\mail\work\ikiikimake\outputs\makeup_video_search_wide\frames\frame_0001326992ms.png,C:\Users\mail\work\ikiikimake\outputs\makeup_video_search_wide\rois\frame_0001326992ms
frame_0001331997ms,1331.9973333333335,coarse,failed,8.189923812205356,-0.267618789006916,7.1352809489696245,91.84635925627228,0,face too small: 91.8 px (minimum 120),C:\Users\mail\work\ikiikimake\outputs\makeup_video_search_wide\frames\frame_0001331997ms.png,C:\Users\mail\work\ikiikimake\outputs\makeup_video_search_wide\rois\frame_0001331997ms
frame_0001337002ms,1337.0023333333334,coarse,needs_review,-8.495039851060888,1.7634761815513504,0.9818371717152681,305.8642383442016,0,,C:\Users\mail\work\ikiikimake\outputs\makeup_video_search_wide\frames\frame_0001337002ms.png,C:\Users\mail\work\ikiikimake\outputs\makeup_video_search_wide\rois\frame_0001337002ms
frame_0001342007ms,1342.0073333333335,coarse,needs_review,-9.37572618508224,2.303419528725914,3.315442729953677,299.3603853020381,1,,C:\Users\mail\work\ikiikimake\outputs\makeup_video_search_wide\frames\frame_0001342007ms.png,C:\Users\mail\work\ikiikimake\outputs\makeup_video_search_wide\rois\frame_0001342007ms
frame_0001347012ms,1347.0123333333333,coarse,failed,-7.639482659160824,-0.31259730788813456,3.3760264199494654,303.99720636557464,0,forehead: polygon outside image (not clipped),C:\Users\mail\work\ikiikimake\outputs\makeup_video_search_wide\frames\frame_0001347012ms.png,C:\Users\mail\work\ikiikimake\outputs\makeup_video_search_wide\rois\frame_0001347012ms
frame_0001351984ms,1351.983966666667,coarse,needs_review,-8.61929092718112,4.281631941785536,3.9321931957561573,303.7879282800442,0,,C:\Users\mail\work\ikiikimake\outputs\makeup_video_search_wide\frames\frame_0001351984ms.png,C:\Users\mail\work\ikiikimake\outputs\makeup_video_search_wide\rois\frame_0001351984ms
frame_0001356989ms,1356.9889666666668,coarse,needs_review,0.112802351015661,8.418262636636305,7.738431942638572,282.60778074017605,0,,C:\Users\mail\work\ikiikimake\outputs\makeup_video_search_wide\frames\frame_0001356989ms.png,C:\Users\mail\work\ikiikimake\outputs\makeup_video_search_wide\rois\frame_0001356989ms
frame_0001361994ms,1361.9939666666667,coarse,needs_review,0.6041356742312579,5.146475411634211,6.753585013527593,299.108313656362,0,,C:\Users\mail\work\ikiikimake\outputs\makeup_video_search_wide\frames\frame_0001361994ms.png,C:\Users\mail\work\ikiikimake\outputs\makeup_video_search_wide\rois\frame_0001361994ms
frame_0001366999ms,1366.9989666666668,coarse,needs_review,4.637611730586765,6.411197275063648,8.27426168256794,283.6704428090021,0,,C:\Users\mail\work\ikiikimake\outputs\makeup_video_search_wide\frames\frame_0001366999ms.png,C:\Users\mail\work\ikiikimake\outputs\makeup_video_search_wide\rois\frame_0001366999ms
frame_0001372004ms,1372.0039666666667,coarse,needs_review,2.877151864622895,7.832371076089569,5.271004844509449,294.4236769775811,0,,C:\Users\mail\work\ikiikimake\outputs\makeup_video_search_wide\frames\frame_0001372004ms.png,C:\Users\mail\work\ikiikimake\outputs\makeup_video_search_wide\rois\frame_0001372004ms
frame_0001377009ms,1377.0089666666668,coarse,needs_review,3.1012697072930755,7.376047216194625,7.106771456282923,323.97044735963925,0,,C:\Users\mail\work\ikiikimake\outputs\makeup_video_search_wide\frames\frame_0001377009ms.png,C:\Users\mail\work\ikiikimake\outputs\makeup_video_search_wide\rois\frame_0001377009ms
frame_0001382014ms,1382.0139666666666,coarse,needs_review,2.0149302548547086,6.922981336015239,6.512700992160959,315.2243327837309,0,,C:\Users\mail\work\ikiikimake\outputs\makeup_video_search_wide\frames\frame_0001382014ms.png,C:\Users\mail\work\ikiikimake\outputs\makeup_video_search_wide\rois\frame_0001382014ms
frame_0001386986ms,1386.9856000000002,coarse,needs_review,2.80027463795132,6.996099923510379,7.489794434520872,333.91567241583505,0,,C:\Users\mail\work\ikiikimake\outputs\makeup_video_search_wide\frames\frame_0001386986ms.png,C:\Users\mail\work\ikiikimake\outputs\makeup_video_search_wide\rois\frame_0001386986ms
frame_0001391991ms,1391.9906,coarse,needs_review,1.8427634956614338,6.06759589344804,8.827837197454555,326.25575909598126,0,,C:\Users\mail\work\ikiikimake\outputs\makeup_video_search_wide\frames\frame_0001391991ms.png,C:\Users\mail\work\ikiikimake\outputs\makeup_video_search_wide\rois\frame_0001391991ms
frame_0001396996ms,1396.9956,coarse,needs_review,5.974903936934418,10.320225993943199,6.290858542667556,356.9013981615956,0,,C:\Users\mail\work\ikiikimake\outputs\makeup_video_search_wide\frames\frame_0001396996ms.png,C:\Users\mail\work\ikiikimake\outputs\makeup_video_search_wide\rois\frame_0001396996ms
frame_0001402001ms,1402.0006,coarse,needs_review,-1.0858368500942295,7.448096020250406,7.263793784252471,325.27383734752596,0,,C:\Users\mail\work\ikiikimake\outputs\makeup_video_search_wide\frames\frame_0001402001ms.png,C:\Users\mail\work\ikiikimake\outputs\makeup_video_search_wide\rois\frame_0001402001ms
frame_0001407006ms,1407.0056,coarse,needs_review,-0.2916714258483574,6.167378171056535,7.010804845259279,340.967151676686,0,,C:\Users\mail\work\ikiikimake\outputs\makeup_video_search_wide\frames\frame_0001407006ms.png,C:\Users\mail\work\ikiikimake\outputs\makeup_video_search_wide\rois\frame_0001407006ms
frame_0001412011ms,1412.0106,coarse,needs_review,-3.835076869344413,4.76899816203992,5.954591023423902,350.88140470639405,0,,C:\Users\mail\work\ikiikimake\outputs\makeup_video_search_wide\frames\frame_0001412011ms.png,C:\Users\mail\work\ikiikimake\outputs\makeup_video_search_wide\rois\frame_0001412011ms
frame_0001416982ms,1416.9822333333334,refined,needs_review,-1.7049188182795674,0.7710478110120609,6.517773265191008,348.11174804201534,0,,C:\Users\mail\work\ikiikimake\outputs\makeup_video_search_wide\frames\frame_0001416982ms.png,C:\Users\mail\work\ikiikimake\outputs\makeup_video_search_wide\rois\frame_0001416982ms
frame_0001417016ms,1417.0156000000002,coarse,needs_review,-2.3197500003892455,1.172241486040286,7.283716141575926,349.1064489279196,0,,C:\Users\mail\work\ikiikimake\outputs\makeup_video_search_wide\frames\frame_0001417016ms.png,C:\Users\mail\work\ikiikimake\outputs\makeup_video_search_wide\rois\frame_0001417016ms
frame_0001417983ms,1417.9832333333334,refined,needs_review,-2.3504062918247843,3.1999789208300156,6.865541564546779,342.00448057625624,0,,C:\Users\mail\work\ikiikimake\outputs\makeup_video_search_wide\frames\frame_0001417983ms.png,C:\Users\mail\work\ikiikimake\outputs\makeup_video_search_wide\rois\frame_0001417983ms
frame_0001418984ms,1418.9842333333333,refined,needs_review,-3.004489669002317,3.321365603921638,6.450791644334541,348.053921689728,0,,C:\Users\mail\work\ikiikimake\outputs\makeup_video_search_wide\frames\frame_0001418984ms.png,C:\Users\mail\work\ikiikimake\outputs\makeup_video_search_wide\rois\frame_0001418984ms
frame_0001419985ms,1419.9852333333333,refined,failed,4.4632095518637325,-0.8301539792778202,-1.735757448567326,358.5093802416961,0,forehead: polygon outside image (not clipped),C:\Users\mail\work\ikiikimake\outputs\makeup_video_search_wide\frames\frame_0001419985ms.png,C:\Users\mail\work\ikiikimake\outputs\makeup_video_search_wide\rois\frame_0001419985ms
frame_0001420986ms,1420.9862333333333,refined,needs_review,1.1030952495205892,-0.06264385229980532,3.208790456556547,290.5598480138708,0,,C:\Users\mail\work\ikiikimake\outputs\makeup_video_search_wide\frames\frame_0001420986ms.png,C:\Users\mail\work\ikiikimake\outputs\makeup_video_search_wide\rois\frame_0001420986ms
frame_0001421987ms,1421.9872333333335,coarse,needs_review,-1.6372811871967132,0.7325564730490192,4.123909695346445,284.9715029352006,0,,C:\Users\mail\work\ikiikimake\outputs\makeup_video_search_wide\frames\frame_0001421987ms.png,C:\Users\mail\work\ikiikimake\outputs\makeup_video_search_wide\rois\frame_0001421987ms
frame_0001422988ms,1422.9882333333335,refined,failed,-3.498476004121198,0.2500042515410533,3.911813683125342,277.70169751490005,1,left_cheek: suspected hand occlusion 95.2% (limit 2.0%); left_cheek: excessive clipped pixels 15.5%,C:\Users\mail\work\ikiikimake\outputs\makeup_video_search_wide\frames\frame_0001422988ms.png,C:\Users\mail\work\ikiikimake\outputs\makeup_video_search_wide\rois\frame_0001422988ms
frame_0001423989ms,1423.9892333333335,refined,failed,-2.0423283081162062,1.5345790114686928,4.4515493615566335,279.82228061607606,1,left_cheek: suspected hand occlusion 98.6% (limit 2.0%),C:\Users\mail\work\ikiikimake\outputs\makeup_video_search_wide\frames\frame_0001423989ms.png,C:\Users\mail\work\ikiikimake\outputs\makeup_video_search_wide\rois\frame_0001423989ms
frame_0001424990ms,1424.9902333333334,refined,needs_review,0.14768004261973933,6.071939335913956,12.579095598940272,282.8442948787295,0,,C:\Users\mail\work\ikiikimake\outputs\makeup_video_search_wide\frames\frame_0001424990ms.png,C:\Users\mail\work\ikiikimake\outputs\makeup_video_search_wide\rois\frame_0001424990ms
frame_0001425991ms,1425.9912333333334,refined,needs_review,-3.3125640212575918,1.590774091868315,6.52458581802491,279.36221779108985,0,,C:\Users\mail\work\ikiikimake\outputs\makeup_video_search_wide\frames\frame_0001425991ms.png,C:\Users\mail\work\ikiikimake\outputs\makeup_video_search_wide\rois\frame_0001425991ms
frame_0001426992ms,1426.9922333333334,coarse,needs_review,-8.902244524788236,0.00727636564784879,5.9911733032985595,270.14960875299755,0,,C:\Users\mail\work\ikiikimake\outputs\makeup_video_search_wide\frames\frame_0001426992ms.png,C:\Users\mail\work\ikiikimake\outputs\makeup_video_search_wide\rois\frame_0001426992ms
frame_0001431997ms,1431.9972333333335,coarse,needs_review,-5.70613701606528,-0.30483074265925275,5.1286259116033435,281.48721921373755,0,,C:\Users\mail\work\ikiikimake\outputs\makeup_video_search_wide\frames\frame_0001431997ms.png,C:\Users\mail\work\ikiikimake\outputs\makeup_video_search_wide\rois\frame_0001431997ms
frame_0001437002ms,1437.0022333333334,coarse,needs_review,-6.721562590971635,3.716213173747344,6.330950502900181,279.7451244946402,0,,C:\Users\mail\work\ikiikimake\outputs\makeup_video_search_wide\frames\frame_0001437002ms.png,C:\Users\mail\work\ikiikimake\outputs\makeup_video_search_wide\rois\frame_0001437002ms
frame_0001442007ms,1442.0072333333335,coarse,needs_review,-4.073534268345762,-1.4517087194857528,5.5309121919128055,285.3570550233727,0,,C:\Users\mail\work\ikiikimake\outputs\makeup_video_search_wide\frames\frame_0001442007ms.png,C:\Users\mail\work\ikiikimake\outputs\makeup_video_search_wide\rois\frame_0001442007ms
frame_0001447012ms,1447.0122333333334,coarse,needs_review,-2.038762507101373,0.9348054255520035,5.593392443426009,288.8097791710445,0,,C:\Users\mail\work\ikiikimake\outputs\makeup_video_search_wide\frames\frame_0001447012ms.png,C:\Users\mail\work\ikiikimake\outputs\makeup_video_search_wide\rois\frame_0001447012ms
frame_0001451984ms,1451.9838666666667,coarse,needs_review,-3.6894278430959724,3.7138179125061757,5.897840424870151,289.53057004897863,0,,C:\Users\mail\work\ikiikimake\outputs\makeup_video_search_wide\frames\frame_0001451984ms.png,C:\Users\mail\work\ikiikimake\outputs\makeup_video_search_wide\rois\frame_0001451984ms
frame_0001456989ms,1456.9888666666668,coarse,failed,-7.170134617545192,0.6868461826737989,3.2335536511076675,279.69755270129536,1,left_cheek: suspected hand occlusion 8.6% (limit 2.0%),C:\Users\mail\work\ikiikimake\outputs\makeup_video_search_wide\frames\frame_0001456989ms.png,C:\Users\mail\work\ikiikimake\outputs\makeup_video_search_wide\rois\frame_0001456989ms
frame_0001461994ms,1461.9938666666667,coarse,failed,-7.1958005358033255,-0.03772398345373309,3.218897825795425,275.90858142224283,1,left_cheek: suspected hand occlusion 91.3% (limit 2.0%),C:\Users\mail\work\ikiikimake\outputs\makeup_video_search_wide\frames\frame_0001461994ms.png,C:\Users\mail\work\ikiikimake\outputs\makeup_video_search_wide\rois\frame_0001461994ms
frame_0001466999ms,1466.9988666666668,coarse,needs_review,-3.1623489772533753,5.287641769676011,5.431904477252924,274.54570557062067,0,,C:\Users\mail\work\ikiikimake\outputs\makeup_video_search_wide\frames\frame_0001466999ms.png,C:\Users\mail\work\ikiikimake\outputs\makeup_video_search_wide\rois\frame_0001466999ms
frame_0001472004ms,1472.0038666666667,coarse,needs_review,-11.532263125523892,3.216406736822428,-1.0466262239516648,270.2042039056108,0,,C:\Users\mail\work\ikiikimake\outputs\makeup_video_search_wide\frames\frame_0001472004ms.png,C:\Users\mail\work\ikiikimake\outputs\makeup_video_search_wide\rois\frame_0001472004ms
frame_0001477009ms,1477.0088666666668,coarse,needs_review,-1.3652545771139843,0.24701068921893374,4.676787151639716,280.99654026316,1,,C:\Users\mail\work\ikiikimake\outputs\makeup_video_search_wide\frames\frame_0001477009ms.png,C:\Users\mail\work\ikiikimake\outputs\makeup_video_search_wide\rois\frame_0001477009ms
frame_0001478010ms,1478.0098666666668,refined,needs_review,-0.902461990470323,0.13421570425609156,4.636524489552497,286.4873146183398,1,,C:\Users\mail\work\ikiikimake\outputs\makeup_video_search_wide\frames\frame_0001478010ms.png,C:\Users\mail\work\ikiikimake\outputs\makeup_video_search_wide\rois\frame_0001478010ms
frame_0001479011ms,1479.0108666666667,refined,needs_review,-3.0148188688397743,-1.302136348260258,3.7001811145375347,287.0705234952495,1,,C:\Users\mail\work\ikiikimake\outputs\makeup_video_search_wide\frames\frame_0001479011ms.png,C:\Users\mail\work\ikiikimake\outputs\makeup_video_search_wide\rois\frame_0001479011ms
frame_0001480012ms,1480.0118666666667,refined,needs_review,-2.979733701840428,-0.16529605284975848,4.35046195028669,287.4873161989421,0,,C:\Users\mail\work\ikiikimake\outputs\makeup_video_search_wide\frames\frame_0001480012ms.png,C:\Users\mail\work\ikiikimake\outputs\makeup_video_search_wide\rois\frame_0001480012ms
frame_0001481013ms,1481.0128666666667,refined,needs_review,-7.788617561851601,1.1827162550889139,2.7282726799316768,280.8341383418952,0,,C:\Users\mail\work\ikiikimake\outputs\makeup_video_search_wide\frames\frame_0001481013ms.png,C:\Users\mail\work\ikiikimake\outputs\makeup_video_search_wide\rois\frame_0001481013ms
frame_0001482014ms,1482.0138666666667,coarse,needs_review,-6.264430524557479,4.604304790026904,2.60731269394084,267.19345992798884,0,,C:\Users\mail\work\ikiikimake\outputs\makeup_video_search_wide\frames\frame_0001482014ms.png,C:\Users\mail\work\ikiikimake\outputs\makeup_video_search_wide\rois\frame_0001482014ms
frame_0001483015ms,1483.0148666666666,refined,failed,-0.21281785524171226,-0.6175887685915985,2.0892945564603247,278.07273875122644,1,forehead: polygon outside image (not clipped); right_cheek: suspected hand occlusion 94.0% (limit 2.0%),C:\Users\mail\work\ikiikimake\outputs\makeup_video_search_wide\frames\frame_0001483015ms.png,C:\Users\mail\work\ikiikimake\outputs\makeup_video_search_wide\rois\frame_0001483015ms
frame_0001484016ms,1484.0158666666666,refined,failed,0.15029818032542044,-4.858691622483182,0.9692940573790166,262.13856010526405,1,forehead: polygon outside image (not clipped),C:\Users\mail\work\ikiikimake\outputs\makeup_video_search_wide\frames\frame_0001484016ms.png,C:\Users\mail\work\ikiikimake\outputs\makeup_video_search_wide\rois\frame_0001484016ms
frame_0001485017ms,1485.0168666666668,refined,failed,2.3234291524470674,-2.7563558927684952,1.8649992470047916,263.5508537416382,1,forehead: polygon outside image (not clipped),C:\Users\mail\work\ikiikimake\outputs\makeup_video_search_wide\frames\frame_0001485017ms.png,C:\Users\mail\work\ikiikimake\outputs\makeup_video_search_wide\rois\frame_0001485017ms
frame_0001486018ms,1486.0178666666668,refined,failed,-0.5247122978262886,-1.7463282619346143,3.20527920711804,265.80883139602315,1,forehead: polygon outside image (not clipped); right_cheek: suspected hand occlusion 26.3% (limit 2.0%),C:\Users\mail\work\ikiikimake\outputs\makeup_video_search_wide\frames\frame_0001486018ms.png,C:\Users\mail\work\ikiikimake\outputs\makeup_video_search_wide\rois\frame_0001486018ms
frame_0001486986ms,1486.9855,coarse,needs_review,-1.1891798132191307,-2.12681673888141,3.055327287997256,256.1767620106021,0,,C:\Users\mail\work\ikiikimake\outputs\makeup_video_search_wide\frames\frame_0001486986ms.png,C:\Users\mail\work\ikiikimake\outputs\makeup_video_search_wide\rois\frame_0001486986ms
frame_0001491990ms,1491.9905,coarse,needs_review,-1.6658133037240854,-0.2333525330373499,3.8185031638186038,264.84110469993516,1,,C:\Users\mail\work\ikiikimake\outputs\makeup_video_search_wide\frames\frame_0001491990ms.png,C:\Users\mail\work\ikiikimake\outputs\makeup_video_search_wide\rois\frame_0001491990ms
frame_0001496996ms,1496.9955,coarse,needs_review,-1.004190757782651,-0.7747571809673127,3.8742569314921864,262.43209544962576,1,,C:\Users\mail\work\ikiikimake\outputs\makeup_video_search_wide\frames\frame_0001496996ms.png,C:\Users\mail\work\ikiikimake\outputs\makeup_video_search_wide\rois\frame_0001496996ms
frame_0001497996ms,1497.9965,refined,needs_review,-1.007423840328615,-1.4809631708644324,4.003331271967027,263.7507278752719,1,,C:\Users\mail\work\ikiikimake\outputs\makeup_video_search_wide\frames\frame_0001497996ms.png,C:\Users\mail\work\ikiikimake\outputs\makeup_video_search_wide\rois\frame_0001497996ms
frame_0001498998ms,1498.9975000000002,refined,needs_review,-2.2558811404176415,-0.5484163020359023,5.420453891305898,262.84155693055334,1,,C:\Users\mail\work\ikiikimake\outputs\makeup_video_search_wide\frames\frame_0001498998ms.png,C:\Users\mail\work\ikiikimake\outputs\makeup_video_search_wide\rois\frame_0001498998ms
frame_0001499999ms,1499.9985000000001,refined,needs_review,-7.336777215340713,-1.3754883496535286,1.607701712624625,252.94016935972482,0,,C:\Users\mail\work\ikiikimake\outputs\makeup_video_search_wide\frames\frame_0001499999ms.png,C:\Users\mail\work\ikiikimake\outputs\makeup_video_search_wide\rois\frame_0001499999ms
frame_0001501000ms,1500.9995000000001,refined,needs_review,-6.345807232046356,-1.3503712363698224,4.41352953979496,260.564373695502,0,,C:\Users\mail\work\ikiikimake\outputs\makeup_video_search_wide\frames\frame_0001501000ms.png,C:\Users\mail\work\ikiikimake\outputs\makeup_video_search_wide\rois\frame_0001501000ms
frame_0001502000ms,1502.0005,coarse,needs_review,-1.959618711325757,0.860345681833732,4.106533478297048,260.29689406464206,0,,C:\Users\mail\work\ikiikimake\outputs\makeup_video_search_wide\frames\frame_0001502000ms.png,C:\Users\mail\work\ikiikimake\outputs\makeup_video_search_wide\rois\frame_0001502000ms
frame_0001503002ms,1503.0015,refined,needs_review,0.9327928299724464,0.29505686833297684,4.252473460679383,259.09977738449686,0,,C:\Users\mail\work\ikiikimake\outputs\makeup_video_search_wide\frames\frame_0001503002ms.png,C:\Users\mail\work\ikiikimake\outputs\makeup_video_search_wide\rois\frame_0001503002ms
frame_0001504002ms,1504.0025,refined,needs_review,0.8329405598226608,0.3769241684466513,4.628780673531634,259.9939475638564,1,,C:\Users\mail\work\ikiikimake\outputs\makeup_video_search_wide\frames\frame_0001504002ms.png,C:\Users\mail\work\ikiikimake\outputs\makeup_video_search_wide\rois\frame_0001504002ms
frame_0001505004ms,1505.0035,refined,needs_review,0.8598280333077213,0.8063528273775055,5.588911552046884,259.65959072898926,0,,C:\Users\mail\work\ikiikimake\outputs\makeup_video_search_wide\frames\frame_0001505004ms.png,C:\Users\mail\work\ikiikimake\outputs\makeup_video_search_wide\rois\frame_0001505004ms
frame_0001506004ms,1506.0045,refined,failed,10.98647344652431,3.4975373761834985,6.014539401234958,95.56470119000501,1,face too small: 95.6 px (minimum 120),C:\Users\mail\work\ikiikimake\outputs\makeup_video_search_wide\frames\frame_0001506004ms.png,C:\Users\mail\work\ikiikimake\outputs\makeup_video_search_wide\rois\frame_0001506004ms
frame_0001507006ms,1507.0055,coarse,failed,9.32136252630447,-1.6992202025539653,5.17442326291139,94.75050047221586,1,face too small: 94.8 px (minimum 120),C:\Users\mail\work\ikiikimake\outputs\makeup_video_search_wide\frames\frame_0001507006ms.png,C:\Users\mail\work\ikiikimake\outputs\makeup_video_search_wide\rois\frame_0001507006ms
frame_0001512010ms,1512.0105,coarse,failed,-11.32125899293729,8.567876586308506,3.5730810821007424,90.78347941838557,0,face too small: 90.8 px (minimum 120),C:\Users\mail\work\ikiikimake\outputs\makeup_video_search_wide\frames\frame_0001512010ms.png,C:\Users\mail\work\ikiikimake\outputs\makeup_video_search_wide\rois\frame_0001512010ms
frame_0001517016ms,1517.0155,coarse,failed,3.3962282853823806,6.453978625371901,4.632223092475143,91.88278065905261,1,face too small: 91.9 px (minimum 120),C:\Users\mail\work\ikiikimake\outputs\makeup_video_search_wide\frames\frame_0001517016ms.png,C:\Users\mail\work\ikiikimake\outputs\makeup_video_search_wide\rois\frame_0001517016ms
frame_0001521987ms,1521.9871333333333,coarse,failed,-4.3924143822326505,-4.236899369554558,5.238144224573222,279.31171076318805,1,left_cheek: suspected hand occlusion 100.0% (limit 2.0%),C:\Users\mail\work\ikiikimake\outputs\makeup_video_search_wide\frames\frame_0001521987ms.png,C:\Users\mail\work\ikiikimake\outputs\makeup_video_search_wide\rois\frame_0001521987ms
frame_0001526992ms,1526.9921333333334,coarse,needs_review,-2.7004277042599014,1.1937359931346991,4.938115930521234,260.4266761415896,1,,C:\Users\mail\work\ikiikimake\outputs\makeup_video_search_wide\frames\frame_0001526992ms.png,C:\Users\mail\work\ikiikimake\outputs\makeup_video_search_wide\rois\frame_0001526992ms
frame_0001531997ms,1531.9971333333333,coarse,needs_review,-3.024651170463596,2.9244759539698464,6.169323773552872,260.5548346525271,1,,C:\Users\mail\work\ikiikimake\outputs\makeup_video_search_wide\frames\frame_0001531997ms.png,C:\Users\mail\work\ikiikimake\outputs\makeup_video_search_wide\rois\frame_0001531997ms
frame_0001537002ms,1537.0021333333334,coarse,failed,-10.561332869300912,-2.8543807124151743,1.919511561813672,253.76796760387353,1,left_cheek: suspected hand occlusion 100.0% (limit 2.0%),C:\Users\mail\work\ikiikimake\outputs\makeup_video_search_wide\frames\frame_0001537002ms.png,C:\Users\mail\work\ikiikimake\outputs\makeup_video_search_wide\rois\frame_0001537002ms
frame_0001542007ms,1542.0071333333335,coarse,needs_review,-0.5129308594786586,0.7528959012330539,3.6210158605653726,263.74084046026286,1,,C:\Users\mail\work\ikiikimake\outputs\makeup_video_search_wide\frames\frame_0001542007ms.png,C:\Users\mail\work\ikiikimake\outputs\makeup_video_search_wide\rois\frame_0001542007ms
frame_0001547012ms,1547.0121333333334,coarse,needs_review,1.0082793617345782,-0.004082998979270327,4.997878060889665,250.88131392649655,0,,C:\Users\mail\work\ikiikimake\outputs\makeup_video_search_wide\frames\frame_0001547012ms.png,C:\Users\mail\work\ikiikimake\outputs\makeup_video_search_wide\rois\frame_0001547012ms
frame_0001551984ms,1551.9837666666667,coarse,failed,2.709294678483578,10.821330410404084,3.9724862505459604,93.73408423228688,0,face too small: 93.7 px (minimum 120),C:\Users\mail\work\ikiikimake\outputs\makeup_video_search_wide\frames\frame_0001551984ms.png,C:\Users\mail\work\ikiikimake\outputs\makeup_video_search_wide\rois\frame_0001551984ms
frame_0001556989ms,1556.9887666666668,coarse,failed,8.30170625440131,-3.16596672194286,1.1862049381459197,95.45875457864148,1,face too small: 95.5 px (minimum 120),C:\Users\mail\work\ikiikimake\outputs\makeup_video_search_wide\frames\frame_0001556989ms.png,C:\Users\mail\work\ikiikimake\outputs\makeup_video_search_wide\rois\frame_0001556989ms
frame_0001561994ms,1561.9937666666667,coarse,failed,2.8121887712987204,6.623464642131039,5.797009263911773,87.56115898985149,0,face too small: 87.6 px (minimum 120),C:\Users\mail\work\ikiikimake\outputs\makeup_video_search_wide\frames\frame_0001561994ms.png,C:\Users\mail\work\ikiikimake\outputs\makeup_video_search_wide\rois\frame_0001561994ms
frame_0001566999ms,1566.9987666666668,coarse,failed,-1.9850725805553968,10.057223152702699,3.1946255176100684,94.9172565356007,0,face too small: 94.9 px (minimum 120),C:\Users\mail\work\ikiikimake\outputs\makeup_video_search_wide\frames\frame_0001566999ms.png,C:\Users\mail\work\ikiikimake\outputs\makeup_video_search_wide\rois\frame_0001566999ms
frame_0001572004ms,1572.0037666666667,coarse,failed,13.280426862366697,4.287365540017265,2.3797597082761355,98.53441446230109,1,face too small: 98.5 px (minimum 120),C:\Users\mail\work\ikiikimake\outputs\makeup_video_search_wide\frames\frame_0001572004ms.png,C:\Users\mail\work\ikiikimake\outputs\makeup_video_search_wide\rois\frame_0001572004ms
frame_0001577009ms,1577.0087666666668,coarse,needs_review,0.6619949680250099,4.076377459207288,6.910188116599177,293.64936974827606,1,,C:\Users\mail\work\ikiikimake\outputs\makeup_video_search_wide\frames\frame_0001577009ms.png,C:\Users\mail\work\ikiikimake\outputs\makeup_video_search_wide\rois\frame_0001577009ms
frame_0001582014ms,1582.0137666666667,coarse,needs_review,-1.4049845326833643,4.899662010943037,5.339819827520832,293.98644689037684,1,,C:\Users\mail\work\ikiikimake\outputs\makeup_video_search_wide\frames\frame_0001582014ms.png,C:\Users\mail\work\ikiikimake\outputs\makeup_video_search_wide\rois\frame_0001582014ms
frame_0001586985ms,1586.9854,coarse,needs_review,-1.882768210621062,2.1956617710085164,2.848797403123905,300.92498869498365,1,,C:\Users\mail\work\ikiikimake\outputs\makeup_video_search_wide\frames\frame_0001586985ms.png,C:\Users\mail\work\ikiikimake\outputs\makeup_video_search_wide\rois\frame_0001586985ms
frame_0001591990ms,1591.9904000000001,coarse,needs_review,-1.9483609123682337,-1.8154589574421818,4.31463201452755,298.9209312668353,1,,C:\Users\mail\work\ikiikimake\outputs\makeup_video_search_wide\frames\frame_0001591990ms.png,C:\Users\mail\work\ikiikimake\outputs\makeup_video_search_wide\rois\frame_0001591990ms
frame_0001596995ms,1596.9954,coarse,needs_review,1.009157623470925,2.3124728902203677,5.868836909310732,297.10497350426544,1,,C:\Users\mail\work\ikiikimake\outputs\makeup_video_search_wide\frames\frame_0001596995ms.png,C:\Users\mail\work\ikiikimake\outputs\makeup_video_search_wide\rois\frame_0001596995ms
frame_0001597996ms,1597.9964,refined,needs_review,-2.2122422970865787,2.8508649711088125,6.305690833662673,292.93167964355354,1,,C:\Users\mail\work\ikiikimake\outputs\makeup_video_search_wide\frames\frame_0001597996ms.png,C:\Users\mail\work\ikiikimake\outputs\makeup_video_search_wide\rois\frame_0001597996ms
frame_0001598997ms,1598.9974,refined,needs_review,-0.5526535472420282,1.3274375731745145,5.846318944127938,300.19593929524154,1,,C:\Users\mail\work\ikiikimake\outputs\makeup_video_search_wide\frames\frame_0001598997ms.png,C:\Users\mail\work\ikiikimake\outputs\makeup_video_search_wide\rois\frame_0001598997ms
frame_0001599998ms,1599.9984000000002,refined,needs_review,-7.091649361029486,-0.2552827704063109,2.2132219804437963,291.72140229335207,0,,C:\Users\mail\work\ikiikimake\outputs\makeup_video_search_wide\frames\frame_0001599998ms.png,C:\Users\mail\work\ikiikimake\outputs\makeup_video_search_wide\rois\frame_0001599998ms
frame_0001600999ms,1600.9994000000002,refined,needs_review,-5.212755505212689,-0.8336786048211798,3.815007136230703,293.6714591111381,1,,C:\Users\mail\work\ikiikimake\outputs\makeup_video_search_wide\frames\frame_0001600999ms.png,C:\Users\mail\work\ikiikimake\outputs\makeup_video_search_wide\rois\frame_0001600999ms
frame_0001602000ms,1602.0004000000001,coarse,needs_review,-4.252193838154758,0.18438313044068516,3.481830926490706,293.8887666768999,0,,C:\Users\mail\work\ikiikimake\outputs\makeup_video_search_wide\frames\frame_0001602000ms.png,C:\Users\mail\work\ikiikimake\outputs\makeup_video_search_wide\rois\frame_0001602000ms
frame_0001603001ms,1603.0014,refined,failed,1.726079044814278,3.2437554072362054,3.5979365427443755,281.20618860033136,0,forehead: polygon outside image (not clipped),C:\Users\mail\work\ikiikimake\outputs\makeup_video_search_wide\frames\frame_0001603001ms.png,C:\Users\mail\work\ikiikimake\outputs\makeup_video_search_wide\rois\frame_0001603001ms
frame_0001604002ms,1604.0024,refined,needs_review,2.5659952514439195,1.9357039961459583,2.3366488561470384,278.2390271504699,0,,C:\Users\mail\work\ikiikimake\outputs\makeup_video_search_wide\frames\frame_0001604002ms.png,C:\Users\mail\work\ikiikimake\outputs\makeup_video_search_wide\rois\frame_0001604002ms
frame_0001605003ms,1605.0034,refined,needs_review,-0.13848518618943464,6.46869622115441,2.6742832054020096,273.8232331265667,0,,C:\Users\mail\work\ikiikimake\outputs\makeup_video_search_wide\frames\frame_0001605003ms.png,C:\Users\mail\work\ikiikimake\outputs\makeup_video_search_wide\rois\frame_0001605003ms
frame_0001606004ms,1606.0044,refined,failed,2.2292395232236273,13.866283683090066,2.052295103624855,92.93099527861439,0,face too small: 92.9 px (minimum 120),C:\Users\mail\work\ikiikimake\outputs\makeup_video_search_wide\frames\frame_0001606004ms.png,C:\Users\mail\work\ikiikimake\outputs\makeup_video_search_wide\rois\frame_0001606004ms
frame_0001607005ms,1607.0054,coarse,failed,2.911504577376154,-1.3275848852148209,3.534518419946389,90.01464108197881,0,face too small: 90.0 px (minimum 120),C:\Users\mail\work\ikiikimake\outputs\makeup_video_search_wide\frames\frame_0001607005ms.png,C:\Users\mail\work\ikiikimake\outputs\makeup_video_search_wide\rois\frame_0001607005ms
frame_0001612010ms,1612.0104000000001,coarse,failed,2.3935542795359215,1.2642804642647973,4.218315849459335,95.90012051626209,0,face too small: 95.9 px (minimum 120),C:\Users\mail\work\ikiikimake\outputs\makeup_video_search_wide\frames\frame_0001612010ms.png,C:\Users\mail\work\ikiikimake\outputs\makeup_video_search_wide\rois\frame_0001612010ms
frame_0001617015ms,1617.0154,coarse,failed,1.8682807704981597,-0.4339286525420708,3.3090869266454397,93.78928676445392,0,face too small: 93.8 px (minimum 120),C:\Users\mail\work\ikiikimake\outputs\makeup_video_search_wide\frames\frame_0001617015ms.png,C:\Users\mail\work\ikiikimake\outputs\makeup_video_search_wide\rois\frame_0001617015ms
frame_0001621987ms,1621.9870333333333,coarse,failed,1.2509960453326578,3.8739396802464836,4.741542102940411,95.7306723603128,0,face too small: 95.7 px (minimum 120),C:\Users\mail\work\ikiikimake\outputs\makeup_video_search_wide\frames\frame_0001621987ms.png,C:\Users\mail\work\ikiikimake\outputs\makeup_video_search_wide\rois\frame_0001621987ms
frame_0001626992ms,1626.9920333333334,coarse,failed,-20.970949557115595,-3.2362210876308546,2.6332093978238897,90.63127087496791,1,face too small: 90.6 px (minimum 120),C:\Users\mail\work\ikiikimake\outputs\makeup_video_search_wide\frames\frame_0001626992ms.png,C:\Users\mail\work\ikiikimake\outputs\makeup_video_search_wide\rois\frame_0001626992ms
frame_0001631997ms,1631.9970333333333,coarse,failed,2.6888225894253632,15.30716510891399,4.68925940546744,95.67383390886049,0,face too small: 95.7 px (minimum 120),C:\Users\mail\work\ikiikimake\outputs\makeup_video_search_wide\frames\frame_0001631997ms.png,C:\Users\mail\work\ikiikimake\outputs\makeup_video_search_wide\rois\frame_0001631997ms
frame_0001637002ms,1637.0020333333334,coarse,failed,-10.727972873313318,12.35184691498856,3.863719954606771,256.63895165159175,1,forehead: polygon outside image (not clipped),C:\Users\mail\work\ikiikimake\outputs\makeup_video_search_wide\frames\frame_0001637002ms.png,C:\Users\mail\work\ikiikimake\outputs\makeup_video_search_wide\rois\frame_0001637002ms
frame_0001642007ms,1642.0070333333333,coarse,failed,,,,,,"Expected exactly one face passing confidence thresholds, found 0",C:\Users\mail\work\ikiikimake\outputs\makeup_video_search_wide\frames\frame_0001642007ms.png,C:\Users\mail\work\ikiikimake\outputs\makeup_video_search_wide\rois\frame_0001642007ms
frame_0001647012ms,1647.0120333333334,coarse,failed,12.841621779672616,12.188261947935262,8.657181441556286,92.02133090182467,2,face too small: 92.0 px (minimum 120),C:\Users\mail\work\ikiikimake\outputs\makeup_video_search_wide\frames\frame_0001647012ms.png,C:\Users\mail\work\ikiikimake\outputs\makeup_video_search_wide\rois\frame_0001647012ms
frame_0001651984ms,1651.9836666666667,coarse,failed,10.772331473036997,7.788120081552405,4.788408635091787,89.9458809073942,1,face too small: 89.9 px (minimum 120),C:\Users\mail\work\ikiikimake\outputs\makeup_video_search_wide\frames\frame_0001651984ms.png,C:\Users\mail\work\ikiikimake\outputs\makeup_video_search_wide\rois\frame_0001651984ms
frame_0001656989ms,1656.9886666666666,coarse,failed,4.338495756534839,16.565382113526017,-0.46913441860304816,91.12726780655849,1,face too small: 91.1 px (minimum 120),C:\Users\mail\work\ikiikimake\outputs\makeup_video_search_wide\frames\frame_0001656989ms.png,C:\Users\mail\work\ikiikimake\outputs\makeup_video_search_wide\rois\frame_0001656989ms
frame_0001661994ms,1661.9936666666667,coarse,failed,39.38883988015856,-3.224037900362875,-3.952033832424773,141.28625776097584,1,face yaw too large: 39.4 deg (limit 25); forehead: excessive clipped pixels 16.2%,C:\Users\mail\work\ikiikimake\outputs\makeup_video_search_wide\frames\frame_0001661994ms.png,C:\Users\mail\work\ikiikimake\outputs\makeup_video_search_wide\rois\frame_0001661994ms
frame_0001666999ms,1666.9986666666668,coarse,needs_review,16.282276960261452,15.549109382062412,0.10747314999889872,236.66856802707406,0,,C:\Users\mail\work\ikiikimake\outputs\makeup_video_search_wide\frames\frame_0001666999ms.png,C:\Users\mail\work\ikiikimake\outputs\makeup_video_search_wide\rois\frame_0001666999ms
frame_0001672004ms,1672.0036666666667,coarse,failed,25.6044942161266,9.579662052181378,1.0081992626127356,271.944970540481,0,face yaw too large: 25.6 deg (limit 25); forehead: polygon outside image (not clipped),C:\Users\mail\work\ikiikimake\outputs\makeup_video_search_wide\frames\frame_0001672004ms.png,C:\Users\mail\work\ikiikimake\outputs\makeup_video_search_wide\rois\frame_0001672004ms
frame_0001677009ms,1677.0086666666668,coarse,needs_review,11.462824783651069,15.18504496253458,0.8986718258784685,310.79135873446927,0,,C:\Users\mail\work\ikiikimake\outputs\makeup_video_search_wide\frames\frame_0001677009ms.png,C:\Users\mail\work\ikiikimake\outputs\makeup_video_search_wide\rois\frame_0001677009ms
frame_0001682014ms,1682.0136666666667,coarse,failed,25.781354944913197,8.746765312615057,2.623667202020798,255.4783803763626,0,face yaw too large: 25.8 deg (limit 25); forehead: polygon outside image (not clipped),C:\Users\mail\work\ikiikimake\outputs\makeup_video_search_wide\frames\frame_0001682014ms.png,C:\Users\mail\work\ikiikimake\outputs\makeup_video_search_wide\rois\frame_0001682014ms
frame_0001686985ms,1686.9853,coarse,failed,34.22602521810407,1.892096178135338,2.7232952754978434,221.86238299648363,0,face yaw too large: 34.2 deg (limit 25); forehead: polygon outside image (not clipped),C:\Users\mail\work\ikiikimake\outputs\makeup_video_search_wide\frames\frame_0001686985ms.png,C:\Users\mail\work\ikiikimake\outputs\makeup_video_search_wide\rois\frame_0001686985ms
frame_0001691990ms,1691.9903,coarse,failed,,,,,,"Expected exactly one face passing confidence thresholds, found 0",C:\Users\mail\work\ikiikimake\outputs\makeup_video_search_wide\frames\frame_0001691990ms.png,C:\Users\mail\work\ikiikimake\outputs\makeup_video_search_wide\rois\frame_0001691990ms
frame_0001696995ms,1696.9953,coarse,failed,59.610256666436264,-4.164617390727355,-6.22025929639908,118.45622933669164,0,face yaw too large: 59.6 deg (limit 25); face too small: 118.5 px (minimum 120); forehead: polygon outside image (not clipped),C:\Users\mail\work\ikiikimake\outputs\makeup_video_search_wide\frames\frame_0001696995ms.png,C:\Users\mail\work\ikiikimake\outputs\makeup_video_search_wide\rois\frame_0001696995ms
frame_0001702000ms,1702.0003000000002,coarse,failed,,,,,,"Expected exactly one face passing confidence thresholds, found 0",C:\Users\mail\work\ikiikimake\outputs\makeup_video_search_wide\frames\frame_0001702000ms.png,C:\Users\mail\work\ikiikimake\outputs\makeup_video_search_wide\rois\frame_0001702000ms
frame_0001707005ms,1707.0053,coarse,failed,22.425982839423867,0.9586166301347319,0.1644108698810414,280.1304401551451,0,forehead: polygon outside image (not clipped),C:\Users\mail\work\ikiikimake\outputs\makeup_video_search_wide\frames\frame_0001707005ms.png,C:\Users\mail\work\ikiikimake\outputs\makeup_video_search_wide\rois\frame_0001707005ms
frame_0001712010ms,1712.0103000000001,coarse,failed,6.7123441970373605,-0.9368404466036675,10.736404919189933,93.95986901143941,1,face too small: 94.0 px (minimum 120),C:\Users\mail\work\ikiikimake\outputs\makeup_video_search_wide\frames\frame_0001712010ms.png,C:\Users\mail\work\ikiikimake\outputs\makeup_video_search_wide\rois\frame_0001712010ms
frame_0001717015ms,1717.0153,coarse,failed,-3.040017592926333,13.01823928293501,7.473981454483567,92.18462064153037,0,face too small: 92.2 px (minimum 120),C:\Users\mail\work\ikiikimake\outputs\makeup_video_search_wide\frames\frame_0001717015ms.png,C:\Users\mail\work\ikiikimake\outputs\makeup_video_search_wide\rois\frame_0001717015ms
frame_0001721987ms,1721.9869333333334,coarse,failed,14.58752409329173,-2.0710734242978392,4.344994555444692,84.86956263102496,1,face too small: 84.9 px (minimum 120),C:\Users\mail\work\ikiikimake\outputs\makeup_video_search_wide\frames\frame_0001721987ms.png,C:\Users\mail\work\ikiikimake\outputs\makeup_video_search_wide\rois\frame_0001721987ms
frame_0001726992ms,1726.9919333333332,coarse,failed,7.734234868104232,-5.43606844633049,4.601864417202614,89.65382341856503,2,face too small: 89.7 px (minimum 120),C:\Users\mail\work\ikiikimake\outputs\makeup_video_search_wide\frames\frame_0001726992ms.png,C:\Users\mail\work\ikiikimake\outputs\makeup_video_search_wide\rois\frame_0001726992ms
frame_0001731997ms,1731.9969333333333,coarse,failed,4.770134017791233,-2.354068766781067,5.889609108288396,91.98184964214973,2,face too small: 92.0 px (minimum 120),C:\Users\mail\work\ikiikimake\outputs\makeup_video_search_wide\frames\frame_0001731997ms.png,C:\Users\mail\work\ikiikimake\outputs\makeup_video_search_wide\rois\frame_0001731997ms
frame_0001737002ms,1737.0019333333335,coarse,failed,5.2261170095608005,11.032026204956637,6.321540410133646,91.83479255392767,2,face too small: 91.8 px (minimum 120),C:\Users\mail\work\ikiikimake\outputs\makeup_video_search_wide\frames\frame_0001737002ms.png,C:\Users\mail\work\ikiikimake\outputs\makeup_video_search_wide\rois\frame_0001737002ms
frame_0001742007ms,1742.0069333333333,coarse,failed,2.1159287456651303,-0.9505749122361838,4.577816006500684,92.53741527196463,2,face too small: 92.5 px (minimum 120),C:\Users\mail\work\ikiikimake\outputs\makeup_video_search_wide\frames\frame_0001742007ms.png,C:\Users\mail\work\ikiikimake\outputs\makeup_video_search_wide\rois\frame_0001742007ms
frame_0001747012ms,1747.0119333333334,coarse,failed,56.314341547028306,-14.558908213602912,-12.20829975542797,39.303491059879455,2,face yaw too large: 56.3 deg (limit 25); face too small: 39.3 px (minimum 120); forehead: too few pixels (39 < 100),C:\Users\mail\work\ikiikimake\outputs\makeup_video_search_wide\frames\frame_0001747012ms.png,C:\Users\mail\work\ikiikimake\outputs\makeup_video_search_wide\rois\frame_0001747012ms
frame_0001751984ms,1751.9835666666668,coarse,failed,15.93781350356788,-2.01586239429616,0.33318199937636234,290.80817643877083,0,forehead: polygon outside image (not clipped),C:\Users\mail\work\ikiikimake\outputs\makeup_video_search_wide\frames\frame_0001751984ms.png,C:\Users\mail\work\ikiikimake\outputs\makeup_video_search_wide\rois\frame_0001751984ms
frame_0001756989ms,1756.9885666666667,coarse,failed,11.864873194155054,0.5667639741207927,3.1328759031110374,303.01608692820224,0,forehead: polygon outside image (not clipped),C:\Users\mail\work\ikiikimake\outputs\makeup_video_search_wide\frames\frame_0001756989ms.png,C:\Users\mail\work\ikiikimake\outputs\makeup_video_search_wide\rois\frame_0001756989ms
frame_0001761994ms,1761.9935666666665,coarse,failed,11.413047892780327,1.5657985414347617,2.9120163059892628,306.77852661835004,0,forehead: polygon outside image (not clipped),C:\Users\mail\work\ikiikimake\outputs\makeup_video_search_wide\frames\frame_0001761994ms.png,C:\Users\mail\work\ikiikimake\outputs\makeup_video_search_wide\rois\frame_0001761994ms
frame_0001766999ms,1766.9985666666666,coarse,failed,9.85160333844404,1.210568023398125,3.828997841846553,368.7352290544033,0,forehead: polygon outside image (not clipped),C:\Users\mail\work\ikiikimake\outputs\makeup_video_search_wide\frames\frame_0001766999ms.png,C:\Users\mail\work\ikiikimake\outputs\makeup_video_search_wide\rois\frame_0001766999ms
frame_0001772004ms,1772.0035666666668,coarse,failed,,,,,,"Expected exactly one face passing confidence thresholds, found 0",C:\Users\mail\work\ikiikimake\outputs\makeup_video_search_wide\frames\frame_0001772004ms.png,C:\Users\mail\work\ikiikimake\outputs\makeup_video_search_wide\rois\frame_0001772004ms
frame_0001777009ms,1777.0085666666666,coarse,failed,21.804865311941338,4.4479170614494175,7.842934041523805,297.9067119451629,1,forehead: polygon outside image (not clipped),C:\Users\mail\work\ikiikimake\outputs\makeup_video_search_wide\frames\frame_0001777009ms.png,C:\Users\mail\work\ikiikimake\outputs\makeup_video_search_wide\rois\frame_0001777009ms
frame_0001782014ms,1782.0135666666667,coarse,failed,27.152138833227763,2.6836306450080647,8.827200447863175,268.81255167326026,0,face yaw too large: 27.2 deg (limit 25); forehead: polygon outside image (not clipped),C:\Users\mail\work\ikiikimake\outputs\makeup_video_search_wide\frames\frame_0001782014ms.png,C:\Users\mail\work\ikiikimake\outputs\makeup_video_search_wide\rois\frame_0001782014ms
frame_0001786985ms,1786.9852,coarse,failed,,,,,,"Expected exactly one face passing confidence thresholds, found 0",C:\Users\mail\work\ikiikimake\outputs\makeup_video_search_wide\frames\frame_0001786985ms.png,C:\Users\mail\work\ikiikimake\outputs\makeup_video_search_wide\rois\frame_0001786985ms
frame_0001791990ms,1791.9902000000002,coarse,failed,14.014036951307302,0.7705701484031536,14.610600638275372,352.88845813784496,0,forehead: polygon outside image (not clipped),C:\Users\mail\work\ikiikimake\outputs\makeup_video_search_wide\frames\frame_0001791990ms.png,C:\Users\mail\work\ikiikimake\outputs\makeup_video_search_wide\rois\frame_0001791990ms
frame_0001796995ms,1796.9951999999998,coarse,failed,,,,,,"Expected exactly one face passing confidence thresholds, found 0",C:\Users\mail\work\ikiikimake\outputs\makeup_video_search_wide\frames\frame_0001796995ms.png,C:\Users\mail\work\ikiikimake\outputs\makeup_video_search_wide\rois\frame_0001796995ms
frame_0001802000ms,1802.0002000000002,coarse,needs_review,17.953269931148903,-9.716508855441164,-8.757640027800088,264.13683911339365,0,,C:\Users\mail\work\ikiikimake\outputs\makeup_video_search_wide\frames\frame_0001802000ms.png,C:\Users\mail\work\ikiikimake\outputs\makeup_video_search_wide\rois\frame_0001802000ms
frame_0001807005ms,1807.0052,coarse,failed,,,,,,"Expected exactly one face passing confidence thresholds, found 0",C:\Users\mail\work\ikiikimake\outputs\makeup_video_search_wide\frames\frame_0001807005ms.png,C:\Users\mail\work\ikiikimake\outputs\makeup_video_search_wide\rois\frame_0001807005ms
frame_0001812010ms,1812.0102000000002,coarse,failed,12.674282498848422,-4.107915666556441,4.666186059912195,296.7334354119122,1,forehead: polygon outside image (not clipped),C:\Users\mail\work\ikiikimake\outputs\makeup_video_search_wide\frames\frame_0001812010ms.png,C:\Users\mail\work\ikiikimake\outputs\makeup_video_search_wide\rois\frame_0001812010ms
frame_0001817015ms,1817.0152,coarse,failed,7.057214640510935,-3.297887309876936,6.532163004584932,300.5461894574432,1,forehead: polygon outside image (not clipped),C:\Users\mail\work\ikiikimake\outputs\makeup_video_search_wide\frames\frame_0001817015ms.png,C:\Users\mail\work\ikiikimake\outputs\makeup_video_search_wide\rois\frame_0001817015ms
frame_0001821987ms,1821.9868333333334,coarse,failed,16.356463931629495,15.934338378417635,8.854005247971545,256.5341926673885,0,forehead: polygon outside image (not clipped),C:\Users\mail\work\ikiikimake\outputs\makeup_video_search_wide\frames\frame_0001821987ms.png,C:\Users\mail\work\ikiikimake\outputs\makeup_video_search_wide\rois\frame_0001821987ms
frame_0001826992ms,1826.9918333333335,coarse,failed,-4.841637572493235,-1.96937106701946,1.2929058420156063,297.9364114788693,0,forehead: polygon outside image (not clipped),C:\Users\mail\work\ikiikimake\outputs\makeup_video_search_wide\frames\frame_0001826992ms.png,C:\Users\mail\work\ikiikimake\outputs\makeup_video_search_wide\rois\frame_0001826992ms
frame_0001831997ms,1831.9968333333331,coarse,failed,-6.995223647811206,-7.267446627922847,3.8533785555962,86.9105829809512,2,face too small: 86.9 px (minimum 120),C:\Users\mail\work\ikiikimake\outputs\makeup_video_search_wide\frames\frame_0001831997ms.png,C:\Users\mail\work\ikiikimake\outputs\makeup_video_search_wide\rois\frame_0001831997ms
frame_0001837002ms,1837.0018333333335,coarse,failed,-5.863286953627678,-10.19498408269254,-1.5221464932285473,237.80472992089304,1,right_cheek: suspected hand occlusion 35.3% (limit 2.0%),C:\Users\mail\work\ikiikimake\outputs\makeup_video_search_wide\frames\frame_0001837002ms.png,C:\Users\mail\work\ikiikimake\outputs\makeup_video_search_wide\rois\frame_0001837002ms
frame_0001842007ms,1842.0068333333334,coarse,failed,-13.988257569619963,-8.87937978354505,0.1486107443696005,242.14704723256733,1,right_cheek: suspected hand occlusion 3.9% (limit 2.0%),C:\Users\mail\work\ikiikimake\outputs\makeup_video_search_wide\frames\frame_0001842007ms.png,C:\Users\mail\work\ikiikimake\outputs\makeup_video_search_wide\rois\frame_0001842007ms
frame_0001847012ms,1847.0118333333335,coarse,failed,-6.297935315270854,-7.415323600335035,1.2855519978931746,240.14597299125046,1,right_cheek: suspected hand occlusion 59.6% (limit 2.0%),C:\Users\mail\work\ikiikimake\outputs\makeup_video_search_wide\frames\frame_0001847012ms.png,C:\Users\mail\work\ikiikimake\outputs\makeup_video_search_wide\rois\frame_0001847012ms
frame_0001851983ms,1851.9834666666668,coarse,needs_review,-12.733102230263272,-10.81390185295815,3.475483009821148,224.081462575714,1,,C:\Users\mail\work\ikiikimake\outputs\makeup_video_search_wide\frames\frame_0001851983ms.png,C:\Users\mail\work\ikiikimake\outputs\makeup_video_search_wide\rois\frame_0001851983ms
frame_0001856988ms,1856.9884666666667,coarse,failed,0.06535922032923515,8.708784255580571,7.213695526818242,89.54954636875794,0,face too small: 89.5 px (minimum 120),C:\Users\mail\work\ikiikimake\outputs\makeup_video_search_wide\frames\frame_0001856988ms.png,C:\Users\mail\work\ikiikimake\outputs\makeup_video_search_wide\rois\frame_0001856988ms
frame_0001861993ms,1861.9934666666668,coarse,failed,,,,,,"Expected exactly one face passing confidence thresholds, found 0",C:\Users\mail\work\ikiikimake\outputs\makeup_video_search_wide\frames\frame_0001861993ms.png,C:\Users\mail\work\ikiikimake\outputs\makeup_video_search_wide\rois\frame_0001861993ms
frame_0001866998ms,1866.9984666666664,coarse,failed,-9.23051303298406,7.5200835192702025,-4.507502462373816,243.81786781503686,1,forehead: polygon outside image (not clipped),C:\Users\mail\work\ikiikimake\outputs\makeup_video_search_wide\frames\frame_0001866998ms.png,C:\Users\mail\work\ikiikimake\outputs\makeup_video_search_wide\rois\frame_0001866998ms
frame_0001872003ms,1872.0034666666668,coarse,failed,-9.275758311057357,16.18057809029209,0.6720815369475336,266.70065170669824,1,forehead: polygon outside image (not clipped),C:\Users\mail\work\ikiikimake\outputs\makeup_video_search_wide\frames\frame_0001872003ms.png,C:\Users\mail\work\ikiikimake\outputs\makeup_video_search_wide\rois\frame_0001872003ms
frame_0001877008ms,1877.0084666666667,coarse,failed,-12.972858672901136,18.28219362427539,2.955077038337088,246.30874496844902,0,forehead: polygon outside image (not clipped),C:\Users\mail\work\ikiikimake\outputs\makeup_video_search_wide\frames\frame_0001877008ms.png,C:\Users\mail\work\ikiikimake\outputs\makeup_video_search_wide\rois\frame_0001877008ms
frame_0001882013ms,1882.0134666666668,coarse,failed,2.2492148760264423,1.318037379088791,19.394585789517002,93.46274645344944,1,face too small: 93.5 px (minimum 120),C:\Users\mail\work\ikiikimake\outputs\makeup_video_search_wide\frames\frame_0001882013ms.png,C:\Users\mail\work\ikiikimake\outputs\makeup_video_search_wide\rois\frame_0001882013ms
frame_0001886985ms,1886.9851,coarse,failed,1.110500000297895,3.361492279938944,5.572789491388143,95.66523836515886,0,face too small: 95.7 px (minimum 120),C:\Users\mail\work\ikiikimake\outputs\makeup_video_search_wide\frames\frame_0001886985ms.png,C:\Users\mail\work\ikiikimake\outputs\makeup_video_search_wide\rois\frame_0001886985ms
frame_0001891990ms,1891.9901,coarse,failed,1.7171359691557442,1.5301999183576638,5.762791029198182,87.04593707644605,2,face too small: 87.0 px (minimum 120),C:\Users\mail\work\ikiikimake\outputs\makeup_video_search_wide\frames\frame_0001891990ms.png,C:\Users\mail\work\ikiikimake\outputs\makeup_video_search_wide\rois\frame_0001891990ms
frame_0001896995ms,1896.9951,coarse,failed,,,,,,"Expected exactly one face passing confidence thresholds, found 0",C:\Users\mail\work\ikiikimake\outputs\makeup_video_search_wide\frames\frame_0001896995ms.png,C:\Users\mail\work\ikiikimake\outputs\makeup_video_search_wide\rois\frame_0001896995ms
